internship_id,profile,role_type,seniority,location_normalized,stipend_min,stipend_max,education_normalized
2025WSHP0001,Marketing,marketing,entry-level / student,Bangalore,15000,25000,Any
2025WSHP0002,Online Geography Faculty For School Kids.,online geography faculty for school kids.,entry-level / student,Remote,6000,9000,Any
2025WSHP0003,Video Editing/Making,video editing/making,entry-level / student,Noida,6000,8000,Any
2025WSHP0004,Digital Marketing,marketing,entry-level / student,Bangalore,15000,20000,Any
2025WSHP0005,Client Servicing,client servicing,entry-level / student,Mumbai,10000,15000,Any
2025WSHP0006,Audio Description (Music Background),audio description (music background),entry-level / student,Remote,6000,12000,Any
2025WSHP0007,Telecalling,telecalling,entry-level / student,Noida,5000,8000,Any
2025WSHP0008,New Initiative,new initiative,entry-level / student,Bangalore,20000,30000,Any
2025WSHP0009,Human Resources (HR),human resources (hr),entry-level / student,Delhi,5000,5001,Any
2025WSHP0010,Video Editor,video editor,entry-level / student,Noida,8000,12000,Any
2025WSHP0011,Fashion Design,design,entry-level / student,Mumbai,3000,3000,Any
2025WSHP0012,Field Sales,field sales,entry-level / student,Hyderabad,12000,25000,Any
2025WSHP0013,Marketing,marketing,entry-level / student,Bangalore,30000,50000,Any
2025WSHP0014,E-commerce Executive,e-commerce executive,entry-level / student,Delhi,4500,5501,Any
2025WSHP0015,Video Editing & Graphic Designing,design,entry-level / student,Delhi,5000,15000,Any
2025WSHP0016,Front End Development,front end development,entry-level / student,Mumbai,10000,15000,Any
2025WSHP0017,Social Media Content Creator- Video,marketing,entry-level / student,Kolkata,6000,12000,Any
2025WSHP0018,Financial Accountant,financial accountant,entry-level / student,Gurgaon,3000,7000,Any
2025WSHP0019,Field Sales,field sales,entry-level / student,Chennai,30000,40000,Any
2025WSHP0020,Telecalling,telecalling,entry-level / student,Mumbai,10000,15000,Any
2025WSHP0021,Content Writing,content writing,entry-level / student,Thane,10000,12000,Any
2025WSHP0022,Customer Service/Customer Support,customer service/customer support,entry-level / student,Thane,10000,10001,Any
2025WSHP0023,Human Resources (HR),human resources (hr),entry-level / student,Mumbai,6000,10000,Any
2025WSHP0024,AI Product-Solutions,machine learning / ai,entry-level / student,Pune,10000,30000,MBA
2025WSHP0025,Partnerships And Vendor Onboarding,partnerships and vendor onboarding,entry-level / student,Bangalore,8000,10000,Any
2025WSHP0026,Digital Marketing,marketing,entry-level / student,Thane,3000,10000,Any
2025WSHP0027,Content Making,content making,entry-level / student,Remote,20000,65000,Any
2025WSHP0028,Interim Engineering Intern (Hardware),interim engineering intern (hardware),entry-level / student,Hyderabad,0,0,Any
2025WSHP0029,Content Writing,content writing,entry-level / student,Delhi,4000,8000,Any
2025WSHP0030,Online Research Methodology Tutor,online research methodology tutor,entry-level / student,Remote,1000,8000,Any
2025WSHP0031,Graphic Design & Video Editing,design,entry-level / student,Remote,5000,20000,Any
2025WSHP0032,Video Editing/Making,video editing/making,entry-level / student,Bangalore,20000,25000,Any
2025WSHP0033,Sales & Operations,sales & operations,entry-level / student,Mumbai,10000,10000,Any
2025WSHP0034,Social Media Marketing,marketing,entry-level / student,Mumbai,2000,15000,Any
2025WSHP0035,Social Media,marketing,entry-level / student,Mumbai,8000,15000,Any
2025WSHP0036,Nothing,nothing,entry-level / student,Not Available,0,0,Any
2025WSHP0037,Accounting & Tally,accounting & tally,entry-level / student,Mumbai,8000,15000,Any
2025WSHP0038,Telemarketing (Female),marketing,entry-level / student,Delhi,10000,15000,Any
2025WSHP0039,Market Intelligence & Client Engagement Associate,market intelligence & client engagement associate,entry-level / student,Bangalore,5000,15000,MBA
2025WSHP0040,3D Developer,3d developer,entry-level / student,Chennai,12000,15000,Any
2025WSHP0041,Associate Child Psychologist (Trainee),machine learning / ai,entry-level / student,Noida,9000,10000,Any
2025WSHP0042,Embedded Engineer (IOT),embedded engineer (iot),entry-level / student,Hyderabad,11000,14000,Any
2025WSHP0043,Social Sector,social sector,entry-level / student,Bangalore,15000,20000,Any
2025WSHP0044,Embedded Systems,embedded systems,entry-level / student,Chennai,20000,35000,Any
2025WSHP0045,Community Manager,community manager,entry-level / student,Remote,0,0,Any
2025WSHP0046,E-commerce Product Listing (Amazon & Flipkart),e-commerce product listing (amazon & flipkart),entry-level / student,Pune,2000,2000,Any
2025WSHP0047,Marketing,marketing,entry-level / student,Remote,2000,20000,Any
2025WSHP0048,Search Engine Optimization (SEO),marketing,entry-level / student,Delhi,3000,8000,Any
2025WSHP0049,Apprentice - Technology Associate,apprentice - technology associate,entry-level / student,Gurgaon,15000,18000,B.Tech
2025WSHP0050,E-Commerce Sales,e-commerce sales,entry-level / student,Remote,6000,13000,MBA
2025WSHP0051,Mechanical Engineering,mechanical engineering,entry-level / student,Pune,12000,14000,Diploma
2025WSHP0052,Influencer Marketing,marketing,entry-level / student,Mumbai,5000,12000,Any
2025WSHP0053,Nothing,nothing,entry-level / student,Not Available,0,0,Any
2025WSHP0054,HR (Hiring Support),hr (hiring support),entry-level / student,Noida,6000,11000,Any
2025WSHP0055,Accounts,accounts,entry-level / student,Kolkata,10000,15000,Any
2025WSHP0056,Video Editing/Making,video editing/making,entry-level / student,Delhi,4000,6000,Any
2025WSHP0057,Business Development (Sales),business development (sales),entry-level / student,Gurgaon,14500,23000,Any
2025WSHP0058,Business Development (Sales),business development (sales),entry-level / student,Remote,2000,5000,Any
2025WSHP0059,Video Editing/Making,video editing/making,entry-level / student,Chennai,8000,10000,Any
2025WSHP0060,Field Sales,field sales,entry-level / student,Chennai,10000,10000,Any
2025WSHP0061,Telecalling,telecalling,entry-level / student,Kolkata,10000,15000,Any
2025WSHP0062,College Representative (Marketing),marketing,entry-level / student,Remote,3000,16000,Any
2025WSHP0063,Content Writing,content writing,entry-level / student,Gurgaon,10000,15000,Any
2025WSHP0064,Graphic Design,design,entry-level / student,Mumbai,3000,5000,Any
2025WSHP0065,SEO Marketing,marketing,entry-level / student,Bangalore,25000,25000,Any
2025WSHP0066,Software Development,software development,entry-level / student,Noida,15000,15000,Any
2025WSHP0067,Game Designer,design,entry-level / student,Remote,15000,30000,Any
2025WSHP0068,E-commerce Amazon Listing Management,e-commerce amazon listing management,entry-level / student,Gurgaon,7000,10000,Any
2025WSHP0069,React Native Development,mobile development,entry-level / student,Remote,8000,12000,Any
2025WSHP0070,Telecalling,telecalling,entry-level / student,Remote,10000,12000,Any
2025WSHP0071,Backend Development,backend development,entry-level / student,Remote,12000,12000,Any
2025WSHP0072,Film Production,film production,entry-level / student,Remote,0,0,Any
2025WSHP0073,Operations,operations,entry-level / student,Chennai,10000,150000,Any
2025WSHP0074,Fashion Design And Merchandising,design,entry-level / student,Remote,2000,6000,Any
2025WSHP0075,Data Science,data science / analytics,entry-level / student,Remote,5000,10000,Any
2025WSHP0076,Event Management,event management,entry-level / student,Dehradun,10000,31000,Any
2025WSHP0077,sales,sales,entry-level / student,Thane,10000,15000,Any
2025WSHP0078,Business Development (Sales),business development (sales),entry-level / student,Aurangabad,2000,7000,Any
2025WSHP0079,Graphic Design,design,entry-level / student,Chennai,5000,5000,Any
2025WSHP0080,Full Stack Development,full stack development,entry-level / student,Remote,10000,10000,Any
2025WSHP0081,Voiceover Content Creation,voiceover content creation,entry-level / student,Remote,2000,5000,Any
2025WSHP0082,Graphic Design,design,entry-level / student,Bangalore,13000,19000,Any
2025WSHP0083,Interior Designer,design,entry-level / student,Ahmedabad,15000,25000,Any
2025WSHP0084,Project Management,project management,entry-level / student,Remote,0,0,Any
2025WSHP0085,Business Development (Sales),business development (sales),entry-level / student,Remote,3000,22000,Any
2025WSHP0086,AI Agent Development,machine learning / ai,entry-level / student,Chennai,30000,40000,Any
2025WSHP0087,Community Manager,community manager,entry-level / student,Mumbai,8500,15000,Any
2025WSHP0088,Human Resources (HR),human resources (hr),entry-level / student,Noida,6000,18000,Any
2025WSHP0089,Business Development (Sales),business development (sales),entry-level / student,Delhi,3000,8000,Any
2025WSHP0090,Partnerships & Outreach,partnerships & outreach,entry-level / student,Bhubaneswar,8000,15000,Any
2025WSHP0091,Event Management,event management,entry-level / student,Delhi,6000,7000,Any
2025WSHP0092,N8N Automation,n8n automation,entry-level / student,Remote,5000,5000,Any
2025WSHP0093,Business Development (Sales),business development (sales),entry-level / student,Remote,10000,30000,Any
2025WSHP0094,sales,sales,entry-level / student,Pune,4000,5000,Any
2025WSHP0095,Business Development (Sales),business development (sales),entry-level / student,Vasai,6000,15000,Any
2025WSHP0096,E-Commerce Listing,e-commerce listing,entry-level / student,Jaipur,3000,5000,Any
2025WSHP0097,Business Development (Sales),business development (sales),entry-level / student,Mumbai,10000,15000,Any
2025WSHP0098,Educational Consultant,educational consultant,entry-level / student,Noida,15000,19000,Any
2025WSHP0099,AI Ninja,machine learning / ai,entry-level / student,Gurgaon,12000,12000,Any
2025WSHP0100,SEO,marketing,entry-level / student,Remote,3000,3000,Any
2025WSHP0101,Social Media,marketing,entry-level / student,Remote,5000,10000,Any
2025WSHP0102,Business Development (Sales),business development (sales),entry-level / student,Noida,10000,12000,Any
2025WSHP0103,Senior Design Intern,design,senior / experienced,Mumbai,7000,12000,Any
2025WSHP0104,Junior Legal Researcher,junior legal researcher,entry-level / student,Remote,10000,10000,Any
2025WSHP0105,Social Media Marketing,marketing,entry-level / student,Remote,1000,1500,Any
2025WSHP0106,Accounts,accounts,entry-level / student,Thane,8000,10000,MBA
2025WSHP0107,Marketing - Offline And Online Marketing,marketing,entry-level / student,Mumbai,25000,70000,Any
2025WSHP0108,Human Resources (HR),human resources (hr),entry-level / student,Ranchi,2000,5000,Any
2025WSHP0109,Business Development (Sales),business development (sales),entry-level / student,Gurgaon,10000,10000,Any
2025WSHP0110,Content and Social Media Marketing,marketing,entry-level / student,Bangalore,10000,110000,Any
2025WSHP0111,Hospitality,hospitality,entry-level / student,Bandra,12000,20000,Any
2025WSHP0112,Field Sales Executive,field sales executive,entry-level / student,Hyderabad,18000,23000,Any
2025WSHP0113,Client Servicing,client servicing,entry-level / student,Delhi,16000,18500,Diploma
2025WSHP0114,Software Development,software development,entry-level / student,Chennai,5000,10000,Any
2025WSHP0115,Video Editing/Making,video editing/making,entry-level / student,Remote,5000,7000,Any
2025WSHP0116,Brand Management,brand management,entry-level / student,Bangalore,8000,10000,Any
2025WSHP0117,Project Management,project management,entry-level / student,Hyderabad,7000,10000,Any
2025WSHP0118,Human Resources (HR),human resources (hr),entry-level / student,Noida,5000,5000,Any
2025WSHP0119,Meta Ads Manager,meta ads manager,entry-level / student,Remote,2000,10000,Any
2025WSHP0120,Founders Office,founders office,entry-level / student,Delhi,2000,2000,Any
2025WSHP0121,Business Development,business development,entry-level / student,Bangalore,12000,15000,Any
2025WSHP0122,Marketing,marketing,entry-level / student,Bangalore,6000,8000,Any
2025WSHP0123,Recruitment,frontend development,entry-level / student,Remote,0,0,Any
2025WSHP0124,E-Commerce,e-commerce,entry-level / student,Chennai,30000,40000,Any
2025WSHP0125,Student Ambassador,student ambassador,entry-level / student,Remote,10000,20000,Any
2025WSHP0126,Field Sales,field sales,entry-level / student,Pune,27000,45000,Any
2025WSHP0127,Marketing,marketing,entry-level / student,Delhi,25000,25000,Any
2025WSHP0128,Nothing,nothing,entry-level / student,Not Available,0,0,Any
2025WSHP0129,Nothing,nothing,entry-level / student,Not Available,0,0,Any
2025WSHP0130,Campus Ambassador,campus ambassador,entry-level / student,Remote,0,0,Any
2025WSHP0131,Graphic Design,design,entry-level / student,Mumbai,20000,40000,Any
2025WSHP0132,Content and Social Media Marketing,marketing,entry-level / student,Delhi,6000,15000,Any
2025WSHP0133,Digital Marketing,marketing,entry-level / student,Remote,6000,40000,Any
2025WSHP0134,Associate – Software Consulting & Solutions,associate – software consulting & solutions,entry-level / student,Mumbai,15000,25000,MBA
2025WSHP0135,UX/UI Design,frontend development,entry-level / student,Hyderabad,5000,10000,Any
2025WSHP0136,HR Coordinator,hr coordinator,entry-level / student,Remote,0,0,Any
2025WSHP0137,Recruitment,frontend development,entry-level / student,Remote,5000,10000,Any
2025WSHP0138,Content and Social Media Marketing,marketing,entry-level / student,Mumbai,8000,10000,Any
2025WSHP0139,Business Development (Sales),business development (sales),entry-level / student,Remote,7000,10000,Any
2025WSHP0140,Social Sector Marketing,marketing,entry-level / student,Remote,1500,15000,Any
2025WSHP0141,Social Media (LinkedIn) Marketing,marketing,entry-level / student,Remote,2000,5000,Any
2025WSHP0142,Human Resources (HR),human resources (hr),entry-level / student,Mumbai,8000,12000,Any
2025WSHP0143,Spatial Design,design,entry-level / student,Pune,5000,10000,Any
2025WSHP0144,Marketing,marketing,entry-level / student,Mumbai,10000,12000,Any
2025WSHP0145,Social Media Marketing(Female),marketing,entry-level / student,Jaipur,5000,8000,Any
2025WSHP0146,Sales and Marketing,marketing,entry-level / student,Mumbai,15000,20000,Any
2025WSHP0147,Law/Legal,law/legal,entry-level / student,Remote,0,0,Any
2025WSHP0148,Embedded Systems,embedded systems,entry-level / student,Delhi,11000,16000,Any
2025WSHP0149,Data Analytics,data analytics,entry-level / student,Remote,15000,25000,Any
2025WSHP0150,Content Writing,content writing,entry-level / student,Pune,5000,15000,Any
2025WSHP0151,AI Tutor,machine learning / ai,entry-level / student,Remote,4500,7000,Any
2025WSHP0152,Client Servicing,client servicing,entry-level / student,Mumbai,3100,6500,Any
2025WSHP0153,Relationship Trainee,machine learning / ai,entry-level / student,Delhi,10700,17000,Any
2025WSHP0154,Hand Written Notes Creation,hand written notes creation,entry-level / student,Delhi,4500,12000,Any
2025WSHP0155,Social Media Marketing,marketing,entry-level / student,Mumbai,14000,14000,Any
2025WSHP0156,Inside Sales,inside sales,entry-level / student,Hyderabad,15000,20000,Any
2025WSHP0157,Event Management,event management,entry-level / student,Ghaziabad,5000,6000,Any
2025WSHP0158,Video Editing/Making,video editing/making,entry-level / student,Ghaziabad,5000,8000,Any
2025WSHP0159,Architecture,architecture,senior / experienced,Delhi,8000,10000,Any
2025WSHP0160,Baker,baker,entry-level / student,Pune,5000,12000,Any
2025WSHP0161,Digital Ads,digital ads,entry-level / student,Remote,5000,5000,Any
2025WSHP0162,Partnerships & Outreach,partnerships & outreach,entry-level / student,Bhubaneswar,8000,15000,Any
2025WSHP0163,Political Research & Social Media Associate,marketing,entry-level / student,Remote,0,0,Any
2025WSHP0164,Marketing,marketing,entry-level / student,Bangalore,7000,18000,Any
2025WSHP0165,UI/UX Design,frontend development,entry-level / student,Remote,5000,10000,Any
2025WSHP0166,Full Stack Developer – Webbook & Tracking Integration,full stack development,entry-level / student,Remote,3000,4500,Any
2025WSHP0167,Sales and Marketing,marketing,entry-level / student,Remote,4000,5000,Any
2025WSHP0168,Store Fashion Consultant,store fashion consultant,entry-level / student,Hyderabad,9000,10000,Any
2025WSHP0169,Experience Partners (Sales),experience partners (sales),entry-level / student,Chennai,10000,20000,Any
2025WSHP0170,Business Development (Sales),business development (sales),entry-level / student,Remote,5000,7000,Any
2025WSHP0171,Graphic Design,design,entry-level / student,Noida,10000,15000,Any
2025WSHP0172,Civil Engineering,civil engineering,entry-level / student,Chennai,20000,35000,Any
2025WSHP0173,Travel Consultant (Females Only),travel consultant (females only),entry-level / student,Faridabad,3000,20000,Any
2025WSHP0174,Business Development (Sales),business development (sales),entry-level / student,Mumbai,10000,14000,Any
2025WSHP0175,Content and Social Media Marketing,marketing,entry-level / student,Remote,1500,1500,Any
2025WSHP0176,AI Prompt Creation Specialist,machine learning / ai,entry-level / student,Remote,3000,6000,Any
2025WSHP0177,Content and Social Media Marketing,marketing,entry-level / student,Remote,4000,7000,Any
2025WSHP0178,Content and Social Media Marketing,marketing,entry-level / student,Gurgaon,10000,15000,MBA
2025WSHP0179,Recommendation Systems Engineer (Backend/ML),backend development,entry-level / student,Remote,13000,15000,Any
2025WSHP0180,Sales Associate,sales associate,entry-level / student,Remote,5000,25000,Any
2025WSHP0181,Graphic Design,design,entry-level / student,Delhi,5000,10000,Any
2025WSHP0182,Android App Development,mobile development,entry-level / student,Remote,20000,50000,Any
2025WSHP0183,Digital Marketing,marketing,entry-level / student,Hyderabad,9000,14000,Any
2025WSHP0184,Outbound Process,outbound process,entry-level / student,Thane,9500,10000,Any
2025WSHP0185,Udaan Intern – Analyst,udaan intern – analyst,entry-level / student,Bangalore,0,0,Any
2025WSHP0186,Content Writing,content writing,entry-level / student,Noida,8000,10000,Any
2025WSHP0187,Influencer Marketing,marketing,entry-level / student,Jaipur,5000,6000,Any
2025WSHP0188,Content and Social Media Marketing,marketing,entry-level / student,Delhi,5000,10000,MBA
2025WSHP0189,Human Resources (HR),human resources (hr),entry-level / student,Delhi,8000,10000,Any
2025WSHP0190,Telecalling,telecalling,entry-level / student,Gurgaon,8000,15000,Any
2025WSHP0191,Digital Marketing,marketing,entry-level / student,Delhi,10000,15000,Any
2025WSHP0192,Business Development (Sales),business development (sales),entry-level / student,Remote,2500,3000,Any
2025WSHP0193,Supply Chain,machine learning / ai,entry-level / student,Pune,2000,3000,Any
2025WSHP0194,Digital Marketing,marketing,entry-level / student,Remote,0,0,Any
2025WSHP0195,Account Manager,account manager,entry-level / student,Mumbai,5000,10000,Any
2025WSHP0196,Social Media,marketing,entry-level / student,Remote,2000,2000,Any
2025WSHP0197,UI/UX Design,frontend development,entry-level / student,Remote,10000,15000,Any
2025WSHP0198,Graphic Design,design,entry-level / student,Bangalore,10000,15000,Any
2025WSHP0199,Back Office Executive,back office executive,entry-level / student,Thane,9000,10000,Any
2025WSHP0200,Content and Social Media Marketing,marketing,entry-level / student,Delhi,5000,5000,Any
2025WSHP0201,Handbag Product,handbag product,entry-level / student,Gurgaon,10000,12000,Any
2025WSHP0202,Market Research,market research,entry-level / student,Noida,7000,10000,Any
2025WSHP0203,International Sales,international sales,entry-level / student,Remote,5000,7000,Any
2025WSHP0204,Marketing,marketing,entry-level / student,Chennai,5000,15000,Any
2025WSHP0205,Project Technician,project technician,entry-level / student,Mumbai,10000,12000,Diploma
2025WSHP0206,Partnership Associate,partnership associate,entry-level / student,Chennai,5000,10000,Any
2025WSHP0207,Digital Marketing,marketing,entry-level / student,Pune,5000,6000,Any
2025WSHP0208,Clickup App Management,clickup app management,entry-level / student,Remote,0,0,Any
2025WSHP0209,Content and Social Media Marketing,marketing,entry-level / student,Remote,2000,3000,Any
2025WSHP0210,International Business Development,international business development,entry-level / student,Remote,2000,5000,Any
2025WSHP0211,Business Development (Sales),business development (sales),entry-level / student,Delhi,18000,30000,Any
2025WSHP0212,E-Commerce Catalog Management,e-commerce catalog management,entry-level / student,Remote,0,0,Any
2025WSHP0213,Script Writer,script writer,entry-level / student,Remote,10000,10000,Any
2025WSHP0214,Graphic Design,design,entry-level / student,Remote,3000,6000,Any
2025WSHP0215,Human Resources (HR),human resources (hr),entry-level / student,Gurgaon,12000,15000,Any
2025WSHP0216,Financial Accountant,financial accountant,entry-level / student,Gurgaon,5000,15000,Any
2025WSHP0217,Front End Development,front end development,entry-level / student,Remote,1000,1200,Diploma
2025WSHP0218,Interior Design,design,entry-level / student,Mumbai,20000,30000,Any
2025WSHP0219,Sales and Marketing,marketing,entry-level / student,Mumbai,18000,20000,Any
2025WSHP0220,Social Media Marketing,marketing,entry-level / student,Remote,6000,8000,Any
2025WSHP0221,Manufacturing Engineering,manufacturing engineering,entry-level / student,Chennai,30000,40000,Any
2025WSHP0222,Lead Generation,lead generation,senior / experienced,Remote,8000,10000,Any
2025WSHP0223,Content and Social Media Marketing,marketing,entry-level / student,Bangalore,12000,15000,Any
2025WSHP0224,Civil Engineering,civil engineering,entry-level / student,Chennai,16000,22000,Any
2025WSHP0225,Content and Social Media Marketing,marketing,entry-level / student,Remote,0,0,MBA
2025WSHP0226,Market Research,market research,entry-level / student,Remote,5000,12000,MBA
2025WSHP0227,Backend Development,backend development,entry-level / student,Gurgaon,11000,15000,Any
2025WSHP0228,Operations,operations,entry-level / student,Noida,8000,10000,Any
2025WSHP0229,Social Media Marketing,marketing,entry-level / student,Delhi,10000,15000,Any
2025WSHP0230,Video Editing/Making,video editing/making,entry-level / student,Remote,5000,5000,Any
2025WSHP0231,Event Management,event management,entry-level / student,Mumbai,60000,80000,Any
2025WSHP0232,Sales and Marketing,marketing,entry-level / student,Delhi,12000,15000,Any
2025WSHP0233,Franchise Builder (Restaurants),frontend development,entry-level / student,Delhi,47500,85000,Any
2025WSHP0234,Business Development (Sales),business development (sales),entry-level / student,Remote,6500,7500,Any
2025WSHP0235,Business Development (Sales),business development (sales),entry-level / student,Jaipur,5300,8500,Any
2025WSHP0236,Front End Development,front end development,entry-level / student,Thane,5000,8000,MBA
2025WSHP0237,Business Development (Sales),business development (sales),entry-level / student,Remote,3000,5000,Any
2025WSHP0238,Business Development (Sales),business development (sales),entry-level / student,Mumbai,10000,15000,Any
2025WSHP0239,Human Resources (HR),human resources (hr),entry-level / student,Chennai,5000,5000,Any
2025WSHP0240,Telecalling (English) - Female,telecalling (english) - female,entry-level / student,Remote,8000,8000,Any
2025WSHP0241,Video Editing/Making,video editing/making,entry-level / student,Remote,7000,10000,Any
2025WSHP0242,Web Development,web development,entry-level / student,Remote,1000,1000,Any
2025WSHP0243,Social Entrepreneurship,social entrepreneurship,entry-level / student,Remote,1500,10000,Any
2025WSHP0244,Fashion Design,design,entry-level / student,Delhi,2000,2001,Any
2025WSHP0245,Business Development (Sales),business development (sales),entry-level / student,Remote,2500,3500,Any
2025WSHP0246,Business Development (Sales),business development (sales),entry-level / student,Remote,3500,5500,Any
2025WSHP0247,sales,sales,entry-level / student,Hyderabad,15000,16000,Any
2025WSHP0248,Human Resources Internship – HR Intern,human resources internship – hr intern,entry-level / student,Mumbai,0,0,Any
2025WSHP0249,Human Resources (HR),human resources (hr),entry-level / student,Remote,10000,10000,Any
2025WSHP0250,Sales (Navi Mumbai),machine learning / ai,entry-level / student,Thane,15000,15000,MBA
2025WSHP0251,Graphics And Video,design,entry-level / student,Pune,8000,12000,Diploma
2025WSHP0252,Graphic Design,design,entry-level / student,Hyderabad,7000,12000,Any
2025WSHP0253,Nesternship – Nestlé Internship Program 2024,nesternship – nestlé internship program 2024,entry-level / student,Chennai,10000,10000,Any
2025WSHP0254,Fashion Design And Merchandising,design,entry-level / student,Bangalore,10000,15000,Any
2025WSHP0255,Digital Marketing,marketing,entry-level / student,Mumbai,10000,10001,MBA
2025WSHP0256,Script Writing,script writing,entry-level / student,Remote,12000,16000,Any
2025WSHP0257,Event Management,event management,entry-level / student,Mumbai,10000,12000,Any
2025WSHP0258,Video Editing/Making,video editing/making,entry-level / student,South,10000,20000,Any
2025WSHP0259,Business Development (Sales),business development (sales),entry-level / student,Remote,2000,5000,Any
2025WSHP0260,Exhibitions & Programs,exhibitions & programs,entry-level / student,Mumbai,5000,5500,Any
2025WSHP0261,Content Writing,content writing,entry-level / student,Noida,8000,15000,Any
2025WSHP0262,VM And Sales,vm and sales,entry-level / student,Bangalore,10000,15000,Any
2025WSHP0263,Architecture,architecture,senior / experienced,Chennai,30000,40000,Any
2025WSHP0264,Human Resources (HR),human resources (hr),entry-level / student,Pune,15000,20000,MBA
2025WSHP0265,Fashion Design And Merchandising,design,entry-level / student,Delhi,4000,5000,Any
2025WSHP0266,PHP Development,php development,entry-level / student,Chennai,20000,45000,Any
2025WSHP0267,Content and Social Media Marketing,marketing,entry-level / student,Mumbai,15000,20000,Any
2025WSHP0268,Business Development (Sales),business development (sales),entry-level / student,Remote,10000,10000,Any
2025WSHP0269,Business Development (Sales),business development (sales),entry-level / student,Remote,13000,17000,Any
2025WSHP0270,Business Development (Sales),business development (sales),entry-level / student,Faridabad,10100,25000,Any
2025WSHP0271,Architecture,architecture,senior / experienced,Chennai,10000,15000,Any
2025WSHP0272,Business Development (Sales),business development (sales),entry-level / student,Gurgaon,20000,22000,Any
2025WSHP0273,Business Development (Sales),business development (sales),entry-level / student,Bangalore,5000,10000,Any
2025WSHP0274,Management Information System (MIS) Executive,management information system (mis) executive,entry-level / student,Bangalore,10000,14000,Any
2025WSHP0275,Nothing,nothing,entry-level / student,Not Available,0,0,Any
2025WSHP0276,Digital Marketing,marketing,entry-level / student,Remote,2000,2000,Any
2025WSHP0277,Search Engine Optimization (SEO),marketing,entry-level / student,Noida,8000,12000,Any
2025WSHP0278,Fashion Design And Merchandising,design,entry-level / student,Remote,3000,5000,Any
2025WSHP0279,Performance Marketing,marketing,entry-level / student,Remote,5000,5000,Any
2025WSHP0280,Design,design,entry-level / student,Delhi,7000,25000,Any
2025WSHP0281,Social Media Manager,marketing,entry-level / student,Remote,0,0,Any
2025WSHP0282,Social Media Marketing,marketing,entry-level / student,Delhi,8000,10000,Any
2025WSHP0283,Social Work Coordinator,social work coordinator,entry-level / student,Delhi,5000,5000,MBA
2025WSHP0284,Psychology,psychology,entry-level / student,Pune,10001,12001,Any
2025WSHP0285,Social Media Marketing (Reddit),marketing,entry-level / student,Remote,4000,5000,Any
2025WSHP0286,Marketing,marketing,entry-level / student,Gurgaon,8000,10000,Any
2025WSHP0287,Social Media Marketing,marketing,entry-level / student,Mumbai,5000,10000,Any
2025WSHP0288,Video Editing/Making,video editing/making,entry-level / student,Mumbai,12000,15000,Any
2025WSHP0289,Assistant To Vice President,assistant to vice president,entry-level / student,Mumbai,5000,7000,Any
2025WSHP0290,Business Connect (Female Candidates Preferred),business connect (female candidates preferred),entry-level / student,Mumbai,7000,15000,Any
2025WSHP0291,Sales and Marketing,marketing,entry-level / student,Kolkata,7000,7000,Any
2025WSHP0292,Subject Matter Expert (Organic Chemistry),subject matter expert (organic chemistry),entry-level / student,Remote,5000,6000,Any
2025WSHP0293,Operations,operations,entry-level / student,Remote,16000,20000,Any
2025WSHP0294,Operations,operations,entry-level / student,Mumbai,20000,21000,Any
2025WSHP0295,Nothing,nothing,entry-level / student,Not Available,0,0,Any
2025WSHP0296,Graphic Design,design,entry-level / student,Remote,2000,2000,Any
2025WSHP0297,Marketing,marketing,entry-level / student,Bangalore,12000,15000,Any
2025WSHP0298,Work From Home – Data Collection,work from home – data collection,entry-level / student,Remote,16000,37000,Any
2025WSHP0299,Graphic Design,design,entry-level / student,Noida,8000,16000,Any
2025WSHP0300,Sales and Marketing,marketing,entry-level / student,Mumbai,10000,15000,Any
2025WSHP0301,Influencer Marketing,marketing,entry-level / student,Mumbai,10000,15000,Any
2025WSHP0302,Digital Marketing,marketing,entry-level / student,Remote,1000,1000,Any
2025WSHP0303,Cyber Security,cyber security,entry-level / student,Chennai,20000,30000,Any
2025WSHP0304,sales,sales,entry-level / student,Mangalore,12000,18000,MBA
2025WSHP0305,Content and Social Media Marketing,marketing,entry-level / student,Bangalore,10000,15000,Any
2025WSHP0306,Talent Acquisition,frontend development,entry-level / student,Gurgaon,10000,12000,Any
2025WSHP0307,Business Development (Sales),business development (sales),entry-level / student,Remote,4000,21000,Any
2025WSHP0308,Architecture,architecture,senior / experienced,Chennai,30000,40000,Any
2025WSHP0309,Content and Social Media Marketing,marketing,entry-level / student,Delhi,8000,15000,Any
2025WSHP0310,Content and Social Media Marketing,marketing,entry-level / student,Faridabad,5000,6000,Any
2025WSHP0311,Database Building/Management,frontend development,entry-level / student,Mumbai,5000,5001,Any
2025WSHP0312,Digital Marketing & Social Media Trainee - Distrssed Debt & NPA Sale Advisory,machine learning / ai,entry-level / student,Thane,7000,7000,Any
2025WSHP0313,Drone Development,drone development,entry-level / student,Noida,10000,15000,Any
2025WSHP0314,Creator In Residence – Content & Video (Work From Home),creator in residence – content & video (work from ,entry-level / student,Remote,15000,105000,Any
2025WSHP0315,Store customer service advisor,store customer service advisor,entry-level / student,Mumbai,0,0,Any
2025WSHP0316,Project Management,project management,entry-level / student,Chennai,30000,40000,Any
2025WSHP0317,Content Creator,content creator,entry-level / student,Delhi,10000,15000,Any
2025WSHP0318,Sales and Marketing,marketing,entry-level / student,Pune,6000,10000,Any
2025WSHP0319,E-Commerce,e-commerce,entry-level / student,Mumbai,8000,10000,Any
2025WSHP0320,UI/UX Design,frontend development,entry-level / student,Gurgaon,15000,40000,Any
2025WSHP0321,Financial Data Analytics,financial data analytics,entry-level / student,Bangalore,12000,18000,Any
2025WSHP0322,Business Development (Sales),business development (sales),entry-level / student,Delhi,2000,2000,Any
2025WSHP0323,Real Estate Sales,real estate sales,entry-level / student,Mumbai,15000,15000,Any
2025WSHP0324,Social Media Marketing,marketing,entry-level / student,Remote,1000,1000,Any
2025WSHP0325,Social Media Marketing,marketing,entry-level / student,Bangalore,15000,15000,Any
2025WSHP0326,Graphic Design,design,entry-level / student,Remote,5000,5000,Any
2025WSHP0327,App Developer (for Android & IOS),mobile development,entry-level / student,Mumbai,5500,20000,Any
2025WSHP0328,Operations,operations,entry-level / student,Delhi,10000,16000,Any
2025WSHP0329,Full Stack Development,full stack development,entry-level / student,Bangalore,2000,10000,Any
2025WSHP0330,E-Commerce Listing,e-commerce listing,entry-level / student,Jaipur,2000,3000,Any
2025WSHP0331,Webtoon Production Artist,webtoon production artist,entry-level / student,Bangalore,25000,30000,Any
2025WSHP0332,Human Resources (HR),human resources (hr),entry-level / student,Gurgaon,10000,12000,Any
2025WSHP0333,Campus Ambassador,campus ambassador,entry-level / student,Remote,0,0,Any
2025WSHP0334,Equity Research Content Creator,frontend development,entry-level / student,Gurgaon,10000,10000,Any
2025WSHP0335,Business Strategy & Operations,business strategy & operations,entry-level / student,Mumbai,15000,30000,Any
2025WSHP0336,Graphic Design,design,entry-level / student,Remote,2500,10000,Any
2025WSHP0337,Teaching,teaching,entry-level / student,Remote,2200,4800,Any
2025WSHP0338,Research,research,entry-level / student,Noida,5000,6000,Any
2025WSHP0339,Graphic Design,design,entry-level / student,Mumbai,15000,30000,Any
2025WSHP0340,Capacity Building,frontend development,entry-level / student,Delhi,10000,15000,Any
2025WSHP0341,Social Media & E-commerce,marketing,entry-level / student,Delhi,13000,13000,Any
2025WSHP0342,Business Development / Sales Team Lead,business development / sales team lead,senior / experienced,Remote,14000,55000,Any
2025WSHP0343,Content and Social Media Marketing,marketing,entry-level / student,Delhi,5000,15000,Any
2025WSHP0344,Business Development (Sales),business development (sales),entry-level / student,Remote,8000,35000,Any
2025WSHP0345,Business Development (Sales),business development (sales),entry-level / student,Remote,10000,20000,Any
2025WSHP0346,HR Operations,hr operations,entry-level / student,Remote,0,0,Any
2025WSHP0347,Human Resources (HR),human resources (hr),entry-level / student,Remote,3000,5000,Any
2025WSHP0348,Graphic Design,design,entry-level / student,Remote,3000,5000,Any
2025WSHP0349,Digital Marketing,marketing,entry-level / student,Hyderabad,5000,7000,Any
2025WSHP0350,Car Advisor,car advisor,entry-level / student,Mumbai,22000,25000,Any
2025WSHP0351,Operations & Marketing,marketing,entry-level / student,Chennai,8000,10000,Any
2025WSHP0352,QA Testing,qa testing,entry-level / student,Remote,1000,2000,Diploma
2025WSHP0353,Campus Ambassador,campus ambassador,entry-level / student,Remote,0,0,Any
2025WSHP0354,Web Development,web development,entry-level / student,Remote,15000,25000,MBA
2025WSHP0355,Marketing,marketing,entry-level / student,Bangalore,5000,20000,Any
2025WSHP0356,Management Trainees - Female,machine learning / ai,entry-level / student,Mumbai,8000,14000,Any
2025WSHP0357,Civil Engineering,civil engineering,entry-level / student,Chennai,20000,35000,Any
2025WSHP0358,Corporate Sales,corporate sales,entry-level / student,Remote,12000,22000,Any
2025WSHP0359,Accounting & Bookkeeping,accounting & bookkeeping,entry-level / student,Hyderabad,3001,6000,Any
2025WSHP0360,Video Editing/Making,video editing/making,entry-level / student,Remote,1500,2100,Any
2025WSHP0361,Customer Service/Customer Support,customer service/customer support,entry-level / student,Delhi,5000,7000,Any
2025WSHP0362,Digital Object Scanning Associate – (Work From Home),digital object scanning associate – (work from hom,entry-level / student,Remote,16000,37000,Any
2025WSHP0363,Creative Video Editor,creative video editor,entry-level / student,Remote,6000,10000,Any
2025WSHP0364,Digital Marketing,marketing,entry-level / student,Delhi,3000,30000,Any
2025WSHP0365,Nothing,nothing,entry-level / student,Not Available,0,0,Any
2025WSHP0366,Graphic Design,design,entry-level / student,Mumbai,10000,25000,Any
2025WSHP0367,Business Development (Sales),business development (sales),entry-level / student,Remote,11000,11000,Any
2025WSHP0368,Sales and Marketing,marketing,entry-level / student,Pune,11000,20000,MBA
2025WSHP0369,Creative Design,design,entry-level / student,Gurgaon,7000,12000,Any
2025WSHP0370,Marketing,marketing,entry-level / student,Delhi,8000,25000,Any
2025WSHP0371,Scrum Master,scrum master,entry-level / student,Aurangabad,5000,10000,Any
2025WSHP0372,Grant Filing Specialist,grant filing specialist,entry-level / student,Remote,0,0,Any
2025WSHP0373,Marketing,marketing,entry-level / student,Kolkata,6000,12000,MBA
2025WSHP0374,Back-office,back-office,entry-level / student,Hyderabad,50000,50000,Any
2025WSHP0375,Nothing,nothing,entry-level / student,Not Available,0,0,Any
2025WSHP0376,Social Media Marketing,marketing,entry-level / student,Delhi,12000,15000,Any
2025WSHP0377,Accounting & Bookkeeping,accounting & bookkeeping,entry-level / student,Mumbai,8000,10000,Any
2025WSHP0378,Vellore Institute Of Technology - Data Base And Artificial Intelligence Tutor,vellore institute of technology - data base and ar,entry-level / student,Remote,1000,8000,Any
2025WSHP0379,Marketing,marketing,entry-level / student,Delhi,8000,10000,Any
2025WSHP0380,Sales Executive,sales executive,entry-level / student,Faridabad,5500,11000,Any
2025WSHP0381,Videography,videography,entry-level / student,Bangalore,2000,5000,Any
2025WSHP0382,Business Development (Sales),business development (sales),entry-level / student,Bangalore,25000,25000,Any
2025WSHP0383,Business Development (Sales),business development (sales),entry-level / student,Delhi,10000,15000,Any
2025WSHP0384,Event Management,event management,entry-level / student,Mumbai,10000,16500,Any
2025WSHP0385,LinkedIn Engagement,linkedin engagement,entry-level / student,Remote,1000,1000,Any
2025WSHP0386,Admin Assistant (Remote) - Fresher,admin assistant (remote) - fresher,entry-level / student,Delhi,10000,15000,Any
2025WSHP0387,Finance YouTube Script Writer,finance youtube script writer,entry-level / student,Mira Bhayandar,11000,25000,Any
2025WSHP0388,Content Executive,content executive,entry-level / student,Hyderabad,14000,16000,Any
2025WSHP0389,Promoter,promoter,entry-level / student,Mangalore,6000,14000,Any
2025WSHP0390,Cyber Security,cyber security,entry-level / student,Delhi,5000,5000,B.Tech
2025WSHP0391,Human Resources (HR),human resources (hr),entry-level / student,Mumbai,7000,8000,Any
2025WSHP0392,Field Sales,field sales,entry-level / student,Delhi,10000,15000,Any
2025WSHP0393,Business Development (Sales),business development (sales),entry-level / student,Gurgaon,15000,20000,Any
2025WSHP0394,Full Stack Development,full stack development,entry-level / student,Remote,1000,1000,Any
2025WSHP0395,Web Development,web development,entry-level / student,Remote,2000,2000,Any
2025WSHP0396,AWS Trainer,machine learning / ai,entry-level / student,Chennai,20000,25000,Any
2025WSHP0397,Digital Marketing,marketing,entry-level / student,Gurgaon,6000,12000,Any
2025WSHP0398,Robotics,robotics,entry-level / student,Remote,22000,22000,Any
2025WSHP0399,E-Commerce,e-commerce,entry-level / student,Gurgaon,9500,13000,Any
2025WSHP0400,Social Media Marketing,marketing,entry-level / student,Remote,1000,1000,Any
2025WSHP0401,Social Media Marketing,marketing,entry-level / student,Chennai,20000,30000,Any
2025WSHP0402,Business Development (Sales),business development (sales),entry-level / student,Thane,15000,15000,MBA
2025WSHP0403,Robotics,robotics,entry-level / student,Chennai,18000,25000,Any
2025WSHP0404,Video Editing/Making,video editing/making,entry-level / student,Remote,8000,10000,Any
2025WSHP0405,Editorial,editorial,entry-level / student,Mumbai,10000,20000,Any
2025WSHP0406,Full Stack Development,full stack development,entry-level / student,Remote,5000,30000,Any
2025WSHP0407,Product Design,design,entry-level / student,Remote,22000,35000,Any
2025WSHP0408,Sales and Marketing,marketing,entry-level / student,Pune,8000,10000,Any
2025WSHP0409,Program Management,program management,entry-level / student,Bangalore,5000,5000,Any
2025WSHP0410,Community Ambassador,community ambassador,entry-level / student,Remote,2000,5000,Any
2025WSHP0411,WordPress Development,wordpress development,entry-level / student,Remote,1500,2500,Any
2025WSHP0412,Mechanical Engineering,mechanical engineering,entry-level / student,Remote,2000,2000,Any
2025WSHP0413,Search Engine Optimization (SEO),marketing,entry-level / student,Gurgaon,10000,15000,Any
2025WSHP0414,ESG Platform Coordinator,esg platform coordinator,entry-level / student,Chennai,9000,15000,Any
2025WSHP0415,Graphic Design,design,entry-level / student,Chennai,12000,18000,Any
2025WSHP0416,Nothing,nothing,entry-level / student,Not Available,0,0,Any
2025WSHP0417,Recruitment Intern,frontend development,entry-level / student,Mumbai,7000,12000,Any
2025WSHP0418,Video Creator,video creator,entry-level / student,Chennai,2001,25000,Any
2025WSHP0419,Human Resources (HR),human resources (hr),entry-level / student,Pune,6000,6000,Any
2025WSHP0420,Fundraising & Outreach,machine learning / ai,entry-level / student,Remote,250,2500,Any
2025WSHP0421,Social Media Marketing,marketing,entry-level / student,Noida,5000,10000,Any
2025WSHP0422,Influencer Marketing,marketing,entry-level / student,Jaipur,10000,12000,Any
2025WSHP0423,Library & Book Fair Coordinator,machine learning / ai,entry-level / student,Delhi,10000,12000,Any
2025WSHP0424,Interior Design,design,entry-level / student,Pune,5000,10000,Any
2025WSHP0425,Administration,administration,entry-level / student,Thane,10000,15000,MBA
2025WSHP0426,Event Management,event management,entry-level / student,Remote,2000,3500,Any
2025WSHP0427,Marketing,marketing,entry-level / student,Faridabad,5000,7000,Any
2025WSHP0428,SEO Expert,marketing,entry-level / student,Remote,2000,2200,Any
2025WSHP0429,Data Engineer,data engineer,entry-level / student,Remote,10000,12000,Any
2025WSHP0430,Digital Marketing,marketing,entry-level / student,Hyderabad,3000,5000,Any
2025WSHP0431,E-Commerce Sales,e-commerce sales,entry-level / student,Delhi,8000,15000,Any
2025WSHP0432,Campus Ambassador,campus ambassador,entry-level / student,Delhi,0,0,Any
2025WSHP0433,Content and Social Media Marketing,marketing,entry-level / student,Delhi,4000,7000,Any
2025WSHP0434,Social Media Designing,marketing,entry-level / student,Remote,0,0,Any
2025WSHP0435,Business Development (Sales),business development (sales),entry-level / student,Remote,1500,7500,Any
2025WSHP0436,Content and Social Media Marketing,marketing,entry-level / student,Kolkata,10000,32000,Any
2025WSHP0437,Business Development (Sales),business development (sales),entry-level / student,Remote,3000,7000,Any
2025WSHP0438,Brand Influencer,brand influencer,entry-level / student,Remote,10000,35000,Any
2025WSHP0439,Operations (On-Site),operations (on-site),entry-level / student,Noida,5000,10000,Any
2025WSHP0440,Content and Social Media Marketing,marketing,entry-level / student,Mumbai,8000,14000,Any
2025WSHP0441,Social Media Marketing,marketing,entry-level / student,Bangalore,15000,20000,Any
2025WSHP0442,Political PR Executive,political pr executive,entry-level / student,Noida,9999,10000,Any
2025WSHP0443,Marketing,marketing,entry-level / student,Bandra,5000,15000,Any
2025WSHP0444,Video Editing/Making,video editing/making,entry-level / student,Remote,4000,8000,Any
2025WSHP0445,Graphic Design,design,entry-level / student,Mumbai,12000,18000,Any
2025WSHP0446,Nothing,nothing,entry-level / student,Not Available,0,0,Any
2025WSHP0447,Automation,automation,entry-level / student,Mumbai,12000,15000,Any
2025WSHP0448,Digital Marketing,marketing,entry-level / student,Hyderabad,8000,12000,Any
2025WSHP0449,Software Development Engineering (Web),software development engineering (web),entry-level / student,Remote,15000,15000,Any
2025WSHP0450,Telecalling,telecalling,entry-level / student,Remote,10000,12000,Any
2025WSHP0451,Content and Social Media Marketing,marketing,entry-level / student,Mumbai,5000,7500,MBA
2025WSHP0452,Content and Social Media Marketing,marketing,entry-level / student,Delhi,10000,12000,Any
2025WSHP0453,Business Development (Sales),business development (sales),entry-level / student,Mumbai,10000,15000,Any
2025WSHP0454,Market Research,market research,entry-level / student,Gurgaon,15000,25000,Any
2025WSHP0455,Founders Office,founders office,entry-level / student,Noida,10000,20000,Any
2025WSHP0456,Virtual Assistant,virtual assistant,entry-level / student,Delhi,15000,15000,Any
2025WSHP0457,Content and Social Media Marketing,marketing,entry-level / student,Noida,15000,17000,Any
2025WSHP0458,Architecture,architecture,senior / experienced,Bangalore,5000,5000,Any
2025WSHP0459,Digital Marketer,digital marketer,entry-level / student,Jaipur,5000,10000,Any
2025WSHP0460,Founders Office,founders office,entry-level / student,Noida,12000,15000,Any
2025WSHP0461,Operations,operations,entry-level / student,Pune,7000,20000,Any
2025WSHP0462,Social Media Marketing,marketing,entry-level / student,Ghaziabad,8000,10000,Any
2025WSHP0463,Social Media Marketing,marketing,entry-level / student,Chennai,6000,15000,Any
2025WSHP0464,Company Secretary (CS),company secretary (cs),entry-level / student,Delhi,5000,6000,Any
2025WSHP0465,Content Creation,content creation,entry-level / student,Bangalore,25000,25000,Any
2025WSHP0466,Personal Assistant,personal assistant,entry-level / student,Delhi,10000,20000,Any
2025WSHP0467,AI/ML Dev,machine learning / ai,entry-level / student,Mumbai,8000,12000,Any
2025WSHP0468,Social Media Marketing,marketing,entry-level / student,Remote,3000,3000,Any
2025WSHP0469,Full Stack Development,full stack development,entry-level / student,Mumbai,14999,15000,Any
2025WSHP0470,Quality Assurance,quality assurance,entry-level / student,Mumbai,2000,5000,Any
2025WSHP0471,Customer Acquisition,frontend development,entry-level / student,Remote,1000,3500,Any
2025WSHP0472,Video Editing/Making,video editing/making,entry-level / student,Delhi,8000,9000,Any
2025WSHP0473,Social Media Executive,marketing,entry-level / student,Delhi,5000,7000,Any
2025WSHP0474,Creative Writing,creative writing,entry-level / student,Remote,1550,2200,Any
2025WSHP0475,Social Media Marketing,marketing,entry-level / student,Remote,0,0,Any
2025WSHP0476,Human Resources (HR),human resources (hr),entry-level / student,Thane,8000,10000,MBA
2025WSHP0477,Content and Social Media Marketing,marketing,entry-level / student,Remote,2000,8000,Any
2025WSHP0478,Marketing,marketing,entry-level / student,Remote,10000,10000,Any
2025WSHP0479,BDR- Business Development Representative/Associate -AdTech,bdr- business development representative/associate,entry-level / student,Remote,5000,5000,Any
2025WSHP0480,Full Stack Development,full stack development,entry-level / student,Remote,10000,15000,Any
2025WSHP0481,Nothing,nothing,entry-level / student,Not Available,0,0,Any
2025WSHP0482,Mentor - Competitive Programming,mentor - competitive programming,entry-level / student,Chandigarh,60000,80000,Any
2025WSHP0483,Creative Design,design,entry-level / student,Delhi,8000,10000,Any
2025WSHP0484,Video Editing/Making,video editing/making,entry-level / student,Mumbai,10000,20000,Any
2025WSHP0485,Post Sales Internship,post sales internship,entry-level / student,Jaipur,15000,15000,Any
2025WSHP0486,Data Analytics,data analytics,entry-level / student,Remote,7000,8000,Any
2025WSHP0487,Administration,administration,entry-level / student,Kolkata,9000,12000,Any
2025WSHP0488,Full Stack Development,full stack development,entry-level / student,Remote,15000,20000,Any
2025WSHP0489,Sales and Marketing,marketing,entry-level / student,Kolkata,3000,5000,Any
2025WSHP0490,Graphic Design,design,entry-level / student,Gurgaon,8000,10000,Any
2025WSHP0491,Business Development (Sales),business development (sales),entry-level / student,Remote,2000,11100,Any
2025WSHP0492,Campus Ambassador,campus ambassador,entry-level / student,Remote,0,0,Any
2025WSHP0493,Inside Sales,inside sales,entry-level / student,Remote,5000,30000,Any
2025WSHP0494,Sales,sales,entry-level / student,Jaipur,12000,15000,Any
2025WSHP0495,Digital Marketing,marketing,entry-level / student,Gurgaon,15000,22000,Any
2025WSHP0496,Sales,sales,entry-level / student,Remote,8500,20000,Any
2025WSHP0497,Social Media & Content Creator,marketing,entry-level / student,Pune,12000,25000,Any
2025WSHP0498,Human Resources (HR),human resources (hr),entry-level / student,Gurgaon,10000,15000,Any
2025WSHP0499,PHP Development,php development,entry-level / student,Remote,5000,7000,Any
2025WSHP0500,Search Engine Optimization (SEO),marketing,entry-level / student,Bangalore,17000,20000,Any
2025WSHP0501,Graphic Design,design,entry-level / student,Delhi,10000,12000,Any
2025WSHP0502,Content and Social Media Marketing,marketing,entry-level / student,Mumbai,8000,8000,Any
2025WSHP0503,Telesales Executive,telesales executive,entry-level / student,Pune,12000,14000,Any
2025WSHP0504,Executive Assistant To The CEO (Founders’ Office),executive assistant to the ceo (founders’ office),entry-level / student,Remote,3500,15000,Any
2025WSHP0505,Marketing,marketing,entry-level / student,Mumbai,8000,8000,Any
2025WSHP0506,Business Strategy Executive,business strategy executive,entry-level / student,Delhi,12000,18000,Any
2025WSHP0507,sales,sales,entry-level / student,Delhi,13000,25000,Any
2025WSHP0508,Content Writing,content writing,entry-level / student,Mumbai,15000,20000,Any
2025WSHP0509,Dietetics/Nutrition,dietetics/nutrition,entry-level / student,Delhi,8000,10000,Any
2025WSHP0510,Embedded Systems,embedded systems,entry-level / student,Hyderabad,11000,15000,Any
2025WSHP0511,Content and Social Media Marketing,marketing,entry-level / student,Delhi,5000,10000,Any
2025WSHP0512,Business Development (Sales),business development (sales),entry-level / student,Pune,13000,17000,Any
2025WSHP0513,Flutter Development,mobile development,entry-level / student,Remote,1001,5000,Any
2025WSHP0514,Social Media Marketing,marketing,entry-level / student,Delhi,10000,15000,Any
2025WSHP0515,Accounting,accounting,entry-level / student,Pune,8000,10000,Any
2025WSHP0516,Accounting & Taxation,accounting & taxation,entry-level / student,Thane,6000,6000,Any
2025WSHP0517,Research,research,entry-level / student,Gurgaon,15000,15000,Any
2025WSHP0518,PHP Development,php development,entry-level / student,Remote,1000,1000,Any
2025WSHP0519,Content & E-Commerce Management,content & e-commerce management,entry-level / student,Remote,15000,25000,Any
2025WSHP0520,Financial Services,financial services,entry-level / student,Chennai,2000,3000,Any
2025WSHP0521,Social Media Marketing,marketing,entry-level / student,Gurgaon,5000,5000,Any
2025WSHP0522,Business Development (Sales),business development (sales),entry-level / student,Remote,6000,16000,Any
2025WSHP0523,Motion Graphics,design,entry-level / student,Remote,12000,18000,Any
2025WSHP0524,FinTech & Data Analytics,fintech & data analytics,entry-level / student,Chennai,10000,15000,Any
2025WSHP0525,Social Media Marketing,marketing,entry-level / student,Delhi,7000,12000,Any
2025WSHP0526,Human Resources (HR),human resources (hr),entry-level / student,Mumbai,10000,15000,MBA
2025WSHP0527,Fashion Design,design,entry-level / student,Noida,7000,8000,Any
2025WSHP0528,International Business Development,international business development,entry-level / student,Mumbai,4000,5000,Any
2025WSHP0529,Project Leader Volunteer,project leader volunteer,senior / experienced,Ahmedabad,0,0,Any
2025WSHP0530,Business Development (Sales),business development (sales),entry-level / student,Remote,13000,30000,MBA
2025WSHP0531,Content and Social Media Marketing,marketing,entry-level / student,Remote,10000,15000,Any
2025WSHP0532,Human Resources (HR),human resources (hr),entry-level / student,Remote,5000,5000,Any
2025WSHP0533,Motion Graphics,design,entry-level / student,Remote,25000,40000,Any
2025WSHP0534,Influencer & UGC,influencer & ugc,entry-level / student,Remote,10000,15000,Any
2025WSHP0535,Recruitment,frontend development,entry-level / student,Bangalore,8000,10000,Any
2025WSHP0536,Founders Office,founders office,entry-level / student,Delhi,6000,12000,Any
2025WSHP0537,Blog Writer,blog writer,entry-level / student,Mumbai,5000,6000,Any
2025WSHP0538,Sales and Marketing,marketing,entry-level / student,Anantapur,25000,29000,Any
2025WSHP0539,Retail Sales,machine learning / ai,entry-level / student,Bangalore,10000,10000,Any
2025WSHP0540,Graphic Design,design,entry-level / student,Hyderabad,15000,15000,Any
2025WSHP0541,Motion Graphics,design,entry-level / student,Remote,8000,10000,Any
2025WSHP0542,Graphic Design,design,entry-level / student,Delhi,4000,5000,Any
2025WSHP0543,AI developer,machine learning / ai,entry-level / student,Remote,7000,12000,Any
2025WSHP0544,UI/UX Design,frontend development,entry-level / student,Remote,10000,20000,Any
2025WSHP0545,Sales,sales,entry-level / student,Remote,7000,9000,Any
2025WSHP0546,Business Development (Sales),business development (sales),entry-level / student,Remote,4200,55000,Any
2025WSHP0547,E-Commerce Operations,e-commerce operations,entry-level / student,Noida,2000,5000,Any
2025WSHP0548,Influencer Marketing,marketing,entry-level / student,Gurgaon,25000,30000,Any
2025WSHP0549,Construction Site Engineering,construction site engineering,entry-level / student,Chennai,30000,40000,Any
2025WSHP0550,Sales and Marketing,marketing,entry-level / student,Remote,5000,10000,Any
2025WSHP0551,Virtual Charity Drive,virtual charity drive,entry-level / student,Remote,1500,10000,Any
2025WSHP0552,Business Development (Sales),business development (sales),entry-level / student,Remote,6000,10000,Any
2025WSHP0553,Social Media Marketing,marketing,entry-level / student,Remote,1500,3001,Any
2025WSHP0554,Lead Generation,lead generation,senior / experienced,Remote,8000,10000,Any
2025WSHP0555,Law/Legal,law/legal,entry-level / student,Mumbai,2000,2000,MBA
2025WSHP0556,Content and Social Media Marketing,marketing,entry-level / student,Remote,15000,15002,Any
2025WSHP0557,Telecalling,telecalling,entry-level / student,Delhi,12000,15000,Any
2025WSHP0558,1 Week Fundraising,machine learning / ai,entry-level / student,Remote,1500,10000,Any
2025WSHP0559,Software Development Engineering (Web),software development engineering (web),entry-level / student,Chennai,20000,35000,Any
2025WSHP0560,Data Science,data science / analytics,entry-level / student,Remote,2000,2000,Any
2025WSHP0561,Brand Alliance,brand alliance,entry-level / student,Noida,13000,18000,Any
2025WSHP0562,Campus Ambassador,campus ambassador,entry-level / student,Remote,0,0,Any
2025WSHP0563,Business Development (Sales),business development (sales),entry-level / student,Noida,6000,15000,Any
2025WSHP0564,Sales and Marketing,marketing,entry-level / student,Pune,18900,71000,Any
2025WSHP0565,Front End Development,front end development,entry-level / student,Hyderabad,10000,15000,Any
2025WSHP0566,Financial Accountant,financial accountant,entry-level / student,Remote,30000,450000,Any
2025WSHP0567,Digital Marketing,marketing,entry-level / student,Bangalore,8000,10000,Any
2025WSHP0568,Content and Social Media Marketing,marketing,entry-level / student,Remote,3000,5000,Any
2025WSHP0569,Marketing,marketing,entry-level / student,Gurgaon,9000,10000,Any
2025WSHP0570,Ops - Procurement,ops - procurement,entry-level / student,Bangalore,25000,30000,Any
2025WSHP0571,Nothing,nothing,entry-level / student,Not Available,0,0,Any
2025WSHP0572,Interior Design,design,entry-level / student,Pune,8500,10000,Any
2025WSHP0573,Finance And Marketing With Stock Broker.,marketing,entry-level / student,Bangalore,4500,5500,MBA
2025WSHP0574,Content and Social Media Marketing,marketing,entry-level / student,Noida,3000,7000,Any
2025WSHP0575,SEO Writing,marketing,entry-level / student,Noida,9000,10000,Any
2025WSHP0576,Finance & Accounting,finance & accounting,entry-level / student,Pune,2000,2500,Any
2025WSHP0577,Performance Ad Writing,performance ad writing,entry-level / student,Delhi,10000,12000,Any
2025WSHP0578,Brand Designer,design,entry-level / student,Remote,10000,15000,Any
2025WSHP0579,Recruitment,frontend development,entry-level / student,Mumbai,3000,8000,Any
2025WSHP0580,Marketing,marketing,entry-level / student,Gurgaon,25000,30000,MBA
2025WSHP0581,Law/Legal,law/legal,entry-level / student,Mumbai,4000,7500,Any
2025WSHP0582,Content & E-Commerce Management,content & e-commerce management,entry-level / student,Mumbai,10000,10000,Any
2025WSHP0583,Video Editing/Making,video editing/making,entry-level / student,Remote,3500,15000,Any
2025WSHP0584,Front End Development,front end development,entry-level / student,Remote,10001,14000,Any
2025WSHP0585,Associate - Client Service,associate - client service,entry-level / student,Kolkata,0,0,MBA
2025WSHP0586,Operations,operations,entry-level / student,Delhi,10000,15000,Any
2025WSHP0587,Business Development (Sales),business development (sales),entry-level / student,Delhi,8000,10000,Any
2025WSHP0588,Social Media Marketing,marketing,entry-level / student,Jaipur,7000,10000,Any
2025WSHP0589,Video Editing/Making,video editing/making,entry-level / student,Remote,25000,30000,Any
2025WSHP0590,Graphic Design,design,entry-level / student,Remote,1000,1000,Any
2025WSHP0591,Import Export Executive,import export executive,entry-level / student,Bangalore,9000,12000,Any
2025WSHP0592,Graphic Designer Cum Social Media Specialist,marketing,entry-level / student,Gurgaon,8000,10000,Any
2025WSHP0593,Marketing,marketing,entry-level / student,Delhi,8000,12000,Any
2025WSHP0594,Video Editing/Making,video editing/making,entry-level / student,Remote,6500,55000,Any
2025WSHP0595,Sales and Marketing,marketing,entry-level / student,Noida,5001,30001,Any
2025WSHP0596,Content Creator,content creator,entry-level / student,Remote,2000,4000,Any
2025WSHP0597,Interior Design,design,entry-level / student,Pune,5000,6000,Any
2025WSHP0598,Content and Social Media Marketing,marketing,entry-level / student,Noida,2000,2000,MBA
2025WSHP0599,Information Technology,information technology,entry-level / student,Remote,1000,1200,Diploma
2025WSHP0600,Digital Marketing,marketing,entry-level / student,Mumbai,10000,15000,Any
2025WSHP0601,Search Engine Optimization (SEO),marketing,entry-level / student,Kolkata,6000,80000,Any
2025WSHP0602,Video Editing/Making,video editing/making,entry-level / student,Gurgaon,15000,18000,Any
2025WSHP0603,Media & Public Relations (PR),media & public relations (pr),entry-level / student,Mumbai,5000,10000,MBA
2025WSHP0604,Industrial Design,design,entry-level / student,Bangalore,10000,15000,Any
2025WSHP0605,Sales Executive,sales executive,entry-level / student,Bangalore,33000,58000,Any
2025WSHP0606,Mobile/Web App Developer (Flutter/Flutterflow),mobile development,entry-level / student,Remote,7000,9000,Any
2025WSHP0607,Social Media Marketing Strategy,marketing,entry-level / student,Remote,10000,15000,Any
2025WSHP0608,Business Development (Sales),business development (sales),entry-level / student,Gurgaon,21000,21000,Any
2025WSHP0609,Delegate Acquisition,frontend development,entry-level / student,Mumbai,8000,10000,Any
2025WSHP0610,Video Editing/Making,video editing/making,entry-level / student,Remote,1000,1000,Any
2025WSHP0611,Graphic Design,design,entry-level / student,Remote,5000,6000,Any
2025WSHP0612,Recruitment,frontend development,entry-level / student,Mumbai,10000,10000,Any
2025WSHP0613,UI/UX Design (Website),frontend development,entry-level / student,Remote,8000,9000,Any
2025WSHP0614,Accounts,accounts,entry-level / student,Chennai,20000,35000,Any
2025WSHP0615,1 Week Fundraising,machine learning / ai,entry-level / student,Remote,1500,10000,Any
2025WSHP0616,Marketing,marketing,entry-level / student,Delhi,6000,12000,Any
2025WSHP0617,Social Media Marketing,marketing,entry-level / student,Mumbai,7999,8000,Any
2025WSHP0618,Media & Public Relations (PR),media & public relations (pr),entry-level / student,Chennai,20000,30000,Any
2025WSHP0619,Business Development (Sales),business development (sales),entry-level / student,Remote,2500,5600,Any
2025WSHP0620,Graphic Design,design,entry-level / student,Delhi,10000,12000,Diploma
2025WSHP0621,Online Pathophysiology (BSc) Tutoring,online pathophysiology (bsc) tutoring,entry-level / student,Remote,1000,8000,Any
2025WSHP0622,Growth,growth,entry-level / student,Mumbai,35000,50000,Any
2025WSHP0623,Video Editor (Basic VFX & Motion Graphics),design,entry-level / student,Remote,17000,23000,Any
2025WSHP0624,Project Management,project management,entry-level / student,Remote,1500,15000,Any
2025WSHP0625,Social Media Marketing,marketing,entry-level / student,Ghaziabad,7000,10000,Any
2025WSHP0626,Video Editing/Making,video editing/making,entry-level / student,Remote,5000,10000,Any
2025WSHP0627,Digital Marketing,marketing,entry-level / student,Bangalore,24000,25000,Any
2025WSHP0628,sales,sales,entry-level / student,Pune,15000,15000,MBA
2025WSHP0629,Sales,sales,entry-level / student,Remote,20000,28000,Any
2025WSHP0630,Chemical Engineering,chemical engineering,entry-level / student,Chennai,30000,40000,Any
2025WSHP0631,Site Engineering,site engineering,entry-level / student,Chennai,20000,25000,Any
2025WSHP0632,Telecalling,telecalling,entry-level / student,Pune,16000,30000,Any
2025WSHP0633,Pre-Sales,pre-sales,entry-level / student,Remote,13600,15000,Any
2025WSHP0634,Python Developer,python developer,entry-level / student,Mumbai,8000,10000,Any
2025WSHP0635,MIS & Reporting,mis & reporting,entry-level / student,Pune,8000,15000,Any
2025WSHP0636,Inside Sales,inside sales,entry-level / student,Remote,10000,15000,Any
2025WSHP0637,Video Editing/Making,video editing/making,entry-level / student,Remote,2000,3000,Any
2025WSHP0638,Business Development (Sales),business development (sales),entry-level / student,Bangalore,17000,27000,MBA
2025WSHP0639,Business Development (Sales),business development (sales),entry-level / student,Pune,5000,20000,MBA
2025WSHP0640,Mechanical Engineering,mechanical engineering,entry-level / student,Delhi,15000,20000,Any
2025WSHP0641,Business Development (Sales),business development (sales),entry-level / student,Thane,8000,10000,MBA
2025WSHP0642,Customer Service/Customer Support (Apply only if you are residing in South Delhi),customer service/customer support (apply only if y,entry-level / student,Delhi,15000,25000,Any
2025WSHP0643,Supply Chain Management (SCM),machine learning / ai,entry-level / student,Chennai,30000,40000,Any
2025WSHP0644,Content Writing,content writing,entry-level / student,Mumbai,9000,10000,Any
2025WSHP0645,Business Development (Sales),business development (sales),entry-level / student,Jaipur,15500,34000,Any
2025WSHP0646,Full Stack Development,full stack development,entry-level / student,Gurgaon,15000,15000,Any
2025WSHP0647,Video Editing/Making,video editing/making,entry-level / student,Noida,6000,12000,Any
2025WSHP0648,Business Development (Sales),business development (sales),entry-level / student,Remote,3000,6000,Any
2025WSHP0649,Accounts Executive,accounts executive,entry-level / student,Delhi,8000,10000,Any
2025WSHP0650,Sales and Marketing,marketing,entry-level / student,Bangalore,6000,110000,Any
2025WSHP0651,Social Media & Content,marketing,entry-level / student,Delhi,7000,11000,Any
2025WSHP0652,Social Media Marketer,marketing,entry-level / student,Remote,3000,5000,Any
2025WSHP0653,AWS DevOps Engineer,devops / infrastructure,entry-level / student,Bangalore,15000,15001,Any
2025WSHP0654,Content Writing,content writing,entry-level / student,Delhi,6000,10000,Any
2025WSHP0655,Law/Legal,law/legal,entry-level / student,Remote,1000,1200,Any
2025WSHP0656,Video Editing/Making,video editing/making,entry-level / student,Delhi,3000,3000,Any
2025WSHP0657,Business Development (Sales),business development (sales),entry-level / student,Mumbai,10000,10000,Any
2025WSHP0658,Creative Design,design,entry-level / student,Jaipur,5000,6000,Any
2025WSHP0659,Business Development (Sales),business development (sales),entry-level / student,Hyderabad,10000,12000,Any
2025WSHP0660,Telecalling,telecalling,entry-level / student,Remote,3000,4000,Any
2025WSHP0661,Digital Marketing,marketing,entry-level / student,Remote,8000,10000,Any
2025WSHP0662,Social Outreach,social outreach,entry-level / student,Remote,1500,15000,Any
2025WSHP0663,Digital Marketing,marketing,entry-level / student,Remote,6000,12000,Any
2025WSHP0664,Social Media Marketing,marketing,entry-level / student,Bangalore,15000,20000,Any
2025WSHP0665,sales,sales,entry-level / student,Gurgaon,15000,20000,Any
2025WSHP0666,Business Development (Sales),business development (sales),entry-level / student,Bangalore,25000,33000,Any
2025WSHP0667,Search Engine Optimization (SEO),marketing,entry-level / student,Remote,1000,2000,Any
2025WSHP0668,Personal Assistant (Founders Office),personal assistant (founders office),entry-level / student,Remote,5000,7000,Any
2025WSHP0669,Field Force Transformation In Consumer Product Division,field force transformation in consumer product div,entry-level / student,Mumbai,9000,10000,Any
2025WSHP0670,Web Development,web development,entry-level / student,Delhi,10000,15000,Any
2025WSHP0671,MBA,mba,entry-level / student,Remote,5500,7000,MBA
2025WSHP0672,Electronics Engineering,electronics engineering,entry-level / student,Noida,5000,10000,Any
2025WSHP0673,Promoter,promoter,entry-level / student,Mangalore,6000,14000,Any
2025WSHP0674,Influencer Marketing,marketing,entry-level / student,Delhi,7000,8000,Any
2025WSHP0675,Human Resources (HR),human resources (hr),entry-level / student,Remote,8000,10000,Any
2025WSHP0676,E-commerce Associate,e-commerce associate,entry-level / student,Noida,7000,7500,Any
2025WSHP0677,Content Creator and Digital Marketer,content creator and digital marketer,entry-level / student,Pune,8000,10000,Any
2025WSHP0678,Business Development (Sales),business development (sales),entry-level / student,Chennai,15000,20000,Any
2025WSHP0679,3D Designer (Blender),design,entry-level / student,Delhi,10000,10000,MBA
2025WSHP0680,Digital Marketing,marketing,entry-level / student,Jaipur,5000,8000,Any
2025WSHP0681,Digital Marketing,marketing,entry-level / student,Ulhasnagar,5000,7000,MBA
2025WSHP0682,Full Stack Development,full stack development,entry-level / student,Remote,15001,30000,Any
2025WSHP0683,Object Scanning Specialist (iPhone Required),frontend development,entry-level / student,Remote,16000,37000,Any
2025WSHP0684,Graphic Design,design,entry-level / student,Faridabad,16000,16000,Any
2025WSHP0685,Business Development (Sales),business development (sales),entry-level / student,Remote,13000,17000,Any
2025WSHP0686,Digital Marketing,marketing,entry-level / student,Mumbai,5000,11000,Any
2025WSHP0687,Media & Public Relations (PR),media & public relations (pr),entry-level / student,Mumbai,12000,12000,Any
2025WSHP0688,Content Creator – Instagram Management,content creator – instagram management,entry-level / student,Remote,0,0,Any
2025WSHP0689,Digital Marketing,marketing,entry-level / student,Bangalore,15000,15000,Any
2025WSHP0690,Content and Social Media Marketing,marketing,entry-level / student,Mumbai,2500,3000,Any
2025WSHP0691,Business Development (Sales),business development (sales),entry-level / student,Coimbatore,11000,20000,Any
2025WSHP0692,Video Editing/Making,video editing/making,entry-level / student,Gurgaon,8000,8000,Any
2025WSHP0693,Human Resources (HR),human resources (hr),entry-level / student,Thane,8000,10000,MBA
2025WSHP0694,Social Media Marketing,marketing,entry-level / student,Remote,2500,2500,Any
2025WSHP0695,Social Media Marketing,marketing,entry-level / student,Remote,3000,5000,Any
2025WSHP0696,ReactJS Development,reactjs development,entry-level / student,Remote,10000,10000,Any
2025WSHP0697,Finance,finance,entry-level / student,Mumbai,10000,12000,Any
2025WSHP0698,Full Stack Development,full stack development,entry-level / student,Kolkata,10000,14000,Any
2025WSHP0699,Social Media Marketing,marketing,entry-level / student,Remote,1000,1000,Any
2025WSHP0700,Graphic Design,design,entry-level / student,Remote,1000,1000,Any
2025WSHP0701,Marketing & Graphic Design,marketing,entry-level / student,Remote,13000,25000,Any
2025WSHP0702,Software Development,software development,entry-level / student,Indore,5000,15000,Any
2025WSHP0703,Global Student Engagement,global student engagement,entry-level / student,Remote,5000,8000,Any
2025WSHP0704,Omni Sports Advisor,omni sports advisor,entry-level / student,Gurgaon,14999,15000,Any
2025WSHP0705,Corporate Sales,corporate sales,entry-level / student,Pune,15000,15000,MBA
2025WSHP0706,Event Management,event management,entry-level / student,Noida,10000,120000,Any
2025WSHP0707,Business Development (Sales),business development (sales),entry-level / student,Bangalore,10000,15000,Any
2025WSHP0708,Digital Marketing,marketing,entry-level / student,Remote,25000,35000,Any
2025WSHP0709,Business Developer Executive,business developer executive,entry-level / student,Mumbai,8000,8000,Any
2025WSHP0710,Finance & Accounting,finance & accounting,entry-level / student,Bangalore,7000,15000,Any
2025WSHP0711,YouTube Marketing,marketing,entry-level / student,Remote,0,0,Any
2025WSHP0712,Business Development (Sales),business development (sales),entry-level / student,Faridabad,12000,20000,Any
2025WSHP0713,Field Survey Executive,field survey executive,entry-level / student,Manesar,15000,15000,Any
2025WSHP0714,Design,design,entry-level / student,Delhi,7000,25000,Any
2025WSHP0715,Tele Fundraising,machine learning / ai,entry-level / student,Remote,1500,10000,Any
2025WSHP0716,Video Editing/Making,video editing/making,entry-level / student,Jaipur,7000,11000,Any
2025WSHP0717,Inside Sales,inside sales,entry-level / student,Pune,10000,17000,Any
2025WSHP0718,Graphic Design,design,entry-level / student,Remote,4000,4000,Any
2025WSHP0719,Lead Generation,lead generation,senior / experienced,Delhi,5000,8000,Any
2025WSHP0720,Social Media Marketing,marketing,entry-level / student,Delhi,5000,15000,Any
2025WSHP0721,Sales and Marketing,marketing,entry-level / student,Bangalore,5000,5500,Any
2025WSHP0722,Sales and Marketing,marketing,entry-level / student,Remote,1000,2000,Any
2025WSHP0723,Graphic Design,design,entry-level / student,Mumbai,8000,10000,Any
2025WSHP0724,Content Writing,content writing,entry-level / student,Delhi,15000,18000,Any
2025WSHP0725,Video Editing/Making,video editing/making,entry-level / student,Mira Bhayandar,9000,17000,Any
2025WSHP0726,Digital Marketing,marketing,entry-level / student,Gurgaon,5000,10000,Any
2025WSHP0727,Health Coach Video Spoksperson,health coach video spoksperson,entry-level / student,Remote,1005,2201,Any
2025WSHP0728,Marketing,marketing,entry-level / student,Delhi,5000,5000,Any
2025WSHP0729,Digital Marketing,marketing,entry-level / student,Gurgaon,5000,10000,Any
2025WSHP0730,Video Editing/Making,video editing/making,entry-level / student,Pune,5000,5000,Any
2025WSHP0731,"Consulting, ERP Implementations & Investment Banking","consulting, erp implementations & investment banki",entry-level / student,Mumbai,9000,20000,Any
2025WSHP0732,Content and Social Media Marketing,marketing,entry-level / student,Remote,0,0,Any
2025WSHP0733,Content Writing,content writing,entry-level / student,Hyderabad,5000,10000,MBA
2025WSHP0734,Photography,photography,entry-level / student,Delhi,10000,12000,Any
2025WSHP0735,Brand Management,brand management,entry-level / student,Chennai,20000,35000,Any
2025WSHP0736,Marketing,marketing,entry-level / student,Remote,15150,15150,Any
2025WSHP0737,Fashion Merchandising,fashion merchandising,entry-level / student,Bangalore,8000,12000,Diploma
2025WSHP0738,Aerospace Engineering,aerospace engineering,entry-level / student,Chennai,30000,40000,Any
2025WSHP0739,Market Research,market research,entry-level / student,Ahmedabad,5000,5000,Any
2025WSHP0740,Programming,programming,entry-level / student,Chennai,30000,40000,Any
2025WSHP0741,Nothing,nothing,entry-level / student,Not Available,0,0,Any
2025WSHP0742,Business Development (Sales),business development (sales),entry-level / student,Remote,12000,39000,Any
2025WSHP0743,Video Editing/Making,video editing/making,entry-level / student,Gurgaon,15000,20000,Any
2025WSHP0744,Influencer Marketing,marketing,entry-level / student,Remote,2000,13500,Any
2025WSHP0745,Human Resources (HR),human resources (hr),entry-level / student,Chennai,8000,12000,Any
2025WSHP0746,Facebook Ads Manager,facebook ads manager,entry-level / student,Remote,7000,10000,Any
2025WSHP0747,Business Development (Sales),business development (sales),entry-level / student,Remote,5000,10000,Any
2025WSHP0748,Social Media Marketing,marketing,entry-level / student,Noida,6000,8000,Any
2025WSHP0749,Graphic Design,design,entry-level / student,Ludhiana,25000,25000,Any
2025WSHP0750,Crowdfunding,crowdfunding,entry-level / student,Remote,1500,10000,Any
2025WSHP0751,Founder’s Office,founder’s office,entry-level / student,Mumbai,7000,7500,Any
2025WSHP0752,Equity Research Analyst,frontend development,entry-level / student,Thane,5000,10000,Any
2025WSHP0753,Partnerships & Outreach,partnerships & outreach,entry-level / student,Bhubaneswar,8000,15000,Any
2025WSHP0754,Social Media Optimization,marketing,entry-level / student,Noida,6000,8000,Any
2025WSHP0755,Graphic Design,design,entry-level / student,Remote,5000,5000,Any
2025WSHP0756,Law/Legal,law/legal,entry-level / student,Remote,0,0,Any
2025WSHP0757,Graphic Design,design,entry-level / student,Chennai,2000,3000,Any
2025WSHP0758,Business Development (Sales),business development (sales),entry-level / student,Chennai,17000,35000,MBA
2025WSHP0759,Video Editing/Making,video editing/making,entry-level / student,Remote,4000,5000,Any
2025WSHP0760,Prototyping,prototyping,entry-level / student,Bangalore,20000,20000,Any
2025WSHP0761,Customer Service/Customer Support,customer service/customer support,entry-level / student,Chennai,11000,17000,Any
2025WSHP0762,Content Creation,content creation,entry-level / student,Delhi,10000,12000,Any
2025WSHP0763,Marketing,marketing,entry-level / student,Mumbai,10000,19000,MBA
2025WSHP0764,Corporate Sales,corporate sales,entry-level / student,Gurgaon,9000,25000,Any
2025WSHP0765,Content Writing,content writing,entry-level / student,Delhi,5000,7000,Any
2025WSHP0766,Content Writing,content writing,entry-level / student,Remote,1000,1000,Any
2025WSHP0767,Corporate Sales,corporate sales,entry-level / student,Pune,12000,18000,MBA
2025WSHP0768,WordPress Development,wordpress development,entry-level / student,Thane,5000,7000,Any
2025WSHP0769,Research & Insights,research & insights,entry-level / student,Chennai,7000,15000,Any
2025WSHP0770,Social Media Marketing,marketing,entry-level / student,Ghaziabad,3000,6000,Any
2025WSHP0771,Data Entry,data entry,entry-level / student,Delhi,5000,8000,Any
2025WSHP0772,Off-Page SEO & Link Building Manager,frontend development,entry-level / student,Remote,2000,3000,Any
2025WSHP0773,1-Week Virtual Charity Fundraising Drive,machine learning / ai,entry-level / student,Remote,1500,10000,Any
2025WSHP0774,Content Writing,content writing,entry-level / student,Gurgaon,27000,27000,Any
2025WSHP0775,Influencer Marketing(Female Candidates Only),marketing,entry-level / student,Noida,12000,15000,Any
2025WSHP0776,Telecalling,telecalling,entry-level / student,Thane,9500,10000,Any
2025WSHP0777,Investment Fund Intern,investment fund intern,entry-level / student,Ulhasnagar,150000,150000,MBA
2025WSHP0778,Content and Social Media Marketing,marketing,entry-level / student,Gurgaon,21100,21100,Any
2025WSHP0779,Business Development (Sales),business development (sales),entry-level / student,Remote,13000,13000,Any
2025WSHP0780,UI/UX Design,frontend development,entry-level / student,Indore,10000,15000,Any
2025WSHP0781,Social Media Marketing,marketing,entry-level / student,Bangalore,10000,10000,Any
2025WSHP0782,Client Servicing Specialist – Design/Development Agency,design,entry-level / student,Remote,10000,20000,Any
2025WSHP0783,Recruitment,frontend development,entry-level / student,Delhi,2500,13500,Any
2025WSHP0784,Nothing,nothing,entry-level / student,Not Available,0,0,Any
2025WSHP0785,Corporate Sales,corporate sales,entry-level / student,Remote,8000,8000,Any
2025WSHP0786,Content Writer,content writer,entry-level / student,Bangalore,22000,25000,Any
2025WSHP0787,Business Development (Sales),business development (sales),entry-level / student,Remote,6000,13000,Any
2025WSHP0788,Data Annotation,data annotation,entry-level / student,Thane,4500,5000,MBA
2025WSHP0789,Product Management,product management,entry-level / student,Remote,25000,35000,MBA
2025WSHP0790,Lead Generation,lead generation,senior / experienced,Remote,3000,15000,Any
2025WSHP0791,Anchoring,anchoring,entry-level / student,Delhi,3000,21000,Any
2025WSHP0792,Corporate Sales,corporate sales,entry-level / student,Mumbai,15000,15000,MBA
2025WSHP0793,Video Editing/Making,video editing/making,entry-level / student,Hyderabad,5000,8000,Any
2025WSHP0794,Social Media Marketing,marketing,entry-level / student,Mumbai,5000,7000,Any
2025WSHP0795,Human Resources (HR),human resources (hr),entry-level / student,Noida,5000,8000,Any
2025WSHP0796,Content and Social Media Marketing,marketing,entry-level / student,Bangalore,7500,11000,Any
2025WSHP0797,Graphic Design And Video Making/Editing,design,entry-level / student,Delhi,8000,10000,Any
2025WSHP0798,Inside Sales,inside sales,entry-level / student,Bangalore,10000,20000,Any
2025WSHP0799,Talent Acquisition,frontend development,entry-level / student,Mumbai,9000,10000,Any
2025WSHP0800,Recruitment,frontend development,entry-level / student,Mumbai,7000,12000,Any
2025WSHP0801,Animation,animation,entry-level / student,Remote,5000,20000,Any
2025WSHP0802,Video Editing/Making,video editing/making,entry-level / student,Remote,5000,5000,Any
2025WSHP0803,sales,sales,entry-level / student,Pune,10001,15000,MBA
2025WSHP0804,Social Media & Video Editing Intern,marketing,entry-level / student,Remote,1000,3000,Any
2025WSHP0805,CAD Design,design,entry-level / student,Chennai,30000,40000,Any
2025WSHP0806,Content and Social Media Marketing,marketing,entry-level / student,Remote,2000,5000,Any
2025WSHP0807,Social Media Marketing,marketing,entry-level / student,Pune,5000,5000,Any
2025WSHP0808,UI/UX Design,frontend development,entry-level / student,Remote,1000,1000,Any
2025WSHP0809,Product Specialist,product specialist,entry-level / student,Remote,3000,3001,Any
2025WSHP0810,UX/UI Design,frontend development,entry-level / student,Remote,7000,7500,Any
2025WSHP0811,Telecollector,telecollector,entry-level / student,Thane,9500,10000,Any
2025WSHP0812,Human Resources (HR),human resources (hr),entry-level / student,Chennai,8000,10000,MBA
2025WSHP0813,Social Media & Content Marketing (Female) Manager,marketing,entry-level / student,Ahmedabad,21000,25000,Any
2025WSHP0814,Business Development (Sales),business development (sales),entry-level / student,Remote,7000,17000,Any
2025WSHP0815,Human Resources (HR),human resources (hr),entry-level / student,Gurgaon,4000,6000,Any
2025WSHP0816,Business Analytics,business analytics,entry-level / student,Chennai,20000,30000,Any
2025WSHP0817,Brand Management,brand management,entry-level / student,Bangalore,8000,10000,Any
2025WSHP0818,PHP Development,php development,entry-level / student,Jaipur,4000,10000,Any
2025WSHP0819,Talent Acquisition & Recruitment,frontend development,entry-level / student,Remote,1400,21000,Any
2025WSHP0820,Video Editing/Making,video editing/making,entry-level / student,Delhi,10000,10001,Any
2025WSHP0821,Digital Marketing,marketing,entry-level / student,Thane,5000,5000,MBA
2025WSHP0822,Campus Ambassador,campus ambassador,entry-level / student,Chennai,0,0,Any
2025WSHP0823,Content Development (English),content development (english),entry-level / student,Bangalore,5000,20000,Any
2025WSHP0824,Dietetics/Nutrition,dietetics/nutrition,entry-level / student,Remote,6000,12000,Any
2025WSHP0825,Videography,videography,entry-level / student,Delhi,2000,2500,Any
2025WSHP0826,UGC Creator,ugc creator,entry-level / student,Remote,5000,5000,Any
2025WSHP0827,Artificial Intelligence (AI),machine learning / ai,entry-level / student,Mumbai,8000,12000,Any
2025WSHP0828,Social Media Marketing,marketing,entry-level / student,Remote,5000,5000,Any
2025WSHP0829,Fleet Manager,fleet manager,entry-level / student,Mumbai,12000,18000,Diploma
2025WSHP0830,Trainer For IT Training Institute,machine learning / ai,entry-level / student,Chennai,8000,8000,Any
2025WSHP0831,Human Resources (HR),human resources (hr),entry-level / student,Remote,5000,6000,Any
2025WSHP0832,Growth/Founders Office,growth/founders office,entry-level / student,Bangalore,10000,15000,Any
2025WSHP0833,Graphic Design,design,entry-level / student,Delhi,8000,12000,Any
2025WSHP0834,Social Media Marketing,marketing,entry-level / student,Remote,12000,15000,Any
2025WSHP0835,Inside Sales,inside sales,entry-level / student,Gurgaon,18000,20000,Any
2025WSHP0836,Founders Office,founders office,entry-level / student,Pune,8000,12000,Any
2025WSHP0837,AI Agent Development,machine learning / ai,entry-level / student,Remote,10000,10001,Any
2025WSHP0838,Human Resources (HR),human resources (hr),entry-level / student,Chennai,6000,8000,Any
2025WSHP0839,Business Development (Sales),business development (sales),entry-level / student,Remote,3000,5000,Any
2025WSHP0840,Operations,operations,entry-level / student,Chennai,10000,150000,Any
2025WSHP0841,Digital Marketing,marketing,entry-level / student,Delhi,4000,7000,Any
2025WSHP0842,Human Resources (HR),human resources (hr),entry-level / student,Pune,4000,5000,Any
2025WSHP0843,Business Development (Sales),business development (sales),entry-level / student,Remote,3000,5000,Any
2025WSHP0844,Interior Design,design,entry-level / student,Pune,8000,10000,Any
2025WSHP0845,Film Production,film production,entry-level / student,Delhi,4500,10000,Any
2025WSHP0846,Content Writing,content writing,entry-level / student,Remote,5000,10000,Any
2025WSHP0847,Media Sales,media sales,entry-level / student,Chennai,10000,12000,Any
2025WSHP0848,Business Development And Strategy,business development and strategy,entry-level / student,Bangalore,20000,20000,Any
2025WSHP0849,Store customer service advisor,store customer service advisor,entry-level / student,Bangalore,10000,12000,Any
2025WSHP0850,Full Stack Development,full stack development,entry-level / student,Remote,2000,5000,MBA
2025WSHP0851,Business Development (Sales),business development (sales),entry-level / student,Mumbai,3500,7000,Any
2025WSHP0852,Law/Legal,law/legal,entry-level / student,Noida,0,0,Any
2025WSHP0853,Sales and Marketing,marketing,entry-level / student,Bangalore,15000,35000,Any
2025WSHP0854,Video Editing/Making,video editing/making,entry-level / student,Remote,6000,15000,Any
2025WSHP0855,Android App Development,mobile development,entry-level / student,Chennai,20000,30000,Any
2025WSHP0856,Video Editing/Making,video editing/making,entry-level / student,Bangalore,15000,15001,Any
2025WSHP0857,Digital Marketing,marketing,entry-level / student,Bangalore,5000,5001,Any
2025WSHP0858,Digital Marketing,marketing,entry-level / student,Remote,6500,6500,Any
2025WSHP0859,ReactJS Development,reactjs development,entry-level / student,Bangalore,14999,15000,Any
2025WSHP0860,Sales and Marketing,marketing,entry-level / student,Remote,3000,5000,Any
2025WSHP0861,Content Writing,content writing,entry-level / student,Remote,15000,15000,MBA
2025WSHP0862,Campus Ambassador,campus ambassador,entry-level / student,Remote,0,0,Any
2025WSHP0863,Video Editing/Making,video editing/making,entry-level / student,Pune,4000,7000,Any
2025WSHP0864,Telecalling,telecalling,entry-level / student,Bangalore,11000,14000,Any
2025WSHP0865,Human Resources (HR),human resources (hr),entry-level / student,Remote,5000,16000,Any
2025WSHP0866,Video Editing/Making,video editing/making,entry-level / student,Delhi,5000,8000,Any
2025WSHP0867,Content and Social Media Marketing,marketing,entry-level / student,Remote,10000,20000,Any
2025WSHP0868,Sales and Marketing,marketing,entry-level / student,Faridabad,8000,10000,Any
2025WSHP0869,Founders Office - Business,founders office - business,entry-level / student,Bangalore,25000,25000,MBA
2025WSHP0870,Strategy,strategy,entry-level / student,Mumbai,7000,8000,Any
2025WSHP0871,Sales And Customer Engagement,sales and customer engagement,entry-level / student,Bangalore,2000,5000,Any
2025WSHP0872,Pre- Sales,pre- sales,entry-level / student,Gurgaon,9000,10000,Any
2025WSHP0873,Social Media Marketing,marketing,entry-level / student,Delhi,10000,12000,Any
2025WSHP0874,Outreach SEO Intern,marketing,entry-level / student,Remote,2000,3000,Any
2025WSHP0875,Corporate Sales,corporate sales,entry-level / student,Chennai,30000,40000,Any
2025WSHP0876,Java Development,java development,entry-level / student,Chennai,20000,30000,Any
2025WSHP0877,Software Development Engineering (Web),software development engineering (web),entry-level / student,Chennai,20000,35000,Any
2025WSHP0878,Graphic Design,design,entry-level / student,Remote,12000,18000,Any
2025WSHP0879,Nothing,nothing,entry-level / student,Not Available,0,0,Any
2025WSHP0880,Frontend Development (Angular Js),frontend development,entry-level / student,Bangalore,14999,15000,Any
2025WSHP0881,Talent/Model Manager - Business Development,talent/model manager - business development,entry-level / student,Mumbai,8000,10000,Any
2025WSHP0882,AI Agent Development,machine learning / ai,entry-level / student,Chennai,30000,40000,Any
2025WSHP0883,Video Editing/Making,video editing/making,entry-level / student,Gurgaon,5000,5000,Any
2025WSHP0884,Founder’s Office,founder’s office,entry-level / student,Noida,5000,9000,Any
2025WSHP0885,Digital Marketing,marketing,entry-level / student,Ghaziabad,5000,10000,Any
2025WSHP0886,Creative Ops (Content),creative ops (content),entry-level / student,Bangalore,10000,15000,Any
2025WSHP0887,Sales,sales,entry-level / student,Remote,1500,1500,Any
2025WSHP0888,Retail Marketing,machine learning / ai,entry-level / student,Mumbai,12000,15000,MBA
2025WSHP0889,React Native Development,mobile development,entry-level / student,Bangalore,15000,18000,Any
2025WSHP0890,Accounts,accounts,entry-level / student,Delhi,3000,6000,Any
2025WSHP0891,Digital Marketing,marketing,entry-level / student,Jaipur,6000,15000,Any
2025WSHP0892,Content and Social Media Marketing,marketing,entry-level / student,Remote,10000,15000,Any
2025WSHP0893,Business Development (Sales),business development (sales),entry-level / student,Remote,10000,60000,Any
2025WSHP0894,Market Research,market research,entry-level / student,Remote,10000,10000,Any
2025WSHP0895,Finance,finance,entry-level / student,Mumbai,2000,4000,MBA
2025WSHP0896,Sales & Marketing Executive,marketing,entry-level / student,Remote,2000,25000,Any
2025WSHP0897,Web Development,web development,entry-level / student,Remote,5000,6000,Any
2025WSHP0898,Digital Marketing,marketing,entry-level / student,Thane,9500,10000,Any
2025WSHP0899,Content and Social Media Marketing,marketing,entry-level / student,Mumbai,6000,8000,Any
2025WSHP0900,Video Editing/Making,video editing/making,entry-level / student,Remote,7000,10000,Any
2025WSHP0901,Digital Content Trailblazer,machine learning / ai,entry-level / student,Remote,15000,25000,Any
2025WSHP0902,Digital Marketing,marketing,entry-level / student,Hyderabad,5000,5000,Any
2025WSHP0903,Talent Acquisition,frontend development,entry-level / student,Mumbai,10000,15000,Any
2025WSHP0904,Talent Acquisition,frontend development,entry-level / student,Mumbai,8000,12000,Any
2025WSHP0905,Software Development Engineering (Web),software development engineering (web),entry-level / student,Chennai,20000,35000,Any
2025WSHP0906,Recruitment,frontend development,entry-level / student,Remote,10000,10000,Any
2025WSHP0907,Machine Learning,machine learning / ai,entry-level / student,Remote,15000,25000,Any
2025WSHP0908,Graphic Design,design,entry-level / student,Remote,5000,10000,Any
2025WSHP0909,Field Sales,field sales,entry-level / student,Kolkata,17000,38000,Any
2025WSHP0910,Campus Ambassador,campus ambassador,entry-level / student,Remote,0,0,Any
2025WSHP0911,Video Editing/Making,video editing/making,entry-level / student,Remote,12000,15000,Any
2025WSHP0912,Marketing (AI Solutions),machine learning / ai,entry-level / student,Mumbai,10000,35000,MBA
2025WSHP0913,Business Development (Sales),business development (sales),entry-level / student,Mumbai,12000,20000,Any
2025WSHP0914,Python Development,python development,entry-level / student,Remote,10000,20000,Any
2025WSHP0915,Graphic Design,design,entry-level / student,Remote,7000,15000,Any
2025WSHP0916,Video Editing/Making,video editing/making,entry-level / student,Bangalore,10000,15000,Any
2025WSHP0917,Sales and Marketing,marketing,entry-level / student,Delhi,4000,6000,Any
2025WSHP0918,Inside Sales,inside sales,entry-level / student,Chennai,6000,9000,Any
2025WSHP0919,Associate Technical Delivery Manager,associate technical delivery manager,entry-level / student,Remote,5000,10000,Any
2025WSHP0920,Sales Executive,sales executive,entry-level / student,Hyderabad,10000,10000,Any
2025WSHP0921,Content and Social Media Marketing,marketing,entry-level / student,Remote,3000,6000,Any
2025WSHP0922,Graphic Design,design,entry-level / student,Remote,5000,7000,Any
2025WSHP0923,Front End Development,front end development,entry-level / student,Remote,1000,1000,Any
2025WSHP0924,Recruitment,frontend development,entry-level / student,Mumbai,15000,15000,Any
2025WSHP0925,Digital Marketing,marketing,entry-level / student,Mumbai,5000,10000,Any
2025WSHP0926,Human Resources (HR),human resources (hr),entry-level / student,Noida,5000,10000,Any
2025WSHP0927,Finance Derivatives Analyst,finance derivatives analyst,entry-level / student,Remote,1000,1100,Any
2025WSHP0928,Founders Office,founders office,entry-level / student,Delhi,25000,25000,Any
2025WSHP0929,React Native Development,mobile development,entry-level / student,Bangalore,10000,15000,B.Tech
2025WSHP0930,Social Media Marketing,marketing,entry-level / student,Remote,3000,5000,Any
2025WSHP0931,Content and Social Media Marketing,marketing,entry-level / student,Remote,1000,2000,Any
2025WSHP0932,Data Science,data science / analytics,entry-level / student,Chennai,10000,20000,Any
2025WSHP0933,Back Office - Hyderabad,back office - hyderabad,entry-level / student,Hyderabad,25000,25000,Any
2025WSHP0934,Node.js Development,node.js development,entry-level / student,Bangalore,12000,15000,Any
2025WSHP0935,Yoga Teacher/Wellness Coach/Fitness Coach,yoga teacher/wellness coach/fitness coach,entry-level / student,Mumbai,10000,10000,MBA
2025WSHP0936,School Shadow Teacher,school shadow teacher,entry-level / student,Thane,10000,14000,Any
2025WSHP0937,Human Resources (HR),human resources (hr),entry-level / student,Pune,5000,5000,Any
2025WSHP0938,Operation and Project Management (Malayalam),operation and project management (malayalam),entry-level / student,Pune,14000,20000,Any
2025WSHP0939,Accounting & Taxation,accounting & taxation,entry-level / student,Faridabad,5000,7000,Any
2025WSHP0940,Full Stack Development,full stack development,entry-level / student,Remote,10000,15000,Any
2025WSHP0941,Talent Acquisition,frontend development,entry-level / student,Gurgaon,10001,25002,Any
2025WSHP0942,Videography,videography,entry-level / student,Bangalore,3000,5000,Any
2025WSHP0943,Content Writing,content writing,entry-level / student,Remote,0,0,Any
2025WSHP0944,Content and Social Media Marketing,marketing,entry-level / student,Mumbai,10000,10000,Any
2025WSHP0945,Content and Social Media Marketing,marketing,entry-level / student,Delhi,15000,20000,Any
2025WSHP0946,Content and Social Media Marketing,marketing,entry-level / student,Gurgaon,12000,12000,Any
2025WSHP0947,Content and Social Media Marketing,marketing,entry-level / student,Bangalore,10000,18000,Any
2025WSHP0948,Human Resources (HR),human resources (hr),entry-level / student,Pune,8500,11000,Any
2025WSHP0949,Social Media Marketing,marketing,entry-level / student,Thane,5000,5000,MBA
2025WSHP0950,Field Sales,field sales,entry-level / student,Delhi,2000,10000,Any
2025WSHP0951,Customer & Production Coordinator,customer & production coordinator,entry-level / student,Bangalore,15000,25000,Any
2025WSHP0952,E-Commerce Sales,e-commerce sales,entry-level / student,Bangalore,5000,10000,Any
2025WSHP0953,Field Sales,field sales,entry-level / student,Mumbai,6000,13000,MBA
2025WSHP0954,Civil Engineering,civil engineering,entry-level / student,Chennai,20000,35000,Any
2025WSHP0955,Growth Marketing,marketing,entry-level / student,Bangalore,12000,12000,MBA
2025WSHP0956,Executive & Marketing Assistant,marketing,entry-level / student,Remote,17000,25000,Any
2025WSHP0957,Business Development (Sales),business development (sales),entry-level / student,Thane,5000,5000,MBA
2025WSHP0958,Full Stack Development,full stack development,entry-level / student,Remote,18000,23000,Any
2025WSHP0959,Business Development & Lead Management (International & Domestic Sales),business development & lead management (internatio,senior / experienced,Remote,16000,110000,Any
2025WSHP0960,Admin Support,admin support,entry-level / student,Hyderabad,5000,8000,Diploma
2025WSHP0961,Graphic Design,design,entry-level / student,Mumbai,10000,10000,Any
2025WSHP0962,Business Development (Sales),business development (sales),entry-level / student,Hyderabad,10000,19000,Any
2025WSHP0963,Frontend Developer / UI Designer,frontend development,entry-level / student,Remote,15000,30000,Any
2025WSHP0964,Sales Executive (IoT),sales executive (iot),entry-level / student,Hyderabad,12000,17000,B.Tech
2025WSHP0965,Marketing,marketing,entry-level / student,Delhi,8000,15000,Any
2025WSHP0966,Research Associate,research associate,entry-level / student,Remote,2000,5000,Any
2025WSHP0967,Business Development (Sales),business development (sales),entry-level / student,Remote,5000,5500,Any
2025WSHP0968,Business Development (Sales),business development (sales),entry-level / student,Remote,2500,17000,Any
2025WSHP0969,Technical Content Creator (Video),technical content creator (video),entry-level / student,Remote,10000,10000,B.Tech
2025WSHP0970,Web Development,web development,entry-level / student,Remote,4000,5000,Any
2025WSHP0971,Search Engine Optimization (SEO),marketing,entry-level / student,Mumbai,4000,5000,Any
2025WSHP0972,Experience Partner (Sales),experience partner (sales),entry-level / student,Chennai,10000,20000,Any
2025WSHP0973,Graphic Designer,design,entry-level / student,Mumbai,8000,10000,Any
2025WSHP0974,Video Editing/Making,video editing/making,entry-level / student,Mumbai,5000,13000,Any
2025WSHP0975,Video Editing/Making,video editing/making,entry-level / student,Noida,5000,10000,Any
2025WSHP0976,Content and Social Media Marketing,marketing,entry-level / student,Remote,1000,2000,Any
2025WSHP0977,Social Media Marketing,marketing,entry-level / student,Remote,0,0,Any
2025WSHP0978,Live Operations,live operations,entry-level / student,Remote,7000,7000,Any
2025WSHP0979,ReactJS Development,reactjs development,entry-level / student,Remote,2500,2500,Any
2025WSHP0980,Business Development (Sales),business development (sales),entry-level / student,Remote,8500,11500,Any
2025WSHP0981,Graphic Design,design,entry-level / student,Bangalore,6000,20000,Any
2025WSHP0982,UI/UX Design,frontend development,entry-level / student,Remote,10000,20000,Any
2025WSHP0983,Visual Design,design,entry-level / student,Remote,25000,25000,Any
2025WSHP0984,Human Resources (HR),human resources (hr),entry-level / student,Bangalore,10000,15000,Any
2025WSHP0985,Business Development (Sales),business development (sales),entry-level / student,Kolkata,3000,4000,Any
2025WSHP0986,Accounts,accounts,entry-level / student,Kolkata,7500,9500,Any
2025WSHP0987,Graphic Design,design,entry-level / student,Jaipur,2000,5000,Any
2025WSHP0988,Finance Content Writer,finance content writer,entry-level / student,Remote,10000,15000,Any
2025WSHP0989,Artificial Intelligence (AI),machine learning / ai,entry-level / student,Remote,25000,35000,Any
2025WSHP0990,Sales and Marketing,marketing,entry-level / student,Remote,8000,13000,Any
2025WSHP0991,Flutter Development,mobile development,entry-level / student,Gurgaon,35000,50000,Any
2025WSHP0992,Graphic Design,design,entry-level / student,Gurgaon,8000,10000,Any
2025WSHP0993,Experience Partners (Sales),experience partners (sales),entry-level / student,Chennai,10000,20000,Any
2025WSHP0994,Photography,photography,entry-level / student,Delhi,6000,10000,Any
2025WSHP0995,Marketing,marketing,entry-level / student,Chandigarh,10000,12000,Any
2025WSHP0996,Sales and Marketing,marketing,entry-level / student,Anantapur,25000,29000,Any
2025WSHP0997,AI Video Creator,machine learning / ai,entry-level / student,Delhi,6000,13000,Any
2025WSHP0998,Business Development (Sales),business development (sales),entry-level / student,Anantapur,9500,15000,Any
2025WSHP0999,Sales and Marketing,marketing,entry-level / student,Remote,6000,8000,Any
2025WSHP1000,Entrepreneur In Residence,entrepreneur in residence,entry-level / student,Gurgaon,10000,10000,MBA
2025WSHP1001,Nothing,nothing,entry-level / student,Not Available,0,0,Any
2025WSHP1002,Business Development (Sales),business development (sales),entry-level / student,Delhi,25000,55000,Any
2025WSHP1003,sales,sales,entry-level / student,Mumbai,15000,15000,MBA
2025WSHP1004,Inhouse Art Content Creator,inhouse art content creator,entry-level / student,Mumbai,8000,12000,Any
2025WSHP1005,Content and Social Media Marketing,marketing,entry-level / student,Mumbai,10000,12000,Any
2025WSHP1006,Nothing,nothing,entry-level / student,Not Available,0,0,Any
2025WSHP1007,Fashion Design And Merchandising,design,entry-level / student,Delhi,2500,5000,Any
2025WSHP1008,Software Engineering (Devops),devops / infrastructure,entry-level / student,Remote,8000,10000,Any
2025WSHP1009,Telecalling,telecalling,entry-level / student,Mumbai,12000,14000,Any
2025WSHP1010,Crowdfunding,crowdfunding,entry-level / student,Remote,1500,15000,Any
2025WSHP1011,Social Media Marketing,marketing,entry-level / student,Remote,5000,7000,Any
2025WSHP1012,Video Editing/Making,video editing/making,entry-level / student,Remote,10000,15000,Any
2025WSHP1013,Game Development,game development,entry-level / student,Chennai,25000,35000,Any
2025WSHP1014,Creative Design,design,entry-level / student,Noida,10000,15000,Any
2025WSHP1015,Facebook And Google Ads,facebook and google ads,entry-level / student,Remote,5000,6000,Any
2025WSHP1016,Sales and Marketing,marketing,entry-level / student,Faridabad,17000,30000,Any
2025WSHP1017,BAMS DR (SOCIAL MEDIA),marketing,entry-level / student,Delhi,10000,12000,Any
2025WSHP1018,Business Analytics,business analytics,entry-level / student,Chennai,0,0,Any
2025WSHP1019,Nothing,nothing,entry-level / student,Not Available,0,0,Any
2025WSHP1020,Business Development (Sales),business development (sales),entry-level / student,Chennai,17000,35000,MBA
2025WSHP1021,Product Listing,product listing,entry-level / student,Bangalore,15000,20000,Any
2025WSHP1022,Digital Marketing Ads and Social Media Growth (Performance + Incentives),marketing,entry-level / student,Remote,6999,10000,Any
2025WSHP1023,Video Editing/Making,video editing/making,entry-level / student,Remote,5000,10000,Any
2025WSHP1024,GTM Engineer,gtm engineer,entry-level / student,Remote,15000,20000,Any
2025WSHP1025,Digital Marketing,marketing,entry-level / student,Gurgaon,5000,10000,Any
2025WSHP1026,Marketing,marketing,entry-level / student,Bangalore,12000,12000,Any
2025WSHP1027,Business Development (Sales),business development (sales),entry-level / student,Remote,6000,15000,Any
2025WSHP1028,Youtube Manager,youtube manager,entry-level / student,Delhi,15000,25000,Any
2025WSHP1029,Law/Legal,law/legal,entry-level / student,Mumbai,9000,9000,Any
2025WSHP1030,Learning & Development,learning & development,entry-level / student,Thane,10000,15000,Any
2025WSHP1031,Administration,administration,entry-level / student,Hyderabad,3000,3000,Any
2025WSHP1032,Business Analytics,business analytics,entry-level / student,Mumbai,0,0,Any
2025WSHP1033,Business Development (Sales),business development (sales),entry-level / student,Bangalore,17000,30000,Any
2025WSHP1034,Social Media Marketing,marketing,entry-level / student,Mumbai,9000,18000,Any
2025WSHP1035,Business Development (Sales),business development (sales),entry-level / student,Pune,3000,8000,Any
2025WSHP1036,Graphic Design,design,entry-level / student,Faridabad,7000,8000,Any
2025WSHP1037,Mystery Game Content Creation,mystery game content creation,entry-level / student,Remote,6000,8000,Any
2025WSHP1038,Product/Transportation/Mobility Design,design,entry-level / student,Remote,5000,5000,Any
2025WSHP1039,Market Research,market research,entry-level / student,Mumbai,8000,10000,Any
2025WSHP1040,CNC Machine Setter And Operator.,cnc machine setter and operator.,entry-level / student,Pune,9000,12000,Any
2025WSHP1041,Marketing,marketing,entry-level / student,Hyderabad,15000,20000,Any
2025WSHP1042,Human Resources (HR),human resources (hr),entry-level / student,Mumbai,7000,20000,Any
2025WSHP1043,Content Writing,content writing,entry-level / student,Delhi,4000,5000,Any
2025WSHP1044,AI Engineer,machine learning / ai,entry-level / student,Pune,8000,15000,Any
2025WSHP1045,Shopify,shopify,entry-level / student,Gurgaon,10000,11000,Any
2025WSHP1046,Business Development (Sales),business development (sales),entry-level / student,Delhi,10000,12000,Any
2025WSHP1047,Brand Management,brand management,entry-level / student,Chennai,6000,10000,Any
2025WSHP1048,Founders Office,founders office,entry-level / student,Jaipur,10000,13000,Any
2025WSHP1049,Graphic Design,design,entry-level / student,Mumbai,10000,15000,Any
2025WSHP1050,React Native Development (iOS APP Development),mobile development,entry-level / student,Remote,2500,10000,Any
2025WSHP1051,Restaurants Manager,restaurants manager,entry-level / student,Ghaziabad,5000,8000,Any
2025WSHP1052,Business Development (Sales),business development (sales),entry-level / student,Pune,10000,10000,Any
2025WSHP1053,Front End Development,front end development,entry-level / student,Remote,10000,15000,Any
2025WSHP1054,Human Resources (HR),human resources (hr),entry-level / student,Remote,3000,5000,Any
2025WSHP1055,Data Science,data science / analytics,entry-level / student,Remote,15000,25000,Any
2025WSHP1056,Content and Social Media Marketing,marketing,entry-level / student,Faridabad,15000,20000,Any
2025WSHP1057,Administration,administration,entry-level / student,Delhi,12000,18000,Any
2025WSHP1058,Market Research,market research,entry-level / student,Remote,7500,15000,Any
2025WSHP1059,Software Development Engineering (Web),software development engineering (web),entry-level / student,Remote,3500,6000,Any
2025WSHP1060,Content and Social Media Marketing,marketing,entry-level / student,Delhi,13000,17000,Any
2025WSHP1061,Video Editing/Making,video editing/making,entry-level / student,Remote,2200,5000,Any
2025WSHP1062,Garment Technologist,garment technologist,entry-level / student,Remote,1500,2000,Any
2025WSHP1063,Nursery Teacher,nursery teacher,entry-level / student,Delhi,7000,8000,Any
2025WSHP1064,Flutter Development,mobile development,entry-level / student,Remote,12000,15000,Any
2025WSHP1065,Social Media Marketing,marketing,entry-level / student,Gurgaon,10000,30000,Any
2025WSHP1066,Social Media Marketing,marketing,entry-level / student,Remote,1000,1500,Any
2025WSHP1067,Account Management,account management,entry-level / student,Remote,4000,5000,Any
2025WSHP1068,Content and Social Media Marketing,marketing,entry-level / student,Delhi,12000,12000,Any
2025WSHP1069,Content Writer,content writer,entry-level / student,Mumbai,10000,15000,Any
2025WSHP1070,Human Resources - Compensation Benchmarking,human resources - compensation benchmarking,entry-level / student,Mumbai,15000,35000,Any
2025WSHP1071,Human Resources (HR),human resources (hr),entry-level / student,Delhi,4000,6001,Any
2025WSHP1072,React Developer,react developer,entry-level / student,Noida,15000,30000,Any
2025WSHP1073,Associate Consultant,associate consultant,entry-level / student,Chennai,20000,35000,Any
2025WSHP1074,HR Recruiter,frontend development,entry-level / student,Mumbai,5000,7500,Any
2025WSHP1075,Nothing,nothing,entry-level / student,Not Available,0,0,Any
2025WSHP1076,Full Stack Development,full stack development,entry-level / student,Bangalore,20000,30000,Any
2025WSHP1077,Sales and Marketing,marketing,entry-level / student,Agra,15000,65000,MBA
2025WSHP1078,HR Recruiter,frontend development,entry-level / student,Bangalore,10000,15000,Any
2025WSHP1079,Business Development (Sales),business development (sales),entry-level / student,Mumbai,7000,10000,Any
2025WSHP1080,Business Development Sales - MBA Graduates,business development sales - mba graduates,entry-level / student,Mumbai,15000,25000,MBA
2025WSHP1081,Events Research Executive,events research executive,entry-level / student,Gurgaon,8000,15000,Any
2025WSHP1082,Influencer (for Ad Videos),influencer (for ad videos),entry-level / student,Delhi,4000,5000,MBA
2025WSHP1083,Human Resources (HR),human resources (hr),entry-level / student,Pune,15000,20000,Any
2025WSHP1084,Mechanical Design Engineer,design,entry-level / student,Pimpri-Chinchwad,15000,18000,Any
2025WSHP1085,Search Engine Optimization (SEO),marketing,entry-level / student,Chennai,30000,40000,Any
2025WSHP1086,Brand Management,brand management,entry-level / student,Chennai,20000,35000,Any
2025WSHP1087,Social Entrepreneurship,social entrepreneurship,entry-level / student,Remote,1500,10000,Any
2025WSHP1088,Real Estate/Administration,real estate/administration,entry-level / student,Delhi,14000,19000,Any
2025WSHP1089,Field Sales,field sales,entry-level / student,Bangalore,9000,11000,Any
2025WSHP1090,Corporate Sales,corporate sales,entry-level / student,Pune,12000,18000,MBA
2025WSHP1091,Business Development (Sales),business development (sales),entry-level / student,Remote,10000,10000,Any
2025WSHP1092,Digital Marketing,marketing,entry-level / student,Mumbai,9000,25000,Diploma
2025WSHP1093,Graphic Design,design,entry-level / student,Remote,10000,10000,Any
2025WSHP1094,E-Commerce Operations,e-commerce operations,entry-level / student,Remote,7000,7000,Any
2025WSHP1095,Account Management,account management,entry-level / student,Mumbai,14000,15000,Any
2025WSHP1096,Graphic Design,design,entry-level / student,Noida,7000,10000,Any
2025WSHP1097,Graphic Design,design,entry-level / student,Mumbai,25000,40000,Any
2025WSHP1098,Business Operations,business operations,entry-level / student,Bangalore,25000,25000,Any
2025WSHP1099,Content and Social Media Marketing,marketing,entry-level / student,Remote,5000,8000,Any
2025WSHP1100,Photography,photography,entry-level / student,Delhi,8000,12000,Any
2025WSHP1101,Operations And Monitoring,operations and monitoring,entry-level / student,Mumbai,10000,15000,Any
2025WSHP1102,Business Development (Sales),business development (sales),entry-level / student,Bangalore,14000,21000,Any
2025WSHP1103,Video Editing/Making,video editing/making,entry-level / student,Remote,7000,7000,Any
2025WSHP1104,Telecalling,telecalling,entry-level / student,Kolkata,6000,8000,Any
2025WSHP1105,Operations & Project Management,operations & project management,entry-level / student,Pune,14000,20000,Any
2025WSHP1106,Full Stack Development,full stack development,entry-level / student,Pune,12000,15000,Any
2025WSHP1107,UGC NET Paper I Content Curator,ugc net paper i content curator,entry-level / student,Remote,6000,8000,Any
2025WSHP1108,Human Resources (HR),human resources (hr),entry-level / student,Mumbai,10000,15000,MBA
2025WSHP1109,Business Development (Sales),business development (sales),entry-level / student,Pune,11500,17500,MBA
2025WSHP1110,Nothing,nothing,entry-level / student,Not Available,0,0,Any
2025WSHP1111,Operations,operations,entry-level / student,Bangalore,8000,10000,Any
2025WSHP1112,Business Development (Sales),business development (sales),entry-level / student,Pune,15000,15000,Any
2025WSHP1113,Architecture,architecture,senior / experienced,Bangalore,5000,8000,Any
2025WSHP1114,Marketing,marketing,entry-level / student,Anekal,10000,15000,Any
2025WSHP1115,Social Media,marketing,entry-level / student,Bangalore,15000,18000,Any
2025WSHP1116,Data Entry,data entry,entry-level / student,Bangalore,8000,11000,Any
2025WSHP1117,Java Development,java development,entry-level / student,Mumbai,8000,12000,Any
2025WSHP1118,Program Management,program management,entry-level / student,Thane,10000,20000,MBA
2025WSHP1119,Sales Executive – Outbound Sales (Enterprise Software),sales executive – outbound sales (enterprise softw,entry-level / student,Remote,3000,5000,Any
2025WSHP1120,Assistant Manager VCIP – Fixed Term Contract (6 Months),assistant manager vcip – fixed term contract (6 mo,entry-level / student,Chennai,0,0,Any
2025WSHP1121,Inside Sales (Female Only),inside sales (female only),entry-level / student,Gurgaon,18000,20000,Any
2025WSHP1122,Social Media Marketing,marketing,entry-level / student,Mumbai,15000,15001,Any
2025WSHP1123,Customer Success (Tech Support - SaaS Software),customer success (tech support - saas software),entry-level / student,Remote,12000,15000,Any
2025WSHP1124,Content Writing,content writing,entry-level / student,Delhi,8000,10000,Any
2025WSHP1125,Human Resources (HR),human resources (hr),entry-level / student,Mumbai,5000,15000,Any
2025WSHP1126,Supply Chain,machine learning / ai,entry-level / student,Mumbai,18000,20000,Any
2025WSHP1127,Content and Social Media Marketing,marketing,entry-level / student,Delhi,5000,7500,Any
2025WSHP1128,AI & ERPNext Full-Stack Developer,machine learning / ai,entry-level / student,Remote,4000,7000,B.Tech
2025WSHP1129,Telemarketing - B2B,marketing,entry-level / student,Pune,12000,12000,Any
2025WSHP1130,Front End Development,front end development,entry-level / student,Remote,9000,10000,Any
2025WSHP1131,Communication,communication,entry-level / student,Hyderabad,7000,8000,Any
2025WSHP1132,Content & E-Commerce Management,content & e-commerce management,entry-level / student,Remote,4000,6000,Any
2025WSHP1133,Field Sales,field sales,entry-level / student,Pune,8000,16000,Any
2025WSHP1134,Sales & Marketing,marketing,entry-level / student,Bangalore,10000,15000,Any
2025WSHP1135,Law/Legal,law/legal,entry-level / student,Remote,0,0,Any
2025WSHP1136,Sales and Marketing,marketing,entry-level / student,Kolkata,6000,12000,Any
2025WSHP1137,Social Media Marketing,marketing,entry-level / student,Remote,4999,5001,Any
2025WSHP1138,ESG Platform Coordinator,esg platform coordinator,entry-level / student,Chennai,9000,15000,Any
2025WSHP1139,Social Sector,social sector,entry-level / student,Remote,1500,10000,Any
2025WSHP1140,Graphic Design,design,entry-level / student,Remote,3000,5000,Any
2025WSHP1141,Personal Assistant ( Traveller ),personal assistant ( traveller ),entry-level / student,Mumbai,5000,5000,Any
2025WSHP1142,Business Development (Sales),business development (sales),entry-level / student,Bangalore,8000,22000,Any
2025WSHP1143,Business Development (Sales),business development (sales),entry-level / student,Bangalore,25000,35000,Any
2025WSHP1144,Python Development,python development,entry-level / student,Remote,15000,25000,Any
2025WSHP1145,Project Management,project management,entry-level / student,Remote,1500,8000,Any
2025WSHP1146,Business Development (Sales),business development (sales),entry-level / student,Gurgaon,23000,35000,Any
2025WSHP1147,PHP Development,php development,entry-level / student,Chennai,20000,45000,Any
2025WSHP1148,Marketing,marketing,entry-level / student,Delhi,12000,15000,Any
2025WSHP1149,Video Editing/Making,video editing/making,entry-level / student,Noida,5000,9000,Any
2025WSHP1150,ReactJS Development,reactjs development,entry-level / student,Faridabad,3000,12000,Any
2025WSHP1151,Social Media Marketing,marketing,entry-level / student,Remote,4000,4000,Any
2025WSHP1152,Content and Social Media Marketing,marketing,entry-level / student,Pune,10000,15000,Any
2025WSHP1153,Sales,sales,entry-level / student,Remote,3000,5000,Any
2025WSHP1154,Field Sales,field sales,entry-level / student,Ambala,15000,18500,Any
2025WSHP1155,Product Interface Developer,product interface developer,entry-level / student,Gurgaon,11000,15000,Any
2025WSHP1156,Search Engine Optimization (SEO),marketing,entry-level / student,Remote,10000,12000,Any
2025WSHP1157,Content Writing,content writing,entry-level / student,Remote,15000,45000,Any
2025WSHP1158,Digital Marketing,marketing,entry-level / student,Remote,15000,15001,Any
2025WSHP1159,Business Development (Sales),business development (sales),entry-level / student,Bangalore,17000,18000,Any
2025WSHP1160,Human Resources (HR),human resources (hr),entry-level / student,Ghaziabad,15000,15000,Any
2025WSHP1161,Artificial Intelligence (AI),machine learning / ai,entry-level / student,Remote,25000,30000,B.Tech
2025WSHP1162,7 Days Virtual Charity Drive,7 days virtual charity drive,entry-level / student,Remote,1500,10000,Any
2025WSHP1163,Marketing,marketing,entry-level / student,Noida,18000,27000,Any
2025WSHP1164,Backend Development,backend development,entry-level / student,Remote,15000,20000,Any
2025WSHP1165,Content and Social Media Marketing,marketing,entry-level / student,Remote,6000,7000,Any
2025WSHP1166,Graphic Design,design,entry-level / student,Chennai,3000,3000,Any
2025WSHP1167,Sales and Marketing,marketing,entry-level / student,Ghaziabad,12000,15000,Any
2025WSHP1168,Business Development (Sales),business development (sales),entry-level / student,Remote,1000,10000,Any
2025WSHP1169,Media Sales,media sales,entry-level / student,Chennai,10000,12000,Any
2025WSHP1170,Electrical Engineering,electrical engineering,entry-level / student,Mumbai,10000,15000,MBA
2025WSHP1171,Data Analytics,data analytics,entry-level / student,Delhi,8000,10000,Any
2025WSHP1172,Media & Public Relations (PR),media & public relations (pr),entry-level / student,Remote,0,0,Any
2025WSHP1173,Search Engine Optimization (SEO),marketing,entry-level / student,Gurgaon,10000,15000,Any
2025WSHP1174,Accounting & Tally,accounting & tally,entry-level / student,Chennai,10000,12000,Any
2025WSHP1175,sales,sales,entry-level / student,Gurgaon,15000,25000,Any
2025WSHP1176,Web Development,web development,entry-level / student,Jaipur,5000,6000,Any
2025WSHP1177,CA Articleship,ca articleship,entry-level / student,Delhi,10000,12000,Any
2025WSHP1178,Social Work,social work,entry-level / student,Remote,1500,15000,Any
2025WSHP1179,E-Commerce Operations,e-commerce operations,entry-level / student,Bhopal,7000,15000,Any
2025WSHP1180,Influencer,influencer,entry-level / student,Remote,5000,5001,Any
2025WSHP1181,Business Development (Sales),business development (sales),entry-level / student,Remote,6500,19001,Any
2025WSHP1182,Content and Social Media Marketing,marketing,entry-level / student,Mumbai,7000,10000,Any
2025WSHP1183,Campus Ambassador,campus ambassador,entry-level / student,Chennai,0,0,Any
2025WSHP1184,Business Development (Sales),business development (sales),entry-level / student,Remote,20000,30000,Any
2025WSHP1185,Fashion Merchandising,fashion merchandising,entry-level / student,Faridabad,5000,6000,Any
2025WSHP1186,Human Resources,human resources,entry-level / student,Hyderabad,5000,7000,Any
2025WSHP1187,Digital Marketing,marketing,entry-level / student,Ghaziabad,2000,2500,Any
2025WSHP1188,Nothing,nothing,entry-level / student,Not Available,0,0,Any
2025WSHP1189,sales,sales,entry-level / student,Chennai,10000,20000,Any
2025WSHP1190,Recruitment Consultant,frontend development,entry-level / student,Noida,8000,10000,Any
2025WSHP1191,Nothing,nothing,entry-level / student,Not Available,0,0,Any
2025WSHP1192,Inside Sales,inside sales,entry-level / student,Delhi,10000,15000,Any
2025WSHP1193,Business Development (Sales),business development (sales),entry-level / student,Remote,6000,14000,Any
2025WSHP1194,Event Design,design,entry-level / student,Mumbai,6000,10000,Any
2025WSHP1195,Business Development (Sales),business development (sales),entry-level / student,Noida,12000,15000,Any
2025WSHP1196,Video Editing/Making,video editing/making,entry-level / student,Delhi,5000,6000,Any
2025WSHP1197,Nothing,nothing,entry-level / student,Not Available,0,0,Any
2025WSHP1198,Recruitment,frontend development,entry-level / student,Pune,7000,7500,Any
2025WSHP1199,Video Editing & Graphics,design,entry-level / student,Remote,0,0,Any
2025WSHP1200,Video Editing/Making,video editing/making,entry-level / student,Gurgaon,12000,15000,Any
2025WSHP1201,Social Media Marketing,marketing,entry-level / student,Mumbai,7000,7000,MBA
2025WSHP1202,Video Editing/Making,video editing/making,entry-level / student,Remote,5000,15000,Any
2025WSHP1203,Influencer Marketing,marketing,entry-level / student,Remote,2000,5000,Any
2025WSHP1204,Video Influencer (UGC Content),video influencer (ugc content),entry-level / student,Remote,8000,8000,Any
2025WSHP1205,Interior Product Listing,interior product listing,entry-level / student,Bangalore,15000,16000,Any
2025WSHP1206,Marathi Audio Recording Expert (Pair Recording),machine learning / ai,entry-level / student,Remote,1000,1500,Any
2025WSHP1207,Social Media Marketing,marketing,entry-level / student,Bangalore,2750,5500,Any
2025WSHP1208,Content & E-Commerce Management,content & e-commerce management,entry-level / student,Noida,10000,12000,Any
2025WSHP1209,Social Media Marketing,marketing,entry-level / student,Remote,6000,6000,Any
2025WSHP1210,Campus Ambassador,campus ambassador,entry-level / student,Pune,0,0,Any
2025WSHP1211,Product Design,design,entry-level / student,Chennai,30000,40000,Any
2025WSHP1212,Social Media Marketing,marketing,entry-level / student,Mumbai,7000,8000,Any
2025WSHP1213,Human Resources (HR),human resources (hr),entry-level / student,Mumbai,10000,15000,Any
2025WSHP1214,Business Analyst,business analyst,entry-level / student,Chennai,10000,10000,Any
2025WSHP1215,WordPress Development,wordpress development,entry-level / student,Mumbai,10000,12000,MBA
2025WSHP1216,Inside Sales,inside sales,entry-level / student,Pune,10000,17000,Any
2025WSHP1217,Campus Ambassador,campus ambassador,entry-level / student,Remote,0,0,Any
2025WSHP1218,Business Development (Sales),business development (sales),entry-level / student,Mumbai,8000,10000,Any
2025WSHP1219,Video Editing/Making,video editing/making,entry-level / student,Noida,10000,12000,Any
2025WSHP1220,Android App Development,mobile development,entry-level / student,Remote,25000,26000,Any
2025WSHP1221,Digital Marketing,marketing,entry-level / student,Thane,3000,3000,MBA
2025WSHP1222,Law/Legal,law/legal,entry-level / student,Remote,0,0,Any
2025WSHP1223,Content Marketing,marketing,entry-level / student,Remote,5000,18000,Any
2025WSHP1224,Content Writing,content writing,entry-level / student,Noida,13000,15000,Any
2025WSHP1225,Video Editing/Making,video editing/making,entry-level / student,Gurgaon,10000,15000,Any
2025WSHP1226,Social Media Marketing,marketing,entry-level / student,Mumbai,13000,13000,Any
2025WSHP1227,Telecalling,telecalling,entry-level / student,Hyderabad,15000,15000,Any
2025WSHP1228,Business Development Manager - Female,business development manager - female,entry-level / student,Mumbai,10000,10000,Any
2025WSHP1229,Event Management,event management,entry-level / student,Remote,10000,13000,Any
2025WSHP1230,Full Stack Development,full stack development,entry-level / student,Remote,10000,15000,Any
2025WSHP1231,Social Media and Digital Marketing,marketing,entry-level / student,Remote,4000,7000,Any
2025WSHP1232,Law/Legal,law/legal,entry-level / student,Noida,2000,10000,Any
2025WSHP1233,Administration,administration,entry-level / student,Kolkata,9000,13100,Any
2025WSHP1234,Content and Social Media Marketing,marketing,entry-level / student,Gurgaon,4000,10000,Any
2025WSHP1235,Java Development,java development,entry-level / student,Gautam Buddha Nagar,20000,25000,Any
2025WSHP1236,Marketing Executive,marketing,entry-level / student,Mumbai,8000,14000,Any
2025WSHP1237,Equity Analyst,frontend development,entry-level / student,Remote,5000,5000,Any
2025WSHP1238,Delegate Acquisition,frontend development,entry-level / student,Gurgaon,14000,15000,Any
2025WSHP1239,Search Engine Optimization (SEO),marketing,entry-level / student,Delhi,3000,5000,Any
2025WSHP1240,Field Sales,field sales,entry-level / student,Remote,6000,15000,Any
2025WSHP1241,Social Work,social work,entry-level / student,Remote,0,0,Any
2025WSHP1242,Recruitment,frontend development,entry-level / student,Ghaziabad,5000,6000,Any
2025WSHP1243,Human Resources (HR),human resources (hr),entry-level / student,Ulhasnagar,12000,15000,Any
2025WSHP1244,Anchoring,anchoring,entry-level / student,Delhi,2000,4000,Any
2025WSHP1245,Video Making And Voiceover,video making and voiceover,entry-level / student,Remote,5000,10000,Any
2025WSHP1246,Creative Media Design – GTM,design,entry-level / student,Gurgaon,12000,20000,Any
2025WSHP1247,Media & Public Relations (PR),media & public relations (pr),entry-level / student,Chennai,20000,30000,Any
2025WSHP1248,Social Media & Content Creation (Reels + Engagement),marketing,entry-level / student,Remote,5000,5000,Any
2025WSHP1249,UI/UX Design,frontend development,entry-level / student,Remote,5000,5000,Any
2025WSHP1250,Video Editing/Making,video editing/making,entry-level / student,Remote,7000,8500,Any
2025WSHP1251,Mathematics Teacher,mathematics teacher,entry-level / student,Jaipur,7000,8000,Any
2025WSHP1252,Business Development (Sales),business development (sales),entry-level / student,Pune,7000,8000,Any
2025WSHP1253,Client Service (Back Office),client service (back office),entry-level / student,Mumbai,6000,7000,Any
2025WSHP1254,Graphic Design,design,entry-level / student,Indore,7000,15000,Any
2025WSHP1255,Marketing,marketing,entry-level / student,Chennai,9000,22000,Any
2025WSHP1256,Video Editing/Making,video editing/making,entry-level / student,Remote,2500,2500,Any
2025WSHP1257,Project Management,project management,entry-level / student,Remote,15000,15001,Any
2025WSHP1258,Graphic Design,design,entry-level / student,Mumbai,10000,15000,Any
2025WSHP1259,3D Visualizer – Tiles & Interior Mockup,3d visualizer – tiles & interior mockup,entry-level / student,Remote,3500,4000,Any
2025WSHP1260,Education & Outreach,education & outreach,entry-level / student,Remote,2000,2000,Any
2025WSHP1261,Business Development (Sales),business development (sales),entry-level / student,Delhi,8000,18000,Any
2025WSHP1262,Angular.js Development,angular.js development,entry-level / student,Remote,5000,30000,Any
2025WSHP1263,Business Development (Sales),business development (sales),entry-level / student,Mumbai,8000,16000,Any
2025WSHP1264,Fundraising,machine learning / ai,entry-level / student,Remote,4000,12500,Any
2025WSHP1265,ReactJS Development,reactjs development,entry-level / student,Chennai,20000,30000,Any
2025WSHP1266,Content Writing,content writing,entry-level / student,Mumbai,5000,6000,Any
2025WSHP1267,Aerospace Engineering,aerospace engineering,entry-level / student,Chennai,30000,40000,Any
2025WSHP1268,Automation Testing,automation testing,entry-level / student,Chennai,20000,25000,Any
2025WSHP1269,Campus Ambassador,campus ambassador,entry-level / student,Remote,0,0,Any
2025WSHP1270,Wealth Management,wealth management,entry-level / student,Delhi,5000,12500,Any
2025WSHP1271,Brand Management,brand management,entry-level / student,Thane,6000,12000,MBA
2025WSHP1272,Accounting & Taxation,accounting & taxation,entry-level / student,Ghaziabad,6000,20000,Any
2025WSHP1273,Client Acquisition,frontend development,entry-level / student,Delhi,20000,65000,Any
2025WSHP1274,Strategic Partnership,strategic partnership,entry-level / student,Remote,1500,15000,Any
2025WSHP1275,Social Media Marketing,marketing,entry-level / student,Jaipur,5000,8000,Any
2025WSHP1276,Content and Social Media Marketing,marketing,entry-level / student,Delhi,4000,5000,Any
2025WSHP1277,Graphic Design,design,entry-level / student,Mumbai,5000,8000,Any
2025WSHP1278,Copywriting,copywriting,entry-level / student,Pune,9000,12000,Any
2025WSHP1279,Associate Consultant,associate consultant,entry-level / student,Delhi,10000,15000,Any
2025WSHP1280,Law/Legal,law/legal,entry-level / student,Delhi,0,0,Any
2025WSHP1281,Full Stack Development,full stack development,entry-level / student,Pune,10000,15000,MBA
2025WSHP1282,Data Entry – Photo Collection Project,data entry – photo collection project,entry-level / student,Remote,16000,27000,Any
2025WSHP1283,Data Entry,data entry,entry-level / student,Pune,10000,10000,Any
2025WSHP1284,Field Sales,field sales,entry-level / student,Chennai,10000,10000,Any
2025WSHP1285,Video Editing/Making,video editing/making,entry-level / student,Delhi,8000,15000,Any
2025WSHP1286,Mobile App Development,mobile development,entry-level / student,Remote,5000,5500,Any
2025WSHP1287,Sales and Marketing,marketing,entry-level / student,Bangalore,17000,30000,Any
2025WSHP1288,Marketing,marketing,entry-level / student,Mumbai,7000,10000,Any
2025WSHP1289,Inside Sales,inside sales,entry-level / student,Bangalore,8000,10000,Any
2025WSHP1290,Video Editing/Making,video editing/making,entry-level / student,Mumbai,5000,10000,Any
2025WSHP1291,Cyber Security,cyber security,entry-level / student,Remote,10000,15000,Any
2025WSHP1292,Graphic Design,design,entry-level / student,Bangalore,15000,20000,Any
2025WSHP1293,Business Development (Sales),business development (sales),entry-level / student,Mumbai,15000,27000,MBA
2025WSHP1294,Digital Marketing,marketing,entry-level / student,Mumbai,7000,7500,MBA
2025WSHP1295,Business Development (Sales),business development (sales),entry-level / student,Mumbai,15000,30000,Any
2025WSHP1296,Video Editing/Making,video editing/making,entry-level / student,Mumbai,12000,20000,Any
2025WSHP1297,Marketing,marketing,entry-level / student,Mangalore,6000,16000,Any
2025WSHP1298,Marketing,marketing,entry-level / student,Remote,2000,5000,Any
2025WSHP1299,Business Analysis,business analysis,entry-level / student,Remote,2600,12500,Any
2025WSHP1300,Virtual Assistant Coordinator,virtual assistant coordinator,entry-level / student,Remote,3000,10000,Any
2025WSHP1301,Marketing,marketing,entry-level / student,Jaipur,8000,10000,Any
2025WSHP1302,Business Development (Sales),business development (sales),entry-level / student,Delhi,4500,7000,Any
2025WSHP1303,Marketing,marketing,entry-level / student,Bangalore,35000,35000,Any
2025WSHP1304,Digital Marketing,marketing,entry-level / student,Kolkata,5000,5001,Any
2025WSHP1305,Research & Insights,research & insights,entry-level / student,Chennai,7000,15000,Any
2025WSHP1306,Inside Sales/Demand Generation,inside sales/demand generation,entry-level / student,Delhi,10000,15000,Any
2025WSHP1307,Event Management,event management,entry-level / student,Remote,0,0,Any
2025WSHP1308,Email Marketing,machine learning / ai,entry-level / student,Noida,6000,10000,Any
2025WSHP1309,Human Resources (HR),human resources (hr),entry-level / student,Mumbai,15000,15000,Any
2025WSHP1310,Program Assistant,program assistant,entry-level / student,Remote,1500,15000,Any
2025WSHP1311,Graphic Design,design,entry-level / student,Anekal,10000,15000,Any
2025WSHP1312,Content and Social Media Marketing,marketing,entry-level / student,Mumbai,7000,9000,Any
2025WSHP1313,Media Handling,media handling,entry-level / student,Chennai,5000,10000,Any
2025WSHP1314,Event Management,event management,entry-level / student,Chennai,5000,10000,Any
2025WSHP1315,Social Media Marketing,marketing,entry-level / student,Mumbai,4000,4000,Any
2025WSHP1316,Client Acquisition Executive,frontend development,entry-level / student,Delhi,5000,7000,Any
2025WSHP1317,Social Media Marketing,marketing,entry-level / student,Delhi,6000,12000,Any
2025WSHP1318,Digital Marketing,marketing,entry-level / student,Remote,5000,10000,Any
2025WSHP1319,Sales & Communication Manager,sales & communication manager,entry-level / student,Remote,5900,10000,MBA
2025WSHP1320,Digital Marketing (Female),marketing,entry-level / student,Dombivli,5000,6000,Any
2025WSHP1321,Sales and Outreach,sales and outreach,entry-level / student,Remote,1500,15000,Any
2025WSHP1322,Business Development (Sales),business development (sales),entry-level / student,Remote,10000,10000,Any
2025WSHP1323,Business Development (Sales),business development (sales),entry-level / student,Remote,16500,20000,Any
2025WSHP1324,E-Commerce Business Management,e-commerce business management,entry-level / student,Mumbai,10000,10000,Any
2025WSHP1325,Business Development (Sales),business development (sales),entry-level / student,Remote,5000,5000,Any
2025WSHP1326,E-Commerce Operations,e-commerce operations,entry-level / student,Delhi,10000,12000,Any
2025WSHP1327,Field Sales,field sales,entry-level / student,Mumbai,23000,23000,MBA
2025WSHP1328,Graphic Design,design,entry-level / student,Bangalore,9000,12000,Any
2025WSHP1329,Business Development (Sales),business development (sales),entry-level / student,Pune,15000,15000,Any
2025WSHP1330,Social Media - Luxury Segment,frontend development,entry-level / student,Delhi,8000,15000,Any
2025WSHP1331,Center Manager - Montessori Preschool (Full Time),center manager - montessori preschool (full time),entry-level / student,Bangalore,30000,40000,Any
2025WSHP1332,Video Editing/Making,video editing/making,entry-level / student,Remote,2000,4000,Any
2025WSHP1333,HR Consultant,hr consultant,entry-level / student,Indiranagar,5000,10000,Any
2025WSHP1334,Sales and Marketing,marketing,entry-level / student,Anantapur,25000,29000,Any
2025WSHP1335,Influencer Marketing,marketing,entry-level / student,Remote,8000,10000,Any
2025WSHP1336,Accounting & Taxation,accounting & taxation,entry-level / student,Thane,10000,15000,MBA
2025WSHP1337,Lead Generation,lead generation,senior / experienced,Bangalore,15000,15000,Any
2025WSHP1338,Graphic Design,design,entry-level / student,Delhi,15000,15000,Any
2025WSHP1339,Video Creator & Editor(Full-Time),video creator & editor(full-time),entry-level / student,Remote,15000,15000,Any
2025WSHP1340,Videography And Content Creation,videography and content creation,entry-level / student,Mumbai,10000,15000,Any
2025WSHP1341,AI Research,machine learning / ai,entry-level / student,Remote,15000,20000,Any
2025WSHP1342,Medical Representative,medical representative,entry-level / student,Delhi,32000,40000,Any
2025WSHP1343,Social Media Marketing,marketing,entry-level / student,Mumbai,5000,7000,Any
2025WSHP1344,Digital Marketing,marketing,entry-level / student,Remote,5000,5000,Any
2025WSHP1345,Associate Consultant,associate consultant,entry-level / student,Remote,15000,50000,Any
2025WSHP1346,Human Resources (HR),human resources (hr),entry-level / student,Remote,5000,6000,Any
2025WSHP1347,Talent Acquisition,frontend development,entry-level / student,Noida,8000,10000,Any
2025WSHP1348,AI Character Animator Artist,machine learning / ai,entry-level / student,Remote,30000,50000,Diploma
2025WSHP1349,Online Event Management,online event management,entry-level / student,Remote,2000,2000,Any
2025WSHP1350,UIUX Graphic Designer,frontend development,entry-level / student,Remote,8000,10000,Any
2025WSHP1351,Corporate Sales,corporate sales,entry-level / student,Mumbai,10100,12500,Any
2025WSHP1352,Fashion Design,design,entry-level / student,Mumbai,8000,10000,Any
2025WSHP1353,Expert PPT/ Canva - Deck Maker,expert ppt/ canva - deck maker,entry-level / student,Remote,10000,10002,Any
2025WSHP1354,Sourcing,sourcing,entry-level / student,Mumbai,18000,20000,Any
2025WSHP1355,Influencer Marketing,marketing,entry-level / student,Chennai,20000,30000,Any
2025WSHP1356,Administration,administration,entry-level / student,Mumbai,5000,5000,Any
2025WSHP1357,Law/Legal,law/legal,entry-level / student,Delhi,0,0,Any
2025WSHP1358,Digital Marketing,marketing,entry-level / student,Pune,10000,10001,Any
2025WSHP1359,Law/Legal,law/legal,entry-level / student,Mumbai,4999,5000,MBA
2025WSHP1360,ReactJS Development,reactjs development,entry-level / student,Remote,6000,6500,Any
2025WSHP1361,Social Media Marketing,marketing,entry-level / student,Noida,7500,7500,Any
2025WSHP1362,Company Secretary (CS),company secretary (cs),entry-level / student,Kolkata,15000,20000,Any
2025WSHP1363,Corporate Sales,corporate sales,entry-level / student,Pune,12000,18000,MBA
2025WSHP1364,(Data Collector) Exclusive Internship For IPhone Users,(data collector) exclusive internship for iphone u,entry-level / student,Remote,16000,27000,Any
2025WSHP1365,Social Media Marketing,marketing,entry-level / student,Delhi,15000,20000,Any
2025WSHP1366,Program Ambassador,program ambassador,entry-level / student,Aligarh,14500,55000,Any
2025WSHP1367,Marketing,marketing,entry-level / student,Remote,5000,5000,Any
2025WSHP1368,Program Management,program management,entry-level / student,Gurgaon,7000,10000,Any
2025WSHP1369,Blockchain Development,machine learning / ai,entry-level / student,Remote,4500,5000,Any
2025WSHP1370,Market Research,market research,entry-level / student,Mumbai,5000,10000,Any
2025WSHP1371,Business Development (Sales),business development (sales),entry-level / student,Remote,5000,8000,Any
2025WSHP1372,Business Development (Sales),business development (sales),entry-level / student,Pune,8000,15000,Any
2025WSHP1373,Pre-Sales,pre-sales,entry-level / student,Gurgaon,10000,15000,Any
2025WSHP1374,Telecalling - Marathi (Female),telecalling - marathi (female),entry-level / student,Remote,8000,8000,Any
2025WSHP1375,Content and Social Media Marketing,marketing,entry-level / student,Pune,6000,13000,Any
2025WSHP1376,Marketing Copywriting,marketing,entry-level / student,Delhi,10000,12000,Any
2025WSHP1377,BackLink Builder,frontend development,entry-level / student,Remote,15000,35000,Any
2025WSHP1378,Graphic Design,design,entry-level / student,Remote,4000,5000,Any
2025WSHP1379,Sales and Marketing,marketing,entry-level / student,Remote,3000,3000,Any
2025WSHP1380,Business Development (Sales),business development (sales),entry-level / student,Remote,1000,1000,Any
2025WSHP1381,Marketing,marketing,entry-level / student,Bangalore,5000,5000,Any
2025WSHP1382,Human Resources (HR),human resources (hr),entry-level / student,Gurgaon,5000,5000,MBA
2025WSHP1383,Business Development (Sales),business development (sales),entry-level / student,Hyderabad,10000,10000,Any
2025WSHP1384,Social Media Marketing,marketing,entry-level / student,Hyderabad,5000,8000,Any
2025WSHP1385,B2B Content Writer For Ai SaaS,machine learning / ai,entry-level / student,Remote,12000,18000,Any
2025WSHP1386,Video Production (Food & Lifestyle – YouTube Channel),video production (food & lifestyle – youtube chann,entry-level / student,Gurgaon,5000,6000,Any
2025WSHP1387,Human Resources (HR),human resources (hr),entry-level / student,Mumbai,5000,6000,Any
2025WSHP1388,Content Writing,content writing,entry-level / student,Mumbai,12000,15000,MBA
2025WSHP1389,Content Creator,content creator,entry-level / student,Delhi,10000,12000,Any
2025WSHP1390,Flutter Development,mobile development,entry-level / student,Remote,10000,12000,Any
2025WSHP1391,NGO Fundraiser,machine learning / ai,entry-level / student,Remote,5000,20000,Any
2025WSHP1392,Business Development (Sales),business development (sales),entry-level / student,Kolkata,5000,6000,Any
2025WSHP1393,Content and Social Media Marketing,marketing,entry-level / student,Mumbai,5500,11000,Any
2025WSHP1394,Customer Service/Customer Support,customer service/customer support,entry-level / student,Delhi,8000,12000,Any
2025WSHP1395,Business Development (Sales),business development (sales),entry-level / student,Gurgaon,10000,15000,Any
2025WSHP1396,Content Writing,content writing,entry-level / student,Faridabad,8000,10000,Any
2025WSHP1397,Marketing,marketing,entry-level / student,Delhi,10000,100000,Any
2025WSHP1398,Content & E-Commerce Management,content & e-commerce management,entry-level / student,Remote,8000,8000,Any
2025WSHP1399,CAD Design,design,entry-level / student,Gurgaon,10000,10000,Any
2025WSHP1400,Social Work,social work,entry-level / student,Remote,1500,10000,Any
2025WSHP1401,Project Management,project management,entry-level / student,Bangalore,2000,4500,Any
2025WSHP1402,Social Media Marketing,marketing,entry-level / student,Faridabad,3000,16000,Any
2025WSHP1403,Founders Office,founders office,entry-level / student,Mumbai,12000,15000,Any
2025WSHP1404,Influencer Marketing,marketing,entry-level / student,Jaipur,5000,12000,Any
2025WSHP1405,Field Enrolment Executive,field enrolment executive,entry-level / student,Pune,6000,8000,Any
2025WSHP1406,Export Merchandising,export merchandising,entry-level / student,Bangalore,10000,12001,Any
2025WSHP1407,Front End Development,front end development,entry-level / student,Remote,25000,35000,Any
2025WSHP1408,Project Management,project management,entry-level / student,Remote,12000,18000,Any
2025WSHP1409,Online Piano (Royal Canada Certification),online piano (royal canada certification),entry-level / student,Remote,1000,8000,Any
2025WSHP1410,Tourism Research And Development,tourism research and development,entry-level / student,Mumbai,5000,6000,Any
2025WSHP1411,Digital Marketing,marketing,entry-level / student,Remote,10000,10000,Any
2025WSHP1412,Content & E-Commerce Management,content & e-commerce management,entry-level / student,Noida,2000,2000,Any
2025WSHP1413,Search Engine Optimization (SEO),marketing,entry-level / student,Bangalore,12000,15000,Any
2025WSHP1414,Graphic Design,design,entry-level / student,Delhi,5000,10000,Any
2025WSHP1415,Graphic Design,design,entry-level / student,Gurgaon,15000,20000,Any
2025WSHP1416,Web Development,web development,entry-level / student,Delhi,30000,40000,Any
2025WSHP1417,Product Management,product management,entry-level / student,Mumbai,20000,30000,B.Tech
2025WSHP1418,Digital Marketing (Meme and Carousel Making),marketing,entry-level / student,Remote,6000,8000,Any
2025WSHP1419,Assistant Trainee To Content Manager,machine learning / ai,entry-level / student,Delhi,6000,15000,Any
2025WSHP1420,Sales Manager - Email Marketing,machine learning / ai,entry-level / student,Remote,10000,15000,Any
2025WSHP1421,Inside sales (Female),inside sales (female),entry-level / student,Mumbai,15000,17000,Any
2025WSHP1422,Business Development Executive,business development executive,entry-level / student,Hyderabad,15000,15000,Any
2025WSHP1423,Social Media Marketing,marketing,entry-level / student,Remote,9000,12000,Any
2025WSHP1424,Travel Companion (PA),travel companion (pa),entry-level / student,Mumbai,5000,5000,MBA
2025WSHP1425,Front End Development,front end development,entry-level / student,Mumbai,5000,15000,Any
2025WSHP1426,Research & Property Analyst,research & property analyst,entry-level / student,Remote,15000,25000,Any
2025WSHP1427,Social Media Marketing,marketing,entry-level / student,Bangalore,18000,20000,Any
2025WSHP1428,Content Writing (Cricket),content writing (cricket),entry-level / student,Remote,1000,1000,Any
2025WSHP1429,HR (Remote),hr (remote),entry-level / student,Remote,1200,2000,Any
2025WSHP1430,Telecalling,telecalling,entry-level / student,Mumbai,10000,10000,MBA
2025WSHP1431,Content Writing,content writing,entry-level / student,Delhi,15000,25000,Any
2025WSHP1432,Search Engine Optimization (SEO),marketing,entry-level / student,Delhi,10000,15000,Any
2025WSHP1433,Business Development (Sales),business development (sales),entry-level / student,Pune,11000,16000,Any
2025WSHP1434,Graphic Designer And Social Media Marketing,marketing,entry-level / student,Remote,3000,3000,Any
2025WSHP1435,Flutter Development,mobile development,entry-level / student,Noida,15000,20000,Any
2025WSHP1436,Teaching,teaching,entry-level / student,Delhi,6000,16000,Any
2025WSHP1437,Creative Design,design,entry-level / student,Delhi,10000,10000,Any
2025WSHP1438,Business Development (Sales),business development (sales),entry-level / student,Remote,2000,5000,Any
2025WSHP1439,Marketing,marketing,entry-level / student,Chennai,5000,15000,Any
2025WSHP1440,Social Media Marketing(Instagram Reels & Content Creation),marketing,entry-level / student,Remote,1500,3000,Any
2025WSHP1441,Full Stack Development,full stack development,entry-level / student,Bangalore,15000,15000,Any
2025WSHP1442,Apparel Merchandising,apparel merchandising,entry-level / student,Mumbai,4000,4000,Any
2025WSHP1443,Content Writing,content writing,entry-level / student,Jaipur,15000,15000,Any
2025WSHP1444,Creative Strategist,creative strategist,entry-level / student,Remote,6000,8000,Any
2025WSHP1445,Field Survey,field survey,entry-level / student,Hyderabad,10000,10000,Any
2025WSHP1446,Backend Integration (Web App Development),backend development,entry-level / student,Mumbai,6000,8000,Any
2025WSHP1447,Chemical Engineering & Biotechnology,chemical engineering & biotechnology,entry-level / student,Pune,2000,2500,MBA
2025WSHP1448,Human Resources (HR),human resources (hr),entry-level / student,Mumbai,10000,20000,Any
2025WSHP1449,sales,sales,entry-level / student,Mumbai,15000,18000,Any
2025WSHP1450,Sustainability,machine learning / ai,entry-level / student,Remote,4000,4000,Any
2025WSHP1451,Social Media Marketing,marketing,entry-level / student,Jaipur,5000,5000,Any
2025WSHP1452,Civil Engineering,civil engineering,entry-level / student,Remote,21200,21200,Any
2025WSHP1453,Graphic Design,design,entry-level / student,Remote,1300,1501,Any
2025WSHP1454,Social Media & Content Marketing (Female) Manager,marketing,entry-level / student,Ahmedabad,21000,25000,Any
2025WSHP1455,Bootcamp Manager,bootcamp manager,entry-level / student,Remote,0,0,Any
2025WSHP1456,Quality Analyst,quality analyst,entry-level / student,Remote,7000,7000,Any
2025WSHP1457,Cyber Security,cyber security,entry-level / student,Chennai,20000,30000,Any
2025WSHP1458,Business Development (IT Bidding & Client Communication),business development (it bidding & client communic,entry-level / student,Remote,8000,12000,Any
2025WSHP1459,Human Resources (HR),human resources (hr),entry-level / student,Remote,6000,12000,Any
2025WSHP1460,Lead Generation,lead generation,senior / experienced,Remote,7000,12000,Any
2025WSHP1461,Kannada Native Speaker (Voiceover),kannada native speaker (voiceover),entry-level / student,Remote,10000,20000,Any
2025WSHP1462,Java Development,java development,entry-level / student,Chennai,20000,30000,Any
2025WSHP1463,Human Resources (HR),human resources (hr),entry-level / student,Mumbai,10000,20000,Any
2025WSHP1464,Graphic Design,design,entry-level / student,Bangalore,12000,18000,Any
2025WSHP1465,Acting,acting,entry-level / student,Delhi,4000,5000,Any
2025WSHP1466,Digital Marketing,marketing,entry-level / student,Mumbai,5000,10000,Any
2025WSHP1467,Human Resources (HR),human resources (hr),entry-level / student,Noida,2000,2000,Any
2025WSHP1468,Content and Social Media Marketing,marketing,entry-level / student,Bangalore,4000,5000,Any
2025WSHP1469,Product Marketing,marketing,entry-level / student,Pune,10000,10000,Any
2025WSHP1470,Nothing,nothing,entry-level / student,Not Available,0,0,Any
2025WSHP1471,Site Engineering - Interior Design,design,entry-level / student,Chennai,30000,40000,Any
2025WSHP1472,Artificial Intelligence (AI),machine learning / ai,entry-level / student,Remote,2000,5000,MBA
2025WSHP1473,Search Engine Optimization (SEO),marketing,entry-level / student,Mumbai,18000,22000,Any
2025WSHP1474,SAP Finance,sap finance,entry-level / student,Noida,10000,15000,Any
2025WSHP1475,Influencer Marketing,marketing,entry-level / student,Delhi,10000,12000,Any
2025WSHP1476,Fashion & Social Media,marketing,entry-level / student,Delhi,8000,8000,Any
2025WSHP1477,Sales Executive - Business Development,sales executive - business development,entry-level / student,Remote,10000,15000,Any
2025WSHP1478,HR Trainee,machine learning / ai,entry-level / student,Bangalore,10000,15000,Any
2025WSHP1479,Talent Acquisition,frontend development,entry-level / student,Pune,10000,10000,MBA
2025WSHP1480,Search Engine Optimization (SEO),marketing,entry-level / student,Bangalore,2000,2000,Any
2025WSHP1481,Front End Development,front end development,entry-level / student,Remote,10000,14000,B.Tech
2025WSHP1482,E-Commerce Web Development (Shopify),e-commerce web development (shopify),entry-level / student,Hyderabad,15000,15000,Any
2025WSHP1483,Graphic Design,design,entry-level / student,Remote,1000,5000,Any
2025WSHP1484,Digital Marketing,marketing,entry-level / student,Mumbai,10000,10000,Any
2025WSHP1485,International Business Development,international business development,entry-level / student,Bangalore,13000,155000,Any
2025WSHP1486,Teaching,teaching,entry-level / student,Delhi,2000,2000,Any
2025WSHP1487,Community Management,community management,entry-level / student,Remote,1000,1500,Any
2025WSHP1488,Marketing,marketing,entry-level / student,Delhi,25000,25000,Any
2025WSHP1489,Video Editing,video editing,entry-level / student,Delhi,8000,10000,Any
2025WSHP1490,Digital Marketing,marketing,entry-level / student,Gurgaon,12000,15000,B.Tech
2025WSHP1491,Corporate Sales,corporate sales,entry-level / student,Remote,3000,3000,Any
2025WSHP1492,Social Media Marketing,marketing,entry-level / student,Remote,3000,5000,Any
2025WSHP1493,Cyber Security,cyber security,entry-level / student,Delhi,10000,10001,Any
2025WSHP1494,Python Development,python development,entry-level / student,Delhi,15000,22000,Any
2025WSHP1495,AI & Data Science,machine learning / ai,entry-level / student,Kolkata,8000,10000,Any
2025WSHP1496,Video Editing/Making,video editing/making,entry-level / student,Bangalore,6000,20000,Any
2025WSHP1497,Outreach And Partnership,outreach and partnership,entry-level / student,Noida,12000,15000,Any
2025WSHP1498,Inside Sales,inside sales,entry-level / student,Pune,10000,17000,Any
2025WSHP1499,Business Development (Sales),business development (sales),entry-level / student,Bangalore,10000,15000,Any
2025WSHP1500,Digital Marketing,marketing,entry-level / student,Bangalore,12000,20000,Any
2025WSHP1501,Business Development (Sales),business development (sales),entry-level / student,Pune,6000,20000,Any
2025WSHP1502,Market Research,market research,entry-level / student,Mumbai,10000,10000,MBA
2025WSHP1503,Cyber Security,cyber security,entry-level / student,Chennai,20000,30000,Any
2025WSHP1504,Telecalling,telecalling,entry-level / student,Kolkata,8000,12000,Any
2025WSHP1505,Embedded Systems,embedded systems,entry-level / student,Mumbai,8000,12000,Any
2025WSHP1506,Business Strategy,business strategy,entry-level / student,Gurgaon,10000,12000,Any
2025WSHP1507,Lead Generation,lead generation,senior / experienced,Remote,5000,5000,Any
2025WSHP1508,Search Engine Optimization (SEO),marketing,entry-level / student,Remote,3000,5000,Any
2025WSHP1509,Business Development (Sales),business development (sales),entry-level / student,Remote,1800,2000,Any
2025WSHP1510,Program Management,program management,entry-level / student,Remote,16000,21000,MBA
2025WSHP1511,LinkedIn Outreach Marketing,marketing,entry-level / student,Remote,2000,2000,Any
2025WSHP1512,Business Development (Sales),business development (sales),entry-level / student,Bangalore,10000,15000,Any
2025WSHP1513,Sales Executive – Offline Field Work,sales executive – offline field work,entry-level / student,Delhi,15000,40000,Any
2025WSHP1514,Social Media & LinkedIn Marketing,marketing,entry-level / student,Loni Kalbhor,3000,5000,Any
2025WSHP1515,Seo Analyst + Brand Manager,marketing,entry-level / student,Remote,5000,7000,Any
2025WSHP1516,Market Research,market research,entry-level / student,Mumbai,7500,10000,Any
2025WSHP1517,Video Editing/Making,video editing/making,entry-level / student,Mumbai,5000,6000,Any
2025WSHP1518,Business Research,business research,entry-level / student,Noida,9000,13000,MBA
2025WSHP1519,Business Development (Sales),business development (sales),entry-level / student,Bangalore,4000,5000,Any
2025WSHP1520,Omni Sport Advisor,omni sport advisor,entry-level / student,Pune,0,0,Any
2025WSHP1521,Influencer Marketing,marketing,entry-level / student,Delhi,5000,10000,Any
2025WSHP1522,Data Science,data science / analytics,entry-level / student,Remote,14000,20000,Any
2025WSHP1523,Performance Marketing - FB & Google Ads,marketing,entry-level / student,Thane,8000,8000,MBA
2025WSHP1524,sales,sales,entry-level / student,Gurgaon,10000,15000,Any
2025WSHP1525,Programming,programming,entry-level / student,Chennai,30000,40000,Any
2025WSHP1526,Audit Assistant In Bank,audit assistant in bank,entry-level / student,Mumbai,10000,12000,Any
2025WSHP1527,Business Development (Sales),business development (sales),entry-level / student,Delhi,13000,20000,Any
2025WSHP1528,Graphic Design,design,entry-level / student,Mumbai,5000,12000,Any
2025WSHP1529,ODO B2B App Downloads,odo b2b app downloads,entry-level / student,Ghaziabad,25000,100000,Any
2025WSHP1530,Flutter Development,mobile development,entry-level / student,Mumbai,5000,15000,Any
2025WSHP1531,Social Media Marketing,marketing,entry-level / student,Delhi,5000,8000,Any
2025WSHP1532,Digital Marketing,marketing,entry-level / student,Delhi,5000,8000,Any
2025WSHP1533,Field Marketing,marketing,entry-level / student,Bangalore,5500,14000,Any
2025WSHP1534,Business Development (Sales),business development (sales),entry-level / student,Remote,10000,20000,Any
2025WSHP1535,Customer Service/Customer Support,customer service/customer support,entry-level / student,Mumbai,8000,9000,MBA
2025WSHP1536,Content and Social Media Marketing,marketing,entry-level / student,Chennai,20000,30000,Any
2025WSHP1537,Digital Marketing,marketing,entry-level / student,Bangalore,10000,10000,Any
2025WSHP1538,Accounts,accounts,entry-level / student,Chennai,20000,35000,Any
2025WSHP1539,Content Writing,content writing,entry-level / student,Remote,7000,10000,Any
2025WSHP1540,Business Development (Sales),business development (sales),entry-level / student,Kolkata,8000,8000,Any
2025WSHP1541,Sales and Marketing,marketing,entry-level / student,Remote,5500,5500,Any
2025WSHP1542,Human Resources (HR),human resources (hr),entry-level / student,Bangalore,5000,8000,Any
2025WSHP1543,Digital Marketing,marketing,entry-level / student,Hyderabad,10000,15000,Any
2025WSHP1544,Data Entry - Hyderabad,data entry - hyderabad,entry-level / student,Secunderabad,55000,55000,Any
2025WSHP1545,Client Acquisition Executive,frontend development,entry-level / student,Remote,2000,35000,Any
2025WSHP1546,Business Development (Sales),business development (sales),entry-level / student,Bangalore,18000,22000,Any
2025WSHP1547,Operations,operations,entry-level / student,Kolkata,5000,7500,Any
2025WSHP1548,Animation,animation,entry-level / student,Remote,2000,45000,Any
2025WSHP1549,Business Analytics,business analytics,entry-level / student,Chennai,20000,30000,Any
2025WSHP1550,Marketing,marketing,entry-level / student,Bangalore,20000,25000,Any
2025WSHP1551,Researcher (Environmental Science/Biotechnology),researcher (environmental science/biotechnology),entry-level / student,Remote,10000,20000,Any
2025WSHP1552,Java Development,java development,entry-level / student,Remote,10000,10001,Any
2025WSHP1553,Python Development,python development,entry-level / student,Gurgaon,15000,20000,Any
2025WSHP1554,Marketing,marketing,entry-level / student,Remote,2000,2000,Any
2025WSHP1555,Administration,administration,entry-level / student,Chennai,10000,15000,Any
2025WSHP1556,Music,music,entry-level / student,Delhi,5400,9000,Any
2025WSHP1557,Digital Marketing,marketing,entry-level / student,Bangalore,10000,12000,Any
2025WSHP1558,Digital Marketing,marketing,entry-level / student,Mumbai,10000,15000,MBA
2025WSHP1559,Sales and Marketing,marketing,entry-level / student,Kolkata,6000,12000,Any
2025WSHP1560,Client Servicing,client servicing,entry-level / student,Ulhasnagar,8000,10000,Any
2025WSHP1561,Front End Development,front end development,entry-level / student,Bangalore,8000,8000,Any
2025WSHP1562,Digital Marketing,marketing,entry-level / student,Remote,6500,7500,Any
2025WSHP1563,International Business Development,international business development,entry-level / student,Remote,5000,10000,Any
2025WSHP1564,Video Editor,video editor,entry-level / student,Bangalore,10000,15000,Any
2025WSHP1565,Mobile App Testing,mobile development,entry-level / student,Chennai,20000,35000,Any
2025WSHP1566,React Native Development,mobile development,entry-level / student,Remote,3000,5000,Any
2025WSHP1567,Business Development (Sales),business development (sales),entry-level / student,Remote,2000,5000,Any
2025WSHP1568,Social Media Marketing,marketing,entry-level / student,Delhi,10000,15000,Any
2025WSHP1569,Human Resources (HR),human resources (hr),entry-level / student,Mumbai,6000,9000,Any
2025WSHP1570,GoLang Developer,golang developer,entry-level / student,Noida,15000,25000,Any
2025WSHP1571,Statistics,statistics,entry-level / student,Mumbai,0,0,Any
2025WSHP1572,Customer Service/Customer Support,customer service/customer support,entry-level / student,Thane,9500,10000,MBA
2025WSHP1573,Social Media Marketing,marketing,entry-level / student,Delhi,7500,9000,Any
2025WSHP1574,Conference Manager,conference manager,entry-level / student,Remote,0,0,Any
2025WSHP1575,Game Development,game development,entry-level / student,Remote,5200,6500,Any
2025WSHP1576,Telecalling (Marathi & English),telecalling (marathi & english),entry-level / student,Remote,8000,8000,Any
2025WSHP1577,Robotics,robotics,entry-level / student,Chennai,5000,10000,Any
2025WSHP1578,Social Media Marketing,marketing,entry-level / student,Remote,5000,5000,Any
2025WSHP1579,Campus Ambassador,campus ambassador,entry-level / student,Remote,0,0,Any
2025WSHP1580,Business Development (Sales),business development (sales),entry-level / student,Jaipur,15000,15000,Any
2025WSHP1581,Marketing,marketing,entry-level / student,Delhi,11000,12000,Any
2025WSHP1582,Motion Graphics,design,entry-level / student,Bangalore,12000,12000,Any
2025WSHP1583,Content and Social Media Marketing,marketing,entry-level / student,Gurgaon,10000,30000,Any
2025WSHP1584,Customer Service/Customer Support,customer service/customer support,entry-level / student,Remote,8000,8000,Any
2025WSHP1585,Marketing,marketing,entry-level / student,Gurgaon,10000,12000,Any
2025WSHP1586,Business Development (Sales),business development (sales),entry-level / student,Remote,6000,8000,Any
2025WSHP1587,Marketing,marketing,entry-level / student,Delhi,5000,7000,Any
2025WSHP1588,Front End Development,front end development,entry-level / student,Remote,5000,8000,Any
2025WSHP1589,Product Marketing,marketing,entry-level / student,Remote,10000,12500,Any
2025WSHP1590,Recruitment Consultant,frontend development,entry-level / student,Bangalore,5200,10500,Any
2025WSHP1591,E-Commerce Listing,e-commerce listing,entry-level / student,Remote,10000,15000,Any
2025WSHP1592,Program Management for Climate Tech,program management for climate tech,entry-level / student,Chennai,15000,20000,Any
2025WSHP1593,Digital Marketing,marketing,entry-level / student,Bangalore,25000,35000,Any
2025WSHP1594,Administration,administration,entry-level / student,Remote,5000,6000,Any
2025WSHP1595,Hotel Management (Chef),hotel management (chef),entry-level / student,Bangalore,7000,8000,Any
2025WSHP1596,Partnerships & Outreach,partnerships & outreach,entry-level / student,Bhubaneswar,8000,15000,Any
2025WSHP1597,Social Media & Content Creation (Brand Marketing),marketing,entry-level / student,Kolkata,2000,3000,Any
2025WSHP1598,International Business Development,international business development,entry-level / student,Bangalore,10000,20000,Any
2025WSHP1599,Business Development (Sales),business development (sales),entry-level / student,Remote,20000,25000,Any
2025WSHP1600,Sales and Marketing,marketing,entry-level / student,Remote,1000,10000,Any
2025WSHP1601,Digital Marketing,marketing,entry-level / student,Noida,5000,8000,Any
2025WSHP1602,Subject Matter Expert (Anatomy And Physiology),subject matter expert (anatomy and physiology),entry-level / student,Remote,5000,6000,Any
2025WSHP1603,Founders Office,founders office,entry-level / student,Pune,12500,12500,Any
2025WSHP1604,Web Development,web development,entry-level / student,Chennai,10000,15000,Any
2025WSHP1605,Human Resource,human resource,entry-level / student,Mumbai,15000,20000,Any
2025WSHP1606,Customer Service/Customer Support,customer service/customer support,entry-level / student,Delhi,8000,12000,Any
2025WSHP1607,Telecalling,telecalling,entry-level / student,Remote,8000,12000,Any
2025WSHP1608,Video Editing/Making,video editing/making,entry-level / student,Gurgaon,10000,15000,Any
2025WSHP1609,UI/UX Design,frontend development,entry-level / student,Chennai,20000,25000,Any
2025WSHP1610,Cinematography,cinematography,entry-level / student,Mumbai,5000,5000,Any
2025WSHP1611,Teaching,teaching,entry-level / student,Remote,10000,12000,Any
2025WSHP1612,Talent Acquisition,frontend development,entry-level / student,Chennai,20000,36000,Any
2025WSHP1613,Biology,biology,entry-level / student,Delhi,5000,6000,Any
2025WSHP1614,Sales,sales,entry-level / student,Remote,9000,10000,Any
2025WSHP1615,Business Development (Sales),business development (sales),entry-level / student,Remote,3000,5000,Any
2025WSHP1616,Marketing,marketing,entry-level / student,Chennai,4000,5000,Any
2025WSHP1617,Field Sales,field sales,entry-level / student,Hyderabad,7500,15000,Any
2025WSHP1618,Human Resources (HR),human resources (hr),entry-level / student,Remote,8000,10000,Any
2025WSHP1619,Robotics Teaching & Product Development,robotics teaching & product development,entry-level / student,Pune,3000,3000,Any
2025WSHP1620,Social Media Marketing,marketing,entry-level / student,Mumbai,8000,10000,Any
2025WSHP1621,Human Resources (HR),human resources (hr),entry-level / student,Remote,2000,2000,Any
2025WSHP1622,Growth Hacking - FinTech AI Startup,machine learning / ai,entry-level / student,Remote,10000,20000,Any
2025WSHP1623,Talent Acquisition,frontend development,entry-level / student,Remote,5000,10000,Any
2025WSHP1624,Product Management,product management,entry-level / student,Mumbai,10000,15000,Any
2025WSHP1625,Inside Sales,inside sales,entry-level / student,Bangalore,8000,10000,B.Tech
2025WSHP1626,Data Engineer,data engineer,entry-level / student,Remote,5000,6000,B.Tech
2025WSHP1627,Graphic Design,design,entry-level / student,Remote,6000,8000,Any
2025WSHP1628,Operations Management Trainee,machine learning / ai,entry-level / student,Bangalore,10000,15000,Any
2025WSHP1629,Telecalling,telecalling,entry-level / student,Noida,5000,7000,Any
2025WSHP1630,Corporate Sales,corporate sales,entry-level / student,Mumbai,5000,15000,Any
2025WSHP1631,"E-Commerce Market Place (Amazon, Nayka, Blinkit PPC Adds)","e-commerce market place (amazon, nayka, blinkit pp",entry-level / student,Remote,10000,10000,Any
2025WSHP1632,Graphic Design,design,entry-level / student,Remote,3000,3000,Any
2025WSHP1633,Backend Development,backend development,entry-level / student,Remote,10000,20000,Any
2025WSHP1634,Social Media Marketing,marketing,entry-level / student,Remote,3000,5000,Any
2025WSHP1635,Business Development (Sales),business development (sales),entry-level / student,Bangalore,25000,30000,Any
2025WSHP1636,Operation & Project Management,operation & project management,entry-level / student,Pune,5000,10000,Any
2025WSHP1637,Talent Acquisition,frontend development,entry-level / student,Remote,10000,20000,Any
2025WSHP1638,Procurement & Support Services,procurement & support services,entry-level / student,Hyderabad,5000,15000,Any
2025WSHP1639,Digital Marketing,marketing,entry-level / student,Hyderabad,8000,12000,Any
2025WSHP1640,Sales and Marketing,marketing,entry-level / student,Remote,5000,5000,Any
2025WSHP1641,UX/UI Design,frontend development,entry-level / student,Remote,5000,7000,Any
2025WSHP1642,Student Outreach & Business Development,student outreach & business development,entry-level / student,Remote,10500,65000,Any
2025WSHP1643,Trainee - Sales,machine learning / ai,entry-level / student,Mumbai,12500,12500,Any
2025WSHP1644,Tamil Transcription (Tamil Audio To Text),tamil transcription (tamil audio to text),entry-level / student,Remote,10000,30000,Any
2025WSHP1645,Content Development (English),content development (english),entry-level / student,Remote,5000,13000,Any
2025WSHP1646,Content and Social Media Marketing,marketing,entry-level / student,Remote,2500,101500,Any
2025WSHP1647,Store Fashion Consultant,store fashion consultant,entry-level / student,Hyderabad,9000,10000,Any
2025WSHP1648,Business Development (Sales),business development (sales),entry-level / student,Mumbai,25000,50000,MBA
2025WSHP1649,Creative Design (Canva Specialist),design,entry-level / student,Remote,2500,5000,Any
2025WSHP1650,Sales,sales,entry-level / student,Remote,5000,5000,Any
2025WSHP1651,AI Video Content Generalist – B2B Social Media & YouTube Marketing,machine learning / ai,entry-level / student,Remote,8000,10000,Any
2025WSHP1652,Customer Service/Customer Support,customer service/customer support,entry-level / student,Gurgaon,18000,20000,Any
2025WSHP1653,Furniture Designer,design,entry-level / student,Bangalore,5000,15000,Any
2025WSHP1654,Sales and Marketing,marketing,entry-level / student,Remote,5000,5001,Any
2025WSHP1655,Content and Social Media Marketing,marketing,entry-level / student,Mumbai,5000,5000,MBA
2025WSHP1656,Nothing,nothing,entry-level / student,Not Available,0,0,Any
2025WSHP1657,Cinematography,cinematography,entry-level / student,Remote,6500,15000,Any
2025WSHP1658,Graphic Design,design,entry-level / student,Delhi,8000,10000,Any
2025WSHP1659,Business Development (Sales),business development (sales),entry-level / student,Remote,1500,10000,Any
2025WSHP1660,Sports Store Associate,sports store associate,entry-level / student,Bangalore,15000,17000,Any
2025WSHP1661,Travel Consultant,travel consultant,entry-level / student,Chandigarh,10000,10000,Any
2025WSHP1662,International Business Development,international business development,entry-level / student,Pune,20000,60000,Any
2025WSHP1663,Telecalling,telecalling,entry-level / student,Delhi,6000,15000,Any
2025WSHP1664,Campus Ambassador,campus ambassador,entry-level / student,Delhi,0,0,MBA
2025WSHP1665,Brand Management,brand management,entry-level / student,Chennai,20000,35000,Any
2025WSHP1666,Digital Marketing,marketing,entry-level / student,Chennai,18000,30000,Any
2025WSHP1667,Creator Relations - South,creator relations - south,entry-level / student,Bangalore,10000,10000,Any
2025WSHP1668,Architecture,architecture,senior / experienced,Delhi,5000,15000,Any
2025WSHP1669,Dietetics/Nutrition,dietetics/nutrition,entry-level / student,Delhi,15000,25000,Any
2025WSHP1670,Marketing And Growth,marketing,entry-level / student,Bangalore,30000,50000,Any
2025WSHP1671,Business Development (Sales),business development (sales),entry-level / student,Delhi,15000,27999,Any
2025WSHP1672,Content Writing,content writing,entry-level / student,Noida,3000,15000,Any
2025WSHP1673,Search Engine Optimization (SEO),marketing,entry-level / student,Delhi,5000,10000,Any
2025WSHP1674,Media Relations Manager,media relations manager,entry-level / student,Remote,0,0,Any
2025WSHP1675,Digital Marketing,marketing,entry-level / student,Delhi,4000,5000,Any
2025WSHP1676,Social Media & Content Marketing (Female) Manager,marketing,entry-level / student,Ahmedabad,21000,25000,Any
2025WSHP1677,Sales and Marketing,marketing,entry-level / student,Remote,6000,12000,Any
2025WSHP1678,Content and Social Media Marketing,marketing,entry-level / student,Jaipur,2000,3000,Any
2025WSHP1679,JavaScript Development,javascript development,entry-level / student,Chennai,20000,40000,Any
2025WSHP1680,Client Servicing,client servicing,entry-level / student,Mumbai,10000,15000,Any
2025WSHP1681,Supply Chain Management (SCM),machine learning / ai,entry-level / student,Chennai,30000,40000,Any
2025WSHP1682,Field Operations & Content Specialist,field operations & content specialist,entry-level / student,Gurgaon,5000,5000,Any
2025WSHP1683,Social Media Marketing,marketing,entry-level / student,Remote,1500,2504,Any
2025WSHP1684,Accounting,accounting,entry-level / student,Mumbai,5000,10000,MBA
2025WSHP1685,Content and Social Media Marketing,marketing,entry-level / student,Remote,5000,7000,Any
2025WSHP1686,Social Media Marketing,marketing,entry-level / student,Jaipur,5000,8000,Any
2025WSHP1687,Digital Marketing,marketing,entry-level / student,Remote,3000,5000,Any
2025WSHP1688,Human Resources (HR),human resources (hr),entry-level / student,Bhubaneswar,6000,12000,MBA
2025WSHP1689,Social Media Marketing,marketing,entry-level / student,Remote,5000,15000,Any
2025WSHP1690,Nothing,nothing,entry-level / student,Not Available,0,0,Any
2025WSHP1691,Logistics And Operations,logistics and operations,entry-level / student,Hyderabad,10000,15000,Any
2025WSHP1692,Social Media Marketing,marketing,entry-level / student,Pune,5000,10000,Any
2025WSHP1693,Construction Site Engineering,construction site engineering,entry-level / student,Chennai,30000,40000,Any
2025WSHP1694,Sales,sales,entry-level / student,Remote,5000,10000,Any
2025WSHP1695,Law/Legal,law/legal,entry-level / student,Delhi,8000,10000,Any
2025WSHP1696,AI/ML,machine learning / ai,entry-level / student,Bangalore,15000,20000,Any
2025WSHP1697,Business Analytics,business analytics,entry-level / student,Remote,15000,25000,Any
2025WSHP1698,Machine Learning,machine learning / ai,entry-level / student,Remote,3000,5000,Any
2025WSHP1699,Nothing,nothing,entry-level / student,Not Available,0,0,Any
2025WSHP1700,Business Development (Sales),business development (sales),entry-level / student,Remote,5000,5000,Any
2025WSHP1701,Social Media Marketing,marketing,entry-level / student,Chennai,6000,15000,Any
2025WSHP1702,Operations And Business Development,operations and business development,entry-level / student,Remote,4000,5000,Any
2025WSHP1703,Graphic Design,design,entry-level / student,Mumbai,10000,35000,Any
2025WSHP1704,Business Development (Sales),business development (sales),entry-level / student,Kolkata,7000,10000,Any
2025WSHP1705,UI/UX Design,frontend development,entry-level / student,Remote,5000,5100,Any
2025WSHP1706,Shipping & Logistics,shipping & logistics,entry-level / student,Mumbai,5000,6000,Any
2025WSHP1707,Low-Code Developer,low-code developer,entry-level / student,Remote,5000,7500,Any
2025WSHP1708,Trend Curation Beauty And Personal Care(BPC),trend curation beauty and personal care(bpc),entry-level / student,Gurgaon,15000,20000,Any
2025WSHP1709,Database Building/Management,frontend development,entry-level / student,Noida,6000,7000,Any
2025WSHP1710,Video Editing/Making,video editing/making,entry-level / student,Delhi,7000,11000,Any
2025WSHP1711,Content Writing,content writing,entry-level / student,Thane,10000,12000,MBA
2025WSHP1712,Marketing Automation,marketing,entry-level / student,Remote,3000,4000,Any
2025WSHP1713,Content and Social Media Marketing,marketing,entry-level / student,Remote,4000,5000,Any
2025WSHP1714,Business Development And Growth,business development and growth,entry-level / student,Delhi,10000,30000,Any
2025WSHP1715,Social Media Marketing,marketing,entry-level / student,Delhi,8000,12000,MBA
2025WSHP1716,Sales and Marketing,marketing,entry-level / student,Remote,15000,20000,MBA
2025WSHP1717,Campus Ambassador,campus ambassador,entry-level / student,Remote,0,0,Any
2025WSHP1718,Business Executive,business executive,entry-level / student,Bangalore,15000,60000,Any
2025WSHP1719,Business Development (Sales),business development (sales),entry-level / student,Chennai,15000,25000,Any
2025WSHP1720,Content Writing,content writing,entry-level / student,Gurgaon,15000,20000,Any
2025WSHP1721,Management Consulting Fellowship,management consulting fellowship,entry-level / student,Remote,4000,4000,Any
2025WSHP1722,Market Research,market research,entry-level / student,Mumbai,5000,10000,MBA
2025WSHP1723,Copywriting,copywriting,entry-level / student,Remote,4000,5000,Any
2025WSHP1724,Delegate Acquisition,frontend development,entry-level / student,Noida,9000,10000,Any
2025WSHP1725,Mobile App Testing,mobile development,entry-level / student,Chennai,20000,35000,Any
2025WSHP1726,Law/Legal,law/legal,entry-level / student,Kolkata,7000,9000,Any
2025WSHP1727,Sports - Operations & Management Trainee,machine learning / ai,entry-level / student,Remote,7000,35000,MBA
2025WSHP1728,Talent Acquisition,frontend development,entry-level / student,Remote,4000,5000,Any
2025WSHP1729,Finance Commercial - Trainee,machine learning / ai,entry-level / student,Mumbai,12499,12500,Any
2025WSHP1730,Online Carnatic Vocals Tutoring,online carnatic vocals tutoring,entry-level / student,Remote,1000,8000,Any
2025WSHP1731,Social Entrepreneurship,social entrepreneurship,entry-level / student,Remote,1500,10000,Any
2025WSHP1732,Content Writing,content writing,entry-level / student,Bangalore,15000,18000,Any
2025WSHP1733,Business Development (Sales),business development (sales),entry-level / student,Remote,3250,30000,Any
2025WSHP1734,Content Development (English),content development (english),entry-level / student,Remote,5000,7000,Any
2025WSHP1735,Digital Marketing,marketing,entry-level / student,Delhi,15000,15000,Any
2025WSHP1736,Graphic Design,design,entry-level / student,Noida,7000,10000,Any
2025WSHP1737,Mass Communication,mass communication,entry-level / student,Kolkata,3000,5000,Any
2025WSHP1738,Business Development (Sales),business development (sales),entry-level / student,Mumbai,12000,25000,MBA
2025WSHP1739,WordPress Development,wordpress development,entry-level / student,Delhi,3000,9000,Any
2025WSHP1740,Android App Development,mobile development,entry-level / student,Hyderabad,10000,15000,Any
2025WSHP1741,Digital Marketing,marketing,entry-level / student,Mumbai,10000,15000,Any
2025WSHP1742,Sales,sales,entry-level / student,Remote,5000,10000,Any
2025WSHP1743,Graphic Design,design,entry-level / student,Jaipur,5000,6000,Any
2025WSHP1744,Business Development (Sales),business development (sales),entry-level / student,Gurgaon,3000,8000,Any
2025WSHP1745,Travel & Tourism,travel & tourism,entry-level / student,Jalandhar,5000,11000,Any
2025WSHP1746,SEO Executive,marketing,entry-level / student,Gurgaon,10000,11000,Any
2025WSHP1747,UX/UI Design,frontend development,entry-level / student,Remote,5000,13000,Any
2025WSHP1748,Chartered Accountancy (CA),chartered accountancy (ca),entry-level / student,Mumbai,7000,7500,MBA
2025WSHP1749,Sales and Marketing,marketing,entry-level / student,Mumbai,15000,15000,Any
2025WSHP1750,Sales and Marketing,marketing,entry-level / student,Jaipur,10000,10001,Any
2025WSHP1751,Wealth Management,wealth management,entry-level / student,Delhi,5000,12500,Any
2025WSHP1752,Digital Marketing,marketing,entry-level / student,Delhi,6000,6000,Any
2025WSHP1753,Video Editor Manager,video editor manager,entry-level / student,Mumbai,5000,5000,Any
2025WSHP1754,Digital Content Anchor,digital content anchor,entry-level / student,Remote,20000,30000,Any
2025WSHP1755,Cloud Computing,cloud computing,entry-level / student,Remote,5000,6000,Any
2025WSHP1756,Product Management,product management,entry-level / student,Chennai,20000,25000,Any
2025WSHP1757,CEO Office,ceo office,entry-level / student,Faridabad,20000,25000,Any
2025WSHP1758,Subject Matter Expert ( Accounts & Finance),subject matter expert ( accounts & finance),entry-level / student,Jaipur,10000,10000,Any
2025WSHP1759,Content Writing,content writing,entry-level / student,Faridabad,2000,6000,Any
2025WSHP1760,Law/Legal,law/legal,entry-level / student,Delhi,0,0,Any
2025WSHP1761,Architecture,architecture,senior / experienced,Delhi,5000,8000,Any
2025WSHP1762,Human Resources (HR),human resources (hr),entry-level / student,Mumbai,8000,10000,Any
2025WSHP1763,PPC Digital Marketing Specialist,marketing,entry-level / student,Gurgaon,10000,15000,Any
2025WSHP1764,Business Development (Sales),business development (sales),entry-level / student,Noida,8000,10000,Any
2025WSHP1765,Inside Sales,inside sales,entry-level / student,Mumbai,7000,13000,Any
2025WSHP1766,Data Analytics,data analytics,entry-level / student,Chennai,10000,20000,Any
2025WSHP1767,Human Resources (HR),human resources (hr),entry-level / student,Pune,8000,10000,Any
2025WSHP1768,Digital Marketing Assistant,marketing,entry-level / student,Remote,5000,7000,Any
2025WSHP1769,Accounting & Bookkeeping,accounting & bookkeeping,entry-level / student,Mumbai,8000,10000,Any
2025WSHP1770,Business Development (Sales),business development (sales),entry-level / student,Faridabad,10000,22000,Any
2025WSHP1771,Recruitment,frontend development,entry-level / student,Thane,9500,10000,Any
2025WSHP1772,Sales and Marketing,marketing,entry-level / student,Bangalore,8000,12000,Any
2025WSHP1773,Data Science,data science / analytics,entry-level / student,Thane,9500,10000,Any
2025WSHP1774,Sales,sales,entry-level / student,Remote,8000,10000,Any
2025WSHP1775,Product Visualization & Design,design,entry-level / student,Bangalore,18000,22000,Any
2025WSHP1776,Purchase Engineer - Fresher,purchase engineer - fresher,entry-level / student,Pune,10000,13000,Diploma
2025WSHP1777,Video Editing/Making,video editing/making,entry-level / student,Delhi,3000,20000,Any
2025WSHP1778,Shopify Developer,shopify developer,entry-level / student,Remote,8000,15000,Any
2025WSHP1779,Marketing,marketing,entry-level / student,Kolkata,6000,7000,Any
2025WSHP1780,iOS App Development,mobile development,entry-level / student,Remote,10000,30000,Any
2025WSHP1781,Business Development Executive (Inside Sales),business development executive (inside sales),entry-level / student,Bangalore,15000,20000,Any
2025WSHP1782,Digital Marketing,marketing,entry-level / student,Faridabad,12000,15000,Any
2025WSHP1783,Product Management,product management,entry-level / student,Mumbai,5000,5000,MBA
2025WSHP1784,Customer Service/Customer Support,customer service/customer support,entry-level / student,Pune,10000,10001,Any
2025WSHP1785,QA Testing,qa testing,entry-level / student,Bangalore,15000,18000,Any
2025WSHP1786,Social Entrepreneurship,social entrepreneurship,entry-level / student,Remote,1500,10000,Any
2025WSHP1787,Video Editing/Making,video editing/making,entry-level / student,Noida,3000,5000,Any
2025WSHP1788,Program & Research,program & research,entry-level / student,Delhi,10000,15000,Any
2025WSHP1789,Fundraising Head,machine learning / ai,entry-level / student,Remote,5000,5000,Any
2025WSHP1790,Marketing,marketing,entry-level / student,Remote,12000,12000,Any
2025WSHP1791,Operations Executive,operations executive,entry-level / student,Gurgaon,7000,10001,Any
2025WSHP1792,Event Management,event management,entry-level / student,Bangalore,5000,7000,Any
2025WSHP1793,CA Articleship,ca articleship,entry-level / student,Pune,4000,10000,Any
2025WSHP1794,Social Media Marketing,marketing,entry-level / student,Delhi,10000,15000,Any
2025WSHP1795,Jewelry Designer,design,entry-level / student,Remote,30000,40000,Any
2025WSHP1796,Sales and Marketing,marketing,entry-level / student,Kolkata,5000,7000,Any
2025WSHP1797,AI Research & Consulting,machine learning / ai,entry-level / student,Remote,5000,8000,MBA
2025WSHP1798,Event Management,event management,entry-level / student,Ghaziabad,5000,6000,Any
2025WSHP1799,Subject Matter Expert  (Network Security),subject matter expert  (network security),entry-level / student,Remote,9000,12000,Any
2025WSHP1800,Sales Management Manager,sales management manager,entry-level / student,Delhi,12000,15000,Any
2025WSHP1801,Full Stack Development,full stack development,entry-level / student,Remote,6000,12000,Any
2025WSHP1802,E-commerce Associate,e-commerce associate,entry-level / student,Mumbai,5000,7000,Any
2025WSHP1803,Graphic Design,design,entry-level / student,Remote,5000,6000,Any
2025WSHP1804,Promoter,promoter,entry-level / student,Mangalore,6000,14000,Any
2025WSHP1805,Manual Testing,manual testing,entry-level / student,Chennai,30000,40000,Any
2025WSHP1806,Business Development (Sales),business development (sales),entry-level / student,Remote,8000,15001,Any
2025WSHP1807,Growth Product Management,growth product management,entry-level / student,Remote,4000,4000,Any
2025WSHP1808,Event Management,event management,entry-level / student,Delhi,10000,12000,Any
2025WSHP1809,Law/Legal,law/legal,entry-level / student,Bangalore,10000,10000,Any
2025WSHP1810,Business Development (Sales),business development (sales),entry-level / student,Chennai,7000,20000,Any
2025WSHP1811,HR Trainee,machine learning / ai,entry-level / student,Bangalore,18000,25000,Any
2025WSHP1812,Sales Executive – Offline Field Work,sales executive – offline field work,entry-level / student,Delhi,15000,40000,Any
2025WSHP1813,Backoffice,backoffice,entry-level / student,Mumbai,5500,11000,Any
2025WSHP1814,Graphic Design,design,entry-level / student,Dombivli,5500,10500,Any
2025WSHP1815,React Native Development,mobile development,entry-level / student,Delhi,5000,8000,Any
2025WSHP1816,International Business Development,international business development,entry-level / student,Remote,3000,4000,Any
2025WSHP1817,Founders Office - Business & Revenue Development,founders office - business & revenue development,entry-level / student,Delhi,13000,13000,Any
2025WSHP1818,Social Media & Content Marketing (Female) Manager,marketing,entry-level / student,Ahmedabad,21000,25000,Any
2025WSHP1819,Product Marketing,marketing,entry-level / student,Chennai,20000,30000,Any
2025WSHP1820,Graphic Design,design,entry-level / student,Remote,3000,5000,Any
2025WSHP1821,Project Management,project management,entry-level / student,Hyderabad,7000,8000,MBA
2025WSHP1822,Social Media Marketing,marketing,entry-level / student,Delhi,5000,5000,Any
2025WSHP1823,Finance,finance,entry-level / student,Bangalore,8000,10000,Any
2025WSHP1824,Creative Production & Outreach,creative production & outreach,entry-level / student,Delhi,6000,8000,Any
2025WSHP1825,Campus Ambassador,campus ambassador,entry-level / student,Ahmedabad,0,0,Any
2025WSHP1826,Influencer Marketing,marketing,entry-level / student,Mumbai,10000,15000,Any
2025WSHP1827,Market Research,market research,entry-level / student,Remote,10000,10000,Any
2025WSHP1828,Graphic Design,design,entry-level / student,Mumbai,7000,10000,Any
2025WSHP1829,Content and Social Media Marketing,marketing,entry-level / student,Remote,1000,1500,Any
2025WSHP1830,Full Stack Development,full stack development,entry-level / student,Pune,15000,15001,Any
2025WSHP1831,Business Development & Lead Generation,business development & lead generation,senior / experienced,Delhi,5000,15000,Any
2025WSHP1832,E-Commerce Business Management,e-commerce business management,entry-level / student,Mumbai,5000,5500,Any
2025WSHP1833,Graphic Design,design,entry-level / student,Noida,10000,15000,Any
2025WSHP1834,Event Management,event management,entry-level / student,Agartala,5000,7000,Any
2025WSHP1835,Interior Design,design,entry-level / student,Jaipur,5000,10000,Any
2025WSHP1836,Marketing,marketing,entry-level / student,Remote,7500,15000,Any
2025WSHP1837,Social Media Marketing,marketing,entry-level / student,Mumbai,5000,5000,Any
2025WSHP1838,Technical Account Manager,technical account manager,entry-level / student,Hyderabad,5100,110000,Any
2025WSHP1839,Human Resources (HR),human resources (hr),entry-level / student,Bangalore,15000,20000,Any
2025WSHP1840,Human Resources (HR),human resources (hr),entry-level / student,Gurgaon,10000,13000,Any
2025WSHP1841,Editor In Chief,editor in chief,entry-level / student,Remote,8000,10000,Any
2025WSHP1842,Marketing,marketing,entry-level / student,Bangalore,10000,15000,MBA
2025WSHP1843,Recruitment,frontend development,entry-level / student,Remote,7000,9000,Any
2025WSHP1844,Operations,operations,entry-level / student,Chennai,10000,150000,Any
2025WSHP1845,Google Ads Specialist,google ads specialist,entry-level / student,Thane,9500,10000,Any
2025WSHP1846,Business Development (Sales),business development (sales),entry-level / student,Pune,20000,28000,Any
2025WSHP1847,Content Writer And Social Media Manager,marketing,entry-level / student,Bangalore,7500,9000,Any
2025WSHP1848,Business Development (Sales),business development (sales),entry-level / student,Bangalore,5000,15000,Any
2025WSHP1849,Content and Social Media Marketing,marketing,entry-level / student,Bangalore,10000,12000,Any
2025WSHP1850,Digital Marketing,marketing,entry-level / student,Bangalore,15000,15001,Any
2025WSHP1851,Social Media Marketing,marketing,entry-level / student,Gurgaon,9900,15000,Any
2025WSHP1852,Marketing,marketing,entry-level / student,Remote,12000,15000,MBA
2025WSHP1853,Lead Generation,lead generation,senior / experienced,Remote,3000,15000,Any
2025WSHP1854,Flutter Development,mobile development,entry-level / student,Chennai,10000,20000,Any
2025WSHP1855,Content Writing,content writing,entry-level / student,Remote,3000,5000,Any
2025WSHP1856,Supply Chain Management (SCM),machine learning / ai,entry-level / student,Mumbai,10000,10001,Any
2025WSHP1857,Operations,operations,entry-level / student,Kolkata,5000,12000,Any
2025WSHP1858,Corporate Sales,corporate sales,entry-level / student,Pune,15000,15000,MBA
2025WSHP1859,Graphic Design,design,entry-level / student,Delhi,10000,12000,Any
2025WSHP1860,Sales (Males Only),sales (males only),entry-level / student,Pune,15000,20000,Any
2025WSHP1861,Web Development,web development,entry-level / student,Chennai,10000,15000,Any
2025WSHP1862,Fashion Design,design,entry-level / student,Pune,10000,10000,Any
2025WSHP1863,Business Analytics,business analytics,entry-level / student,Chennai,20000,30000,Any
2025WSHP1864,General Management,general management,entry-level / student,Bangalore,8000,12000,Any
2025WSHP1865,Social Media Marketer,marketing,entry-level / student,Remote,3000,5000,Any
2025WSHP1866,Business Research,business research,entry-level / student,Mumbai,15000,20000,Any
2025WSHP1867,Graphic Design,design,entry-level / student,Mumbai,12000,15000,Any
2025WSHP1868,Neethi Lawyers Fellowship,neethi lawyers fellowship,entry-level / student,Chennai,20000,20000,MBA
2025WSHP1869,Business Growth Specialist (Sales),business growth specialist (sales),entry-level / student,Bangalore,25000,37000,Any
2025WSHP1870,Client Solutions Specialist,client solutions specialist,entry-level / student,Remote,4000,5000,Any
2025WSHP1871,AI Product-Solutions,machine learning / ai,entry-level / student,Pune,10000,30000,MBA
2025WSHP1872,Operations - Female,operations - female,entry-level / student,Mumbai,10000,12000,Any
2025WSHP1873,Research Assistant,research assistant,entry-level / student,Remote,12000,18000,Any
2025WSHP1874,LinkedIn Content Writer,linkedin content writer,entry-level / student,Noida,10000,15000,Any
2025WSHP1875,Video Editing/Making,video editing/making,entry-level / student,Remote,4000,7000,Any
2025WSHP1876,Content Writing,content writing,entry-level / student,Remote,3000,8000,Any
2025WSHP1877,Sketch Artist,sketch artist,entry-level / student,Delhi,8000,10000,Any
2025WSHP1878,Market Analyst,market analyst,entry-level / student,Mumbai,10000,20000,Any
2025WSHP1879,Video Editing/Making,video editing/making,entry-level / student,Remote,3000,10000,Any
2025WSHP1880,Fashion Merchandising,fashion merchandising,entry-level / student,Ulhasnagar,12000,15000,Any
2025WSHP1881,Site Engineering - Interior Design,design,entry-level / student,Mumbai,10000,15000,Any
2025WSHP1882,Content Writing,content writing,entry-level / student,Pune,5000,10000,Any
2025WSHP1883,Client Outreach,client outreach,entry-level / student,Mumbai,7000,10000,Any
2025WSHP1884,Graphic Design,design,entry-level / student,Ahmedabad,3000,5000,Any
2025WSHP1885,Social Media Marketing,marketing,entry-level / student,Remote,6000,20000,Any
2025WSHP1886,Marketing,marketing,entry-level / student,Remote,3000,15000,Any
2025WSHP1887,Field Sales,field sales,entry-level / student,Pune,5000,8000,Any
2025WSHP1888,Python Development,python development,entry-level / student,Remote,25000,45000,Any
2025WSHP1889,Social Service,social service,entry-level / student,Remote,1500,15000,Any
2025WSHP1890,Social Media Marketing,marketing,entry-level / student,Remote,1000,3000,Any
2025WSHP1891,Marketing,marketing,entry-level / student,Mumbai,10000,20000,Any
2025WSHP1892,Business Development (Sales),business development (sales),entry-level / student,Gurgaon,15000,20000,Any
2025WSHP1893,Nothing,nothing,entry-level / student,Not Available,0,0,Any
2025WSHP1894,UGC Content Creator,ugc content creator,entry-level / student,Mumbai,10000,10000,Any
2025WSHP1895,Nothing,nothing,entry-level / student,Not Available,0,0,Any
2025WSHP1896,Human Resources (HR),human resources (hr),entry-level / student,Mumbai,15000,15001,Any
2025WSHP1897,HR,hr,entry-level / student,Delhi,10000,15000,Any
2025WSHP1898,Turf Captain,machine learning / ai,entry-level / student,Bangalore,5000,7500,Any
2025WSHP1899,Sales and Marketing,marketing,entry-level / student,Remote,6000,19000,Any
2025WSHP1900,Sales and Marketing,marketing,entry-level / student,Pune,4000,11000,Any
2025WSHP1901,Nothing,nothing,entry-level / student,Not Available,0,0,Any
2025WSHP1902,Customer Success Or Client Support Internship,customer success or client support internship,entry-level / student,Pune,12000,12000,Any
2025WSHP1903,Business Development (Sales),business development (sales),entry-level / student,Remote,1500,10000,Any
2025WSHP1904,Equity Research,frontend development,entry-level / student,Mumbai,5000,7000,Any
2025WSHP1905,Video Editing/Making,video editing/making,entry-level / student,Remote,7000,10000,Any
2025WSHP1906,Operations,operations,entry-level / student,Mumbai,4500,5000,Any
2025WSHP1907,Business Development (Sales),business development (sales),entry-level / student,Gurgaon,15000,25000,Any
2025WSHP1908,Marketing,marketing,entry-level / student,Mumbai,10000,15000,Any
2025WSHP1909,Business Development (Sales),business development (sales),entry-level / student,Delhi,22000,30000,Any
2025WSHP1910,Recruitment,frontend development,entry-level / student,Noida,5000,10000,Any
2025WSHP1911,Sales Consultant,sales consultant,entry-level / student,Remote,2000,10000,Any
2025WSHP1912,Stock Market Trading,stock market trading,entry-level / student,Remote,25000,50000,Any
2025WSHP1913,Video Editing/Making,video editing/making,entry-level / student,Chennai,8000,10000,Any
2025WSHP1914,Human Resources (HR),human resources (hr),entry-level / student,Delhi,4000,5000,Any
2025WSHP1915,Video Editing/Making,video editing/making,entry-level / student,Remote,1000,3000,Any
2025WSHP1916,Video Editing/Making,video editing/making,entry-level / student,Remote,10000,10000,Any
2025WSHP1917,Shopify Developer,shopify developer,entry-level / student,Remote,4000,6000,Any
2025WSHP1918,Operations – EV Fleet & Swapping Network,operations – ev fleet & swapping network,entry-level / student,Bangalore,16000,20000,Any
2025WSHP1919,Manual Testing,manual testing,entry-level / student,Chennai,30000,40000,Any
2025WSHP1920,Photographer / Videographer – QHT Clinic (Delhi),photographer / videographer – qht clinic (delhi),entry-level / student,Rohini,12000,15000,Any
2025WSHP1921,Telecalling,telecalling,entry-level / student,Delhi,6000,12000,Any
2025WSHP1922,sales,sales,entry-level / student,Thane,11000,13000,Any
2025WSHP1923,Sales,sales,entry-level / student,Remote,1500,1500,Any
2025WSHP1924,Campus Ambassador,campus ambassador,entry-level / student,Remote,0,0,Any
2025WSHP1925,"Shopify Website, SEO & Social Media Marketing",marketing,entry-level / student,Remote,5500,13500,Any
2025WSHP1926,Online SSAT Math Tutoring,online ssat math tutoring,entry-level / student,Remote,1000,8000,Any
2025WSHP1927,Graphic Design,design,entry-level / student,Jaipur,6000,10000,Any
2025WSHP1928,Human Resources (HR),human resources (hr),entry-level / student,Chennai,4000,6000,Any
2025WSHP1929,Operations & Customer Service,operations & customer service,entry-level / student,Hyderabad,5000,10000,Any
2025WSHP1930,Graphic Design,design,entry-level / student,Bangalore,5000,7000,Any
2025WSHP1931,Search Engine Optimization (SEO),marketing,entry-level / student,Bangalore,10000,15000,Any
2025WSHP1932,Search Engine Optimization (SEO),marketing,entry-level / student,Delhi,2000,2000,Any
2025WSHP1933,EdTech AI,machine learning / ai,entry-level / student,Remote,1500,5000,Any
2025WSHP1934,Video Editing/Making,video editing/making,entry-level / student,Remote,1000,1000,Any
2025WSHP1935,UI/UX Designer,frontend development,entry-level / student,Mumbai,4000,5000,Any
2025WSHP1936,Hand Embroidery Work And Design,design,entry-level / student,Pune,3500,6000,Any
2025WSHP1937,Startup Enthusiast,startup enthusiast,entry-level / student,Remote,3000,10000,Any
2025WSHP1938,Promoter,promoter,entry-level / student,Remote,6000,14000,Any
2025WSHP1939,Digital Marketing,marketing,entry-level / student,Delhi,5000,12000,Any
2025WSHP1940,Content and Social Media Marketing,marketing,entry-level / student,Remote,2000,5000,Any
2025WSHP1941,Corporate Sales,corporate sales,entry-level / student,Chandigarh,6000,16500,MBA
2025WSHP1942,Creative Design,design,entry-level / student,Gurgaon,2000,3000,Any
2025WSHP1943,Project Management,project management,entry-level / student,Delhi,8000,10000,Any
2025WSHP1944,Assistant Fashion Designer,design,entry-level / student,Noida,10000,15000,Any
2025WSHP1945,Web Services,web services,entry-level / student,Mumbai,8000,10000,MBA
2025WSHP1946,Content & E-Commerce Management - Female,content & e-commerce management - female,entry-level / student,Noida,10000,15000,MBA
2025WSHP1947,Fundraising Associate,machine learning / ai,entry-level / student,Mumbai,4000,5000,Any
2025WSHP1948,Human Resources Administration,human resources administration,entry-level / student,Delhi,5000,7000,Any
2025WSHP1949,Digital Marketing,marketing,entry-level / student,Pune,6000,6000,Any
2025WSHP1950,CA Articleship,ca articleship,entry-level / student,Remote,6000,7000,Any
2025WSHP1951,Service Trainee,machine learning / ai,entry-level / student,Delhi,16000,18500,Diploma
2025WSHP1952,Social Media,marketing,entry-level / student,Mumbai,5000,7000,Any
2025WSHP1953,Node.js Development,node.js development,entry-level / student,Remote,8000,12000,Any
2025WSHP1954,Software Testing,software testing,entry-level / student,Remote,1000,2000,Diploma
2025WSHP1955,UI/UX Designer,frontend development,entry-level / student,Mumbai,15000,15000,Diploma
2025WSHP1956,Data Analytics,data analytics,entry-level / student,Remote,20000,25000,Any
2025WSHP1957,Flutter Development,mobile development,entry-level / student,Bangalore,10000,15000,Any
2025WSHP1958,Supply Chain & Logistics Operations,machine learning / ai,entry-level / student,Delhi,15000,20000,Any
2025WSHP1959,Video Editing/Making,video editing/making,entry-level / student,Remote,7000,7000,Any
2025WSHP1960,Business Development (Sales),business development (sales),entry-level / student,Mumbai,10000,13000,Any
2025WSHP1961,Digital Marketing,marketing,entry-level / student,Mumbai,5000,10000,Any
2025WSHP1962,Social Media Marketing,marketing,entry-level / student,Jaipur,5000,7000,Any
2025WSHP1963,Video Editing/Making,video editing/making,entry-level / student,Remote,1000,1000,Any
2025WSHP1964,sales,sales,entry-level / student,Mumbai,10000,12000,Any
2025WSHP1965,Online Fide Rated Chess Tutor,online fide rated chess tutor,entry-level / student,Remote,1000,8000,Any
2025WSHP1966,Social Media Marketing,marketing,entry-level / student,Remote,3000,5000,Any
2025WSHP1967,Data Entry,data entry,entry-level / student,Remote,15000,25000,Any
2025WSHP1968,Backend Development,backend development,entry-level / student,Chennai,20000,30000,Any
2025WSHP1969,Social Media Marketing,marketing,entry-level / student,Remote,3000,5000,Any
2025WSHP1970,Marketing,marketing,entry-level / student,Delhi,8000,12000,Any
2025WSHP1971,Journalism,journalism,entry-level / student,Mumbai,3000,5000,Any
2025WSHP1972,Equity Research,frontend development,entry-level / student,Remote,3000,3000,Any
2025WSHP1973,Mechanical Engineering,mechanical engineering,entry-level / student,Bangalore,10000,10000,Any
2025WSHP1974,sales,sales,entry-level / student,Pune,15000,15000,MBA
2025WSHP1975,Client Servicing & Social Media,marketing,entry-level / student,Mumbai,8000,8000,Any
2025WSHP1976,Full Stack Development,full stack development,entry-level / student,Remote,0,0,Any
2025WSHP1977,Backend Development (PHP),backend development,entry-level / student,Mumbai,10000,15000,Any
2025WSHP1978,Business Development (Sales),business development (sales),entry-level / student,Jaipur,10000,25000,Any
2025WSHP1979,Field Sales,field sales,entry-level / student,Gurgaon,12000,15000,Any
2025WSHP1980,Sales and Marketing,marketing,entry-level / student,Mumbai,7000,7500,MBA
2025WSHP1981,Human Resources (HR),human resources (hr),entry-level / student,Remote,10000,12000,Any
2025WSHP1982,Project Management,project management,entry-level / student,Delhi,8000,10000,MBA
2025WSHP1983,Content and Social Media Marketing,marketing,entry-level / student,Mumbai,5000,9000,Any
2025WSHP1984,ReactJS Development,reactjs development,entry-level / student,Chennai,20000,30000,Any
2025WSHP1985,Inside Sales,inside sales,entry-level / student,Remote,5000,10000,Any
2025WSHP1986,Content and Social Media Marketing,marketing,entry-level / student,Remote,5000,5000,Any
2025WSHP1987,Sales and Marketing,marketing,entry-level / student,Hyderabad,5000,10000,Any
2025WSHP1988,Telecalling,telecalling,entry-level / student,Mumbai,10000,18000,Any
2025WSHP1989,IPad Artist/ Illustrator,ipad artist/ illustrator,entry-level / student,Remote,7000,8000,Any
2025WSHP1990,Event Manager,event manager,entry-level / student,Bangalore,5000,7000,Any
2025WSHP1991,Graphic Design,design,entry-level / student,Noida,9000,10000,Any
2025WSHP1992,Interior Design,design,entry-level / student,Gurgaon,10000,10001,Any
2025WSHP1993,Sales and Marketing,marketing,entry-level / student,Pune,11000,18000,Any
2025WSHP1994,Social Media Marketing,marketing,entry-level / student,Remote,8000,8000,Any
2025WSHP1995,Social Media,marketing,entry-level / student,Bangalore,15000,15000,Any
2025WSHP1996,Interior Design,design,entry-level / student,Chennai,10000,13000,Any
2025WSHP1997,Talent Acquisition,frontend development,entry-level / student,Bangalore,5000,5000,Any
2025WSHP1998,Operations,operations,entry-level / student,Remote,5000,10000,Any
2025WSHP1999,Social Media & Creative,marketing,entry-level / student,Gurgaon,5000,5000,Any
2025WSHP2000,Business Development (Sales),business development (sales),entry-level / student,Bangalore,20000,27000,Any
2025WSHP2001,Operations,operations,entry-level / student,Remote,2000,3000,Any
2025WSHP2002,Chartered Accountancy (CA) / (CMA),chartered accountancy (ca) / (cma),entry-level / student,Bangalore,30000,35000,Any
2025WSHP2003,E-commerce Executive,e-commerce executive,entry-level / student,Remote,3000,8000,Any
2025WSHP2004,sales,sales,entry-level / student,Delhi,10000,15000,Any
2025WSHP2005,Amazon Account Handler,amazon account handler,entry-level / student,Remote,5000,5001,Any
2025WSHP2006,Sustainablity Designer,machine learning / ai,entry-level / student,Remote,2000,3000,Any
2025WSHP2007,Content and Social Media Marketing,marketing,entry-level / student,Mumbai,3001,7002,Any
2025WSHP2008,Graphic Design,design,entry-level / student,Remote,7000,7000,Any
2025WSHP2009,Telecalling,telecalling,entry-level / student,Mumbai,5500,12500,Any
2025WSHP2010,Product Management,product management,entry-level / student,Chennai,20000,30000,Any
2025WSHP2011,Business Development (Sales),business development (sales),entry-level / student,Delhi,2000,2000,Any
2025WSHP2012,Marketing,marketing,entry-level / student,Remote,0,0,Any
2025WSHP2013,Video Editing/Making,video editing/making,entry-level / student,Remote,3000,6000,Any
2025WSHP2014,Graphic Design,design,entry-level / student,Mumbai,8000,10000,Any
2025WSHP2015,Sales and Marketing,marketing,entry-level / student,Remote,3000,5000,Any
2025WSHP2016,Shadow Teacher & Counsellor,shadow teacher & counsellor,entry-level / student,Pune,8000,10000,Any
2025WSHP2017,Nothing,nothing,entry-level / student,Not Available,0,0,Any
2025WSHP2018,Abandoned Cart Calls,abandoned cart calls,entry-level / student,Remote,1500,1500,Any
2025WSHP2019,Telecalling,telecalling,entry-level / student,Delhi,7000,12000,Any
2025WSHP2020,Business Development (Sales),business development (sales),entry-level / student,Bangalore,3000,3000,Any
2025WSHP2021,Content Creation & Strategist,content creation & strategist,entry-level / student,Thane,15000,15000,Any
2025WSHP2022,General Management,general management,entry-level / student,Noida,6000,6001,Any
2025WSHP2023,Psychology,psychology,entry-level / student,Noida,0,0,Any
2025WSHP2024,UI/UX Design,frontend development,entry-level / student,Remote,7000,10000,Diploma
2025WSHP2025,Graphic Design,design,entry-level / student,Mumbai,10000,15000,Any
2025WSHP2026,Architecture,architecture,senior / experienced,Delhi,8000,12000,Any
2025WSHP2027,Digital Marketing,marketing,entry-level / student,Vasai,4000,6000,Any
2025WSHP2028,Video Editing/Making,video editing/making,entry-level / student,Bangalore,0,0,Any
2025WSHP2029,Embedded Systems,embedded systems,entry-level / student,Delhi,6000,12000,Any
2025WSHP2030,Nothing,nothing,entry-level / student,Not Available,0,0,Any
2025WSHP2031,Video Editing & Podcast Production,video editing & podcast production,entry-level / student,Delhi,5000,5000,Any
2025WSHP2032,Council Member At DALC - WICCI,council member at dalc - wicci,entry-level / student,Remote,0,0,Any
2025WSHP2033,Business Development (Sales),business development (sales),entry-level / student,Bangalore,20000,30000,Any
2025WSHP2034,Digital Marketing,marketing,entry-level / student,Bangalore,5000,10000,Any
2025WSHP2035,Marketing,marketing,entry-level / student,Mumbai,8000,12000,Any
2025WSHP2036,Marketing,marketing,entry-level / student,Delhi,15000,25000,Any
2025WSHP2037,Content and Social Media Marketing,marketing,entry-level / student,Remote,3000,8000,Any
2025WSHP2038,Nothing,nothing,entry-level / student,Not Available,0,0,Any
2025WSHP2039,Content Creator,content creator,entry-level / student,Noida,10000,15000,Any
2025WSHP2040,Sales and Marketing,marketing,entry-level / student,Hyderabad,8000,15000,Any
2025WSHP2041,Business Development (Sales),business development (sales),entry-level / student,Bangalore,21000,28000,Any
2025WSHP2042,Graphic Design,design,entry-level / student,Noida,12000,12000,Any
2025WSHP2043,Sales Manager,sales manager,entry-level / student,Remote,10000,10000,Any
2025WSHP2044,Lead Generation,lead generation,senior / experienced,Mumbai,3000,5001,Any
2025WSHP2045,Marketing,marketing,entry-level / student,Delhi,6500,17000,Any
2025WSHP2046,Shopify,shopify,entry-level / student,Coimbatore,8000,10000,Any
2025WSHP2047,Graphic Design,design,entry-level / student,Remote,2001,2001,Any
2025WSHP2048,Business Development (Sales),business development (sales),entry-level / student,Pune,8000,15000,Any
2025WSHP2049,Nothing,nothing,entry-level / student,Not Available,0,0,Any
2025WSHP2050,Computer Vision,machine learning / ai,entry-level / student,Gurgaon,5000,15000,Any
2025WSHP2051,Telesales,telesales,entry-level / student,Remote,5000,6000,Any
2025WSHP2052,Software Testing,software testing,entry-level / student,Chennai,20000,25000,Any
2025WSHP2053,Business Development (Sales),business development (sales),entry-level / student,Delhi,12000,15000,Any
2025WSHP2054,Product and Content Support,product and content support,entry-level / student,Remote,10000,12000,Any
2025WSHP2055,Associate Graphic Designer,design,entry-level / student,Remote,8000,10000,Any
2025WSHP2056,Tenders Executive,tenders executive,entry-level / student,Bangalore,8000,10000,Any
2025WSHP2057,Mobile App Development,mobile development,entry-level / student,Hyderabad,5000,7000,Any
2025WSHP2058,Auditing & Accounting,auditing & accounting,entry-level / student,Delhi,10000,12000,Any
2025WSHP2059,Content and Social Media Marketing,marketing,entry-level / student,Faridabad,8000,12000,Any
2025WSHP2060,Sales and Marketing,marketing,entry-level / student,Agra,15000,65000,MBA
2025WSHP2061,Business Manager,business manager,entry-level / student,Remote,10000,15000,Any
2025WSHP2062,Content & E-Commerce Management,content & e-commerce management,entry-level / student,Bangalore,15000,15000,Any
2025WSHP2063,Content & E-Commerce Management,content & e-commerce management,entry-level / student,Kolkata,12000,12000,Any
2025WSHP2064,Data Entry,data entry,entry-level / student,Secunderabad,30000,30000,Any
2025WSHP2065,Machine Learning,machine learning / ai,entry-level / student,Chennai,20000,30000,Any
2025WSHP2066,Operations,operations,entry-level / student,Bangalore,15000,20000,MBA
2025WSHP2067,Video Editing/Making,video editing/making,entry-level / student,Remote,5000,5000,Any
2025WSHP2068,Marketing,marketing,entry-level / student,Pune,10000,48000,Any
2025WSHP2069,Digital Marketing,marketing,entry-level / student,Bangalore,10000,25000,Any
2025WSHP2070,Campus Ambassador,campus ambassador,entry-level / student,Remote,0,0,Any
2025WSHP2071,Copywriting,copywriting,entry-level / student,Delhi,15000,15000,Any
2025WSHP2072,Psychology,psychology,entry-level / student,Remote,5000,7000,Any
2025WSHP2073,Front End Development,front end development,entry-level / student,Mumbai,10000,12500,Any
2025WSHP2074,Python Development,python development,entry-level / student,Delhi,8000,10000,Any
2025WSHP2075,E-commerce Executive,e-commerce executive,entry-level / student,Mumbai,7500,7500,Any
2025WSHP2076,sales,sales,entry-level / student,Hyderabad,9000,15000,Any
2025WSHP2077,Operations,operations,entry-level / student,Noida,4000,6000,Any
2025WSHP2078,Sales and Marketing,marketing,entry-level / student,Remote,5000,8000,Any
2025WSHP2079,Business Analytics,business analytics,entry-level / student,Gurgaon,0,0,Any
2025WSHP2080,Talent Acquisition,frontend development,entry-level / student,Delhi,6000,8000,Any
2025WSHP2081,Research And Administration,research and administration,entry-level / student,Delhi,5000,5000,Any
2025WSHP2082,Field Survey,field survey,entry-level / student,Hyderabad,10000,10000,Any
2025WSHP2083,Jewellery Designer,design,entry-level / student,Jaipur,10000,14000,Any
2025WSHP2084,Human Resources (HR),human resources (hr),entry-level / student,Pune,3000,5000,MBA
2025WSHP2085,Sales and Marketing,marketing,entry-level / student,Remote,3000,3000,Any
2025WSHP2086,sales,sales,entry-level / student,Delhi,9000,10000,Any
2025WSHP2087,Teaching,teaching,entry-level / student,Mumbai,4000,5000,Any
2025WSHP2088,Human Resources (HR),human resources (hr),entry-level / student,Bangalore,9000,10000,Any
2025WSHP2089,Field Sales,field sales,entry-level / student,Ahmedabad,5000,10000,Any
2025WSHP2090,Sales and Marketing,marketing,entry-level / student,Remote,16000,25000,Any
2025WSHP2091,Graphic Design,design,entry-level / student,Mumbai,7000,8500,Any
2025WSHP2092,Backend Development,backend development,entry-level / student,Remote,12000,15000,Any
2025WSHP2093,Human Resources (HR),human resources (hr),entry-level / student,Pune,10001,12002,Any
2025WSHP2094,Content and Social Media Marketing,marketing,entry-level / student,Faridabad,5000,10000,Any
2025WSHP2095,Machine Learning,machine learning / ai,entry-level / student,Remote,1000,1000,Any
2025WSHP2096,Data Analytics,data analytics,entry-level / student,Remote,3000,5000,MBA
2025WSHP2097,Web Development,web development,entry-level / student,Hyderabad,7000,7000,Any
2025WSHP2098,UI/UX Design,frontend development,entry-level / student,Mumbai,25000,25000,Any
2025WSHP2099,Civil Engineering,civil engineering,entry-level / student,Mumbai,8000,10000,Any
2025WSHP2100,Backend Development,backend development,entry-level / student,Mumbai,5000,8000,Any
2025WSHP2101,Backend Developer,backend development,entry-level / student,Pune,20000,20000,Any
2025WSHP2102,Social Media Marketing,marketing,entry-level / student,Gurgaon,15000,15000,Any
2025WSHP2103,Curriculum Writer And Designer – Early Learning,design,entry-level / student,Remote,6000,10000,Any
2025WSHP2104,Cloud Computing,cloud computing,entry-level / student,Chennai,30000,40000,Any
2025WSHP2105,Telecalling,telecalling,entry-level / student,Remote,2000,2000,Any
2025WSHP2106,AI App Specialist,machine learning / ai,entry-level / student,Remote,5000,10000,Any
2025WSHP2107,UI/UX & Graphic Design,frontend development,entry-level / student,Remote,8000,10000,Any
2025WSHP2108,Pre-Counselling Advisor (Education Counselling & Student Engagement),pre-counselling advisor (education counselling & s,entry-level / student,Faridabad,10000,20000,Any
2025WSHP2109,HR Consultant,hr consultant,entry-level / student,Remote,0,0,Any
2025WSHP2110,Fashion Design,design,entry-level / student,Bangalore,5000,8000,Any
2025WSHP2111,Electrical Engineering,electrical engineering,entry-level / student,Noida,5000,12500,Any
2025WSHP2112,Backend Development,backend development,entry-level / student,Hyderabad,5000,8000,Any
2025WSHP2113,Product And Social Media Marketing,marketing,entry-level / student,Remote,4000,5000,Any
2025WSHP2114,Policy Research,policy research,entry-level / student,Remote,20000,25000,Any
2025WSHP2115,Graphic Design,design,entry-level / student,Gurgaon,12000,12000,Any
2025WSHP2116,Customer Service/Customer Support,customer service/customer support,entry-level / student,Bangalore,10000,11000,Any
2025WSHP2117,Telemarketing,marketing,entry-level / student,Remote,5000,8000,Diploma
2025WSHP2118,Digital Marketing,marketing,entry-level / student,Thane,6000,10000,Any
2025WSHP2119,Web Development,web development,entry-level / student,Chennai,30000,40000,Any
2025WSHP2120,Product Marketing,marketing,entry-level / student,Pune,13000,15000,Any
2025WSHP2121,Corporate Sales,corporate sales,entry-level / student,Remote,12000,17000,Any
2025WSHP2122,Business Development (Sales),business development (sales),entry-level / student,Mumbai,8000,12000,Any
2025WSHP2123,Video Editing/Making,video editing/making,entry-level / student,Remote,7000,7000,Any
2025WSHP2124,Content and Social Media Marketing,marketing,entry-level / student,Chennai,20000,30000,Any
2025WSHP2125,Video Editing/Making,video editing/making,entry-level / student,Delhi,4000,12000,Any
2025WSHP2126,Content and Social Media Marketing,marketing,entry-level / student,Noida,10000,20000,Any
2025WSHP2127,Human Resources (HR),human resources (hr),entry-level / student,Remote,0,0,Any
2025WSHP2128,Software Development,software development,entry-level / student,Remote,12000,15000,Any
2025WSHP2129,Programming,programming,entry-level / student,Remote,1000,1200,Diploma
2025WSHP2130,HR,hr,entry-level / student,Mumbai,10000,10001,Any
2025WSHP2131,Web Development,web development,entry-level / student,Noida,3001,5002,Any
2025WSHP2132,Business Development (Sales),business development (sales),entry-level / student,Remote,1500,10000,Any
2025WSHP2133,Customer Service/Customer Support,customer service/customer support,entry-level / student,Hyderabad,6000,6001,Any
2025WSHP2134,Client Servicing,client servicing,entry-level / student,Mumbai,8000,10000,Any
2025WSHP2135,Architecture,architecture,senior / experienced,Remote,5000,10000,Any
2025WSHP2136,Digital Marketing,marketing,entry-level / student,Noida,2400,2600,Any
2025WSHP2137,AI Innovation Associate,machine learning / ai,entry-level / student,Hyderabad,10000,25000,Any
2025WSHP2138,Business Development (Sales),business development (sales),entry-level / student,Noida,10000,15000,Any
2025WSHP2139,Video Editing/Making,video editing/making,entry-level / student,Gurgaon,10000,15000,Any
2025WSHP2140,Telesales Representative,telesales representative,entry-level / student,Remote,6000,7000,Any
2025WSHP2141,Video Editing/Making,video editing/making,entry-level / student,Noida,15000,20000,Any
2025WSHP2142,Video Editor,video editor,entry-level / student,Delhi,10000,12000,Any
2025WSHP2143,Lead Generation,lead generation,senior / experienced,Remote,8000,12000,Any
2025WSHP2144,Email Marketing,machine learning / ai,entry-level / student,Remote,7000,10000,Any
2025WSHP2145,Human Resources (HR),human resources (hr),entry-level / student,Mumbai,5000,7500,Any
2025WSHP2146,Corporate Sales,corporate sales,entry-level / student,Bangalore,10000,20000,Any
2025WSHP2147,Graphic Design,design,entry-level / student,Remote,3000,4000,Any
2025WSHP2148,Travel & Tourism,travel & tourism,entry-level / student,Jaipur,5000,5000,Any
2025WSHP2149,Video Editing & Graphic Designing,design,entry-level / student,Remote,6000,6000,Any
2025WSHP2150,Business Development (Sales),business development (sales),entry-level / student,Delhi,15000,15000,Any
2025WSHP2151,Research And Development,research and development,entry-level / student,Mumbai,5000,7000,Any
2025WSHP2152,Human Resources (HR),human resources (hr),entry-level / student,Remote,0,0,Any
2025WSHP2153,E-commerce Executive,e-commerce executive,entry-level / student,Bangalore,12000,15000,Any
2025WSHP2154,Search Engine Optimization (SEO),marketing,entry-level / student,Thane,3000,3000,MBA
2025WSHP2155,AI Agent Development,machine learning / ai,entry-level / student,Delhi,10000,15000,Any
2025WSHP2156,AI Agent Development,machine learning / ai,entry-level / student,Delhi,12000,12000,Any
2025WSHP2157,Mystery Auditor,mystery auditor,entry-level / student,Remote,2000,20000,Any
2025WSHP2158,Field Sales,field sales,entry-level / student,Bangalore,0,0,Any
2025WSHP2159,Social Media Marketing,marketing,entry-level / student,Jaipur,15000,18000,Any
2025WSHP2160,Human Resources (HR),human resources (hr),entry-level / student,Remote,9000,10000,Any
2025WSHP2161,Media & Public Relations (PR),media & public relations (pr),entry-level / student,Delhi,15000,15000,Any
2025WSHP2162,General Management,general management,entry-level / student,Bangalore,6000,10000,Any
2025WSHP2163,LinkedIn Job Posting,linkedin job posting,entry-level / student,Remote,4000,4000,Any
2025WSHP2164,Content Writing,content writing,entry-level / student,Delhi,8000,12000,Any
2025WSHP2165,Business Development (Sales),business development (sales),entry-level / student,Gurgaon,15000,40000,Any
2025WSHP2166,Motion Graphics,design,entry-level / student,Gurgaon,12000,12000,Any
2025WSHP2167,Deligate Acquistion Executive,frontend development,entry-level / student,Remote,5000,6000,Any
2025WSHP2168,Educational Written Video Solutions,educational written video solutions,entry-level / student,Remote,9000,17000,Any
2025WSHP2169,Game Host - Weekdays,game host - weekdays,entry-level / student,Bangalore,9000,19000,Any
2025WSHP2170,Product Management,product management,entry-level / student,Remote,5000,5000,Any
2025WSHP2171,Human Resources (HR),human resources (hr),entry-level / student,Remote,6000,6000,Any
2025WSHP2172,ReactJS Development,reactjs development,entry-level / student,Chennai,20000,30000,Any
2025WSHP2173,Video Editing/Making,video editing/making,entry-level / student,Faridabad,2000,6000,Any
2025WSHP2174,Graphic Design,design,entry-level / student,Remote,4000,8000,Any
2025WSHP2175,Business Development Executive,business development executive,entry-level / student,Remote,1000,4000,Any
2025WSHP2176,Inside Sales,inside sales,entry-level / student,Bangalore,14000,28000,Any
2025WSHP2177,Growth Marketing,marketing,entry-level / student,Remote,4000,6500,Any
2025WSHP2178,Robotics,robotics,entry-level / student,Chennai,18000,25000,Any
2025WSHP2179,Digital Marketing,marketing,entry-level / student,Mumbai,3500,4200,MBA
2025WSHP2180,Video Editing/Making,video editing/making,entry-level / student,Remote,7000,25000,Any
2025WSHP2181,Email Marketing,machine learning / ai,entry-level / student,Remote,9000,20000,Any
2025WSHP2182,Graphic Design,design,entry-level / student,Noida,8000,10000,Any
2025WSHP2183,Social Media Marketing,marketing,entry-level / student,Delhi,5000,15000,Any
2025WSHP2184,Media & Public Relations (PR),media & public relations (pr),entry-level / student,Delhi,5000,15000,Any
2025WSHP2185,Digital Marketing,marketing,entry-level / student,Gurgaon,12000,15000,Any
2025WSHP2186,Robotics,robotics,entry-level / student,Pune,2000,5000,Any
2025WSHP2187,Backend Executive,backend development,entry-level / student,Noida,7500,12000,Any
2025WSHP2188,Node.js Development,node.js development,entry-level / student,Gurgaon,15000,20000,Any
2025WSHP2189,Bioinformatics,bioinformatics,entry-level / student,Hyderabad,15000,20000,Any
2025WSHP2190,Content and Social Media Marketing,marketing,entry-level / student,Delhi,6000,13000,Any
2025WSHP2191,Business Strategy,business strategy,entry-level / student,Delhi,8000,10000,Any
2025WSHP2192,Marketing,marketing,entry-level / student,Jaipur,8000,10000,Any
2025WSHP2193,Content and Social Media Marketing,marketing,entry-level / student,Remote,5000,5000,Any
2025WSHP2194,Content and Social Media Marketing,marketing,entry-level / student,Chennai,20000,30000,Any
2025WSHP2195,Product Marketing,marketing,entry-level / student,Chennai,20000,30000,Any
2025WSHP2196,Inside Sales(Female Candidates Preferred),inside sales(female candidates preferred),entry-level / student,Mumbai,7000,10000,MBA
2025WSHP2197,Python Development,python development,entry-level / student,Remote,2500,8000,Any
2025WSHP2198,Video Editing/Making,video editing/making,entry-level / student,Remote,4000,4000,Any
2025WSHP2199,Human Resources (HR),human resources (hr),entry-level / student,Mumbai,9000,13000,Any
2025WSHP2200,Fundraising,machine learning / ai,entry-level / student,Remote,0,0,Any
2025WSHP2201,WordPress Development,wordpress development,entry-level / student,Remote,15000,25000,Any
2025WSHP2202,Human Resources (HR),human resources (hr),entry-level / student,Gurgaon,8000,10000,Any
2025WSHP2203,Node.js Development,node.js development,entry-level / student,Chennai,20000,30000,Any
2025WSHP2204,Social Media Marketing,marketing,entry-level / student,Remote,2000,3000,Any
2025WSHP2205,Resource Development,resource development,entry-level / student,Remote,1500,15000,Any
2025WSHP2206,Digital Marketing,marketing,entry-level / student,Mumbai,8000,13000,Any
2025WSHP2207,HR Operations & Accounting,hr operations & accounting,entry-level / student,Noida,12000,18000,Any
2025WSHP2208,Work From Home – Data Collection,work from home – data collection,entry-level / student,Remote,16000,37000,Any
2025WSHP2209,Software Testing,software testing,entry-level / student,Mumbai,10000,10000,Any
2025WSHP2210,1 Week Virtual Charity Drive (Fundraising),machine learning / ai,entry-level / student,Remote,1500,10000,Any
2025WSHP2211,Fashion Design,design,entry-level / student,Gurgaon,6000,9000,Any
2025WSHP2212,Company Secretary (CS),company secretary (cs),entry-level / student,Mumbai,15000,20000,MBA
2025WSHP2213,Facebook Marketing,marketing,entry-level / student,Remote,2000,2200,Any
2025WSHP2214,Digital Marketing,marketing,entry-level / student,Delhi,16000,20000,Any
2025WSHP2215,UI Design Fellowship,frontend development,entry-level / student,Remote,2000,2000,Any
2025WSHP2216,Digital Marketing,marketing,entry-level / student,Delhi,12000,12000,Any
2025WSHP2217,Content and Social Media Marketing,marketing,entry-level / student,Delhi,5000,6000,Any
2025WSHP2218,Graphic Design,design,entry-level / student,Bangalore,12000,15000,Any
2025WSHP2219,Full Stack Development,full stack development,entry-level / student,Remote,20000,22000,Any
2025WSHP2220,Digital Marketing,marketing,entry-level / student,Mumbai,5000,15000,Any
2025WSHP2221,Media & Public Relations (PR),media & public relations (pr),entry-level / student,Remote,3000,5000,Any
2025WSHP2222,Partnerships and Sales,partnerships and sales,entry-level / student,Remote,6500,55001,Any
2025WSHP2223,Client Servicing,client servicing,entry-level / student,Gurgaon,12000,15001,Any
2025WSHP2224,Real Estate Telecalling And Social Media / Portal Executive,marketing,entry-level / student,Gurgaon,17000,17000,Any
2025WSHP2225,Key Account Manager,key account manager,entry-level / student,Mumbai,9000,10000,Any
2025WSHP2226,Entry Level Software Engineer,entry level software engineer,entry-level / student,Mumbai,10000,15000,Any
2025WSHP2227,Accounts,accounts,entry-level / student,Pune,5000,8000,Any
2025WSHP2228,Furniture Designer,design,entry-level / student,Mumbai,17000,27000,Any
2025WSHP2229,Artificial Intelligence (AI),machine learning / ai,entry-level / student,Remote,15000,25000,Any
2025WSHP2230,Recruitment,frontend development,entry-level / student,Chennai,3500,6000,Any
2025WSHP2231,Human Resources (HR),human resources (hr),entry-level / student,Noida,4500,5000,Any
2025WSHP2232,Business Development (Sales),business development (sales),entry-level / student,Pune,15000,15000,Any
2025WSHP2233,Content Writing,content writing,entry-level / student,Mumbai,8000,10000,Any
2025WSHP2234,Social Media Marketing,marketing,entry-level / student,Mumbai,15000,18000,Any
2025WSHP2235,Recruitment,frontend development,entry-level / student,Bangalore,5000,8000,Any
2025WSHP2236,sales,sales,entry-level / student,Mangalore,12000,18000,MBA
2025WSHP2237,Sports Marketing Analyst,marketing,entry-level / student,Remote,3000,5000,Any
2025WSHP2238,Video Editing/Making,video editing/making,entry-level / student,Ghaziabad,5000,7000,Any
2025WSHP2239,Artificial Intelligence (AI),machine learning / ai,entry-level / student,Remote,0,0,Any
2025WSHP2240,Dutch Speaking Executive,dutch speaking executive,entry-level / student,Remote,5000,15000,Any
2025WSHP2241,WordPress Development,wordpress development,entry-level / student,Remote,0,0,Any
2025WSHP2242,Transcription Expert,transcription expert,entry-level / student,Remote,16000,27000,Any
2025WSHP2243,Human Resources (HR),human resources (hr),entry-level / student,Bangalore,19000,20000,Any
2025WSHP2244,HR & Personal Assistant,hr & personal assistant,entry-level / student,Remote,5000,7000,Any
2025WSHP2245,Electronics Engineering,electronics engineering,entry-level / student,Delhi,5000,10000,Any
2025WSHP2246,Office And Admissions Executive (Female Candidates Only),office and admissions executive (female candidates,entry-level / student,Delhi,10000,12000,Any
2025WSHP2247,Nothing,nothing,entry-level / student,Not Available,0,0,Any
2025WSHP2248,Nothing,nothing,entry-level / student,Not Available,0,0,Any
2025WSHP2249,Human Resources (HR),human resources (hr),entry-level / student,Pune,6500,14500,Any
2025WSHP2250,Video Presenter I,video presenter i,entry-level / student,Bangalore,5000,10000,Any
2025WSHP2251,Civil Engineering,civil engineering,entry-level / student,Gurgaon,5000,10000,Any
2025WSHP2252,Strategy/ Strategy Transformation,strategy/ strategy transformation,entry-level / student,Delhi,0,0,Any
2025WSHP2253,Junior Ads,junior ads,entry-level / student,Gurgaon,10000,10000,Any
2025WSHP2254,Technical Interviewer,technical interviewer,entry-level / student,Remote,10000,15000,Any
2025WSHP2255,Fashion Design And Merchandising,design,entry-level / student,Delhi,8000,14500,Any
2025WSHP2256,Telecalling,telecalling,entry-level / student,Bangalore,15000,30000,Any
2025WSHP2257,PHP Development,php development,entry-level / student,Chennai,20000,45000,Any
2025WSHP2258,Front End Development,front end development,entry-level / student,Remote,12001,15001,Any
2025WSHP2259,Human Resources (HR),human resources (hr),entry-level / student,Bangalore,5000,10000,Any
2025WSHP2260,Business Analytics,business analytics,entry-level / student,Remote,6000,10000,MBA
2025WSHP2261,Influencer Outreach,influencer outreach,entry-level / student,Remote,4000,5000,Any
2025WSHP2262,Human Resources (HR),human resources (hr),entry-level / student,Delhi,10000,12000,Any
2025WSHP2263,Content and Social Media Marketing,marketing,entry-level / student,Mumbai,20000,20000,Any
2025WSHP2264,Business Development (Sales),business development (sales),entry-level / student,Pune,12000,30000,Any
2025WSHP2265,Search Engine Optimization (SEO),marketing,entry-level / student,Bangalore,10000,10000,Any
2025WSHP2266,Mobile App Development,mobile development,entry-level / student,Gurgaon,15000,15000,Any
2025WSHP2267,International Business Development,international business development,entry-level / student,Mumbai,3000,6000,Any
2025WSHP2268,Nothing,nothing,entry-level / student,Not Available,0,0,Any
2025WSHP2269,Graphic Design,design,entry-level / student,Delhi,10000,25000,Any
2025WSHP2270,Social Media Marketing,marketing,entry-level / student,Mumbai,8000,10000,Any
2025WSHP2271,Influencer Marketing,marketing,entry-level / student,Mumbai,10000,10000,Any
2025WSHP2272,Human Resources (HR),human resources (hr),entry-level / student,Remote,6000,7000,Any
2025WSHP2273,Human Resources (HR),human resources (hr),entry-level / student,Bangalore,10000,12000,Any
2025WSHP2274,Nothing,nothing,entry-level / student,Not Available,0,0,Any
2025WSHP2275,AI Agent Development,machine learning / ai,entry-level / student,Chennai,30000,40000,Any
2025WSHP2276,Graphic Design,design,entry-level / student,Remote,10000,10000,Any
2025WSHP2277,Marketing & Calling,marketing,entry-level / student,Noida,5000,7500,Any
2025WSHP2278,Marketing,marketing,entry-level / student,Mumbai,6000,6000,Any
2025WSHP2279,Human Resources (HR),human resources (hr),entry-level / student,Remote,1000,10001,Any
2025WSHP2280,Video Content Creator,video content creator,entry-level / student,Noida,13000,15000,Any
2025WSHP2281,Human Resources (HR),human resources (hr),entry-level / student,Hyderabad,3000,5000,Any
2025WSHP2282,Graphic Design,design,entry-level / student,Remote,1000,1500,Any
2025WSHP2283,Customer Success Associate,customer success associate,entry-level / student,Chennai,5000,10000,Any
2025WSHP2284,Sales and Marketing,marketing,entry-level / student,Remote,5000,7000,Any
2025WSHP2285,Architecture,architecture,senior / experienced,Delhi,10000,11000,Any
2025WSHP2286,Business Development (Sales),business development (sales),entry-level / student,Bangaluru,15000,60000,Any
2025WSHP2287,Sales and Marketing,marketing,entry-level / student,Bangalore,17000,55000,Any
2025WSHP2288,Business Development (Sales) Manager,business development (sales) manager,entry-level / student,Remote,12500,37500,Any
2025WSHP2289,Finance,finance,entry-level / student,Delhi,10000,15000,B.Com
2025WSHP2290,Talent Acquisition,frontend development,entry-level / student,Bangalore,10000,12000,Any
2025WSHP2291,Telecalling,telecalling,entry-level / student,Ulhasnagar,8000,10000,Any
2025WSHP2292,Content and Social Media Marketing,marketing,entry-level / student,Delhi,10000,12000,Any
2025WSHP2293,Video Editing/Making,video editing/making,entry-level / student,Remote,1000,1001,Any
2025WSHP2294,Sourcing,sourcing,entry-level / student,Delhi,10000,10001,Any
2025WSHP2295,Video Editing/Making,video editing/making,entry-level / student,Remote,7000,10000,Any
2025WSHP2296,Content and Social Media Marketing,marketing,entry-level / student,Gurgaon,10000,12000,Any
2025WSHP2297,Fashion Styling,fashion styling,entry-level / student,Delhi,8000,15000,Any
2025WSHP2298,Design,design,entry-level / student,Delhi,7000,25000,Any
2025WSHP2299,Social Media,marketing,entry-level / student,Bangalore,15000,22000,Any
2025WSHP2300,Digital Marketing,marketing,entry-level / student,Remote,2500,10000,Any
2025WSHP2301,"Sales Manager/ Promoters (Short-Term Blitz, 1–2 Months)","sales manager/ promoters (short-term blitz, 1–2 mo",entry-level / student,Delhi,15000,33000,Any
2025WSHP2302,Business Development (Sales),business development (sales),entry-level / student,Remote,2000,4000,Any
2025WSHP2303,Business Development (Sales),business development (sales),entry-level / student,Remote,1000,1500,Any
2025WSHP2304,Web Designer,design,entry-level / student,Remote,2000,2500,Any
2025WSHP2305,Marketing & Sales (Field Role),marketing,entry-level / student,Bangalore,2000,6000,Any
2025WSHP2306,HR Consultant,hr consultant,entry-level / student,Bangalore,10000,15000,Any
2025WSHP2307,College Community Lead,college community lead,senior / experienced,Remote,5000,20000,Any
2025WSHP2308,Business Development (Sales),business development (sales),entry-level / student,Delhi,10000,10000,Any
2025WSHP2309,"CA, ACCA, CMA","ca, acca, cma",entry-level / student,Jaipur,5000,5000,Any
2025WSHP2310,Hotel Management (Food & Beverage Production),hotel management (food & beverage production),entry-level / student,Mumbai,12000,15000,Any
2025WSHP2311,Video Editing & Graphic Design,design,entry-level / student,Remote,5000,5000,Any
2025WSHP2312,Video Editing/Making,video editing/making,entry-level / student,Remote,1000,1000,Any
2025WSHP2313,Digital Marketing,marketing,entry-level / student,Jaipur,5000,15000,Any
2025WSHP2314,AI Agent Development,machine learning / ai,entry-level / student,Remote,10000,15000,Any
2025WSHP2315,Teaching,teaching,entry-level / student,Bangalore,0,0,Any
2025WSHP2316,Social Media Marketing,marketing,entry-level / student,Jaipur,10000,15000,Any
2025WSHP2317,Sales Admin,sales admin,entry-level / student,Remote,1500,2000,Any
2025WSHP2318,Digital Marketing,marketing,entry-level / student,Bangalore,6000,8000,Any
2025WSHP2319,Content and Social Media Marketing,marketing,entry-level / student,Mumbai,3000,5000,Any
2025WSHP2320,Sales and Marketing,marketing,entry-level / student,Pune,10000,20000,MBA
2025WSHP2321,Business Development (Sales),business development (sales),entry-level / student,Delhi,10000,20000,MBA
2025WSHP2322,UI/UX Designer,frontend development,entry-level / student,Remote,15000,15000,Any
2025WSHP2323,Interior Design,design,entry-level / student,Bangalore,5000,7000,Any
2025WSHP2324,Influencer Marketing,marketing,entry-level / student,Bangalore,10000,10000,Any
2025WSHP2325,Digital Marketing (Literature Background),marketing,entry-level / student,Delhi,8000,12000,Any
2025WSHP2326,sales,sales,entry-level / student,Delhi,7000,12000,Any
2025WSHP2327,Video Editing/Making,video editing/making,entry-level / student,Remote,5000,5000,Any
2025WSHP2328,Marketing,marketing,entry-level / student,Noida,10000,12000,Any
2025WSHP2329,Business Development (Sales),business development (sales),entry-level / student,Thane,30000,45000,MBA
2025WSHP2330,Video Editing/Making,video editing/making,entry-level / student,Mumbai,8000,12000,Any
2025WSHP2331,Business Development (Sales),business development (sales),entry-level / student,Remote,5000,5001,Any
2025WSHP2332,Content and Social Media Marketing,marketing,entry-level / student,Delhi,5000,6000,Any
2025WSHP2333,Graphic Design,design,entry-level / student,Noida,8000,12000,Any
2025WSHP2334,Nothing,nothing,entry-level / student,Not Available,0,0,Any
2025WSHP2335,Video Editing/Making,video editing/making,entry-level / student,Remote,10000,10000,Any
2025WSHP2336,Marathi Audio Recording-Native Speakers (Only Female),marathi audio recording-native speakers (only fema,entry-level / student,Remote,1000,1500,Any
2025WSHP2337,Associate - Client Service,associate - client service,entry-level / student,Mumbai,0,0,MBA
2025WSHP2338,Nothing,nothing,entry-level / student,Not Available,0,0,Any
2025WSHP2339,Business Development (Sales),business development (sales),entry-level / student,Aurangabad,15000,20000,Any
2025WSHP2340,Nothing,nothing,entry-level / student,Not Available,0,0,Any
2025WSHP2341,Inside Sales,inside sales,entry-level / student,Pune,12000,18000,MBA
2025WSHP2342,Operations,operations,entry-level / student,Delhi,5000,10000,Any
2025WSHP2343,Event Host,event host,entry-level / student,Hyderabad,2000,2500,Any
2025WSHP2344,Full Stack Developer,full stack development,entry-level / student,Delhi,8000,8000,Any
2025WSHP2345,Quality Analyst,quality analyst,entry-level / student,Bangalore,10000,15000,Any
2025WSHP2346,sales,sales,entry-level / student,Bangalore,15000,35000,Any
2025WSHP2347,Technical  Content Writer,technical  content writer,entry-level / student,Remote,4000,10000,Any
2025WSHP2348,Big Data,big data,entry-level / student,Remote,1000,2000,Diploma
2025WSHP2349,Front End Development,front end development,entry-level / student,Remote,25000,30000,Any
2025WSHP2350,Site Engineering - Interior Design,design,entry-level / student,Chennai,30000,40000,Any
2025WSHP2351,Business Consultant,business consultant,entry-level / student,Remote,1500,15000,Any
2025WSHP2352,Social Media,marketing,entry-level / student,Bangalore,8000,9000,Any
2025WSHP2353,Human Resources (HR),human resources (hr),entry-level / student,Pune,10000,12000,Any
2025WSHP2354,Content and Social Media Marketing,marketing,entry-level / student,Delhi,6000,12000,Any
2025WSHP2355,Flutter Development,mobile development,entry-level / student,Mira Bhayandar,3000,6000,Any
2025WSHP2356,Jio Home Service,jio home service,entry-level / student,Hyderabad,0,0,Any
2025WSHP2357,ESG Platform Coordinator,esg platform coordinator,entry-level / student,Chennai,9000,15000,Any
2025WSHP2358,Social Media Marketing,marketing,entry-level / student,Mumbai,15000,25000,Any
2025WSHP2359,Business Development (Sales),business development (sales),entry-level / student,Remote,20000,25000,Any
2025WSHP2360,SEO & Digital Marketing,marketing,entry-level / student,Pune,7000,7000,Any
2025WSHP2361,Recruitment,frontend development,entry-level / student,Hyderabad,2500,3500,Any
2025WSHP2362,Visual Design,design,entry-level / student,Delhi,8000,10000,Any
2025WSHP2363,Event Management,event management,entry-level / student,Kolkata,8000,10000,Any
2025WSHP2364,Content Writing,content writing,entry-level / student,Remote,8000,10000,Any
2025WSHP2365,Interior Design,design,entry-level / student,Gurgaon,12000,19000,Any
2025WSHP2366,Field Sales,field sales,entry-level / student,Chennai,10000,10000,Any
2025WSHP2367,Influencer Marketing,marketing,entry-level / student,Jaipur,5000,7000,Any
2025WSHP2368,Media & Public Relations (PR),media & public relations (pr),entry-level / student,Thane,9500,10000,Any
2025WSHP2369,Founders Office,founders office,entry-level / student,Bangalore,20000,20000,Any
2025WSHP2370,Content Writing,content writing,entry-level / student,Remote,3000,5000,Any
2025WSHP2371,Academic Book Designer,design,entry-level / student,Remote,16000,27000,Any
2025WSHP2372,Strategy,strategy,entry-level / student,Gurgaon,15000,20000,Any
2025WSHP2373,Media & Public Relations (PR),media & public relations (pr),entry-level / student,Gurgaon,10000,14000,Any
2025WSHP2374,Web Development,web development,entry-level / student,Remote,10000,10000,Any
2025WSHP2375,Research & Content Development,research & content development,entry-level / student,Remote,5000,5000,Any
2025WSHP2376,Digital Marketing,marketing,entry-level / student,Thane,5000,15000,MBA
2025WSHP2377,Data Analytics,data analytics,entry-level / student,Delhi,6000,8000,Any
2025WSHP2378,Software Development Engineering (Web),software development engineering (web),entry-level / student,Remote,5000,25000,Any
2025WSHP2379,Video Editing/Making,video editing/making,entry-level / student,Hyderabad,15300,18300,Any
2025WSHP2380,Fashion Design And Merchandising,design,entry-level / student,Gurgaon,10000,15000,Any
2025WSHP2381,Social Media Content Writing,marketing,entry-level / student,Remote,5000,7000,Any
2025WSHP2382,Video Editing/Making,video editing/making,entry-level / student,Remote,5000,5000,Any
2025WSHP2383,Business Development (Sales),business development (sales),entry-level / student,Chennai,15000,15000,Any
2025WSHP2384,Event Design,design,entry-level / student,Mumbai,5000,15000,Any
2025WSHP2385,Operations,operations,entry-level / student,Bangalore,10001,20000,Any
2025WSHP2386,Business Development -Vendor Acquisition,frontend development,entry-level / student,Delhi,5000,5001,Any
2025WSHP2387,Documentation,documentation,entry-level / student,Jaipur,7000,13000,Any
2025WSHP2388,Data Entry,data entry,entry-level / student,Mumbai,7000,8000,Any
2025WSHP2389,Robotics,robotics,entry-level / student,Chennai,18000,25000,Any
2025WSHP2390,Content and Social Media Marketing,marketing,entry-level / student,Delhi,5000,6001,Any
2025WSHP2391,"React Native, NextJS And Firebase Development",mobile development,entry-level / student,Remote,1000,12000,Any
2025WSHP2392,Summer Analyst – Investment Banking (2026 APEJ Program),summer analyst – investment banking (2026 apej pro,entry-level / student,Mumbai,0,0,Any
2025WSHP2393,Administration,administration,entry-level / student,Mumbai,10000,12000,MBA
2025WSHP2394,Data Management,data management,entry-level / student,Remote,0,0,Any
2025WSHP2395,Digital Marketing,marketing,entry-level / student,Bangalore,15000,15000,Any
2025WSHP2396,Business Development (Sales),business development (sales),entry-level / student,Mumbai,10000,20000,Any
2025WSHP2397,Business Development (Sales),business development (sales),entry-level / student,Remote,10000,12000,Any
2025WSHP2398,Youth Connective,youth connective,entry-level / student,Remote,1500,15000,Any
2025WSHP2399,Retail Marketing Associate,machine learning / ai,entry-level / student,Bangalore,10000,20000,Any
2025WSHP2400,Subject Matter Expert (Architecture),subject matter expert (architecture),senior / experienced,Remote,7000,12000,Any
2025WSHP2401,Marketing,marketing,entry-level / student,Delhi,5000,5000,Any
2025WSHP2402,Video Editing/Making,video editing/making,entry-level / student,Remote,5000,8500,Any
2025WSHP2403,Psychology,psychology,entry-level / student,Pune,5000,10000,Any
2025WSHP2404,Social Media,marketing,entry-level / student,Gurgaon,10000,10000,Any
2025WSHP2405,Law/Legal,law/legal,entry-level / student,Remote,0,0,Any
2025WSHP2406,Human Resources (HR),human resources (hr),entry-level / student,Remote,0,0,Any
2025WSHP2407,WordPress Development,wordpress development,entry-level / student,Bangalore,10000,10000,Any
2025WSHP2408,Content and Social Media Marketing,marketing,entry-level / student,Pune,10000,12000,Any
2025WSHP2409,Nothing,nothing,entry-level / student,Not Available,0,0,Any
2025WSHP2410,Sales Executive,sales executive,entry-level / student,Delhi,15000,20000,Any
2025WSHP2411,Project Management,project management,entry-level / student,Hyderabad,12000,12000,Any
2025WSHP2412,"Study Abroad Internship For Creative , Marketing Or Fashion Student",marketing,entry-level / student,Mumbai,8000,14000,Any
2025WSHP2413,Marketing,marketing,entry-level / student,Delhi,5000,10000,Any
2025WSHP2414,Law/Legal,law/legal,entry-level / student,Remote,0,0,Any
2025WSHP2415,1 Week Fundraising,machine learning / ai,entry-level / student,Remote,1500,10000,Any
2025WSHP2416,Accounting & Tally,accounting & tally,entry-level / student,Mumbai,15000,15000,Any
2025WSHP2417,Business Development (Sales),business development (sales),entry-level / student,Remote,10000,15000,Any
2025WSHP2418,Digital Marketing & Business Development,marketing,entry-level / student,Remote,7500,8000,Any
2025WSHP2419,Content Creation,content creation,entry-level / student,Mumbai,3000,5000,Any
2025WSHP2420,Product Management,product management,entry-level / student,Chennai,20000,30000,Any
2025WSHP2421,Field Promoter,field promoter,entry-level / student,Mumbai,17000,23000,MBA
2025WSHP2422,Business Development (Sales),business development (sales),entry-level / student,Remote,5000,10000,Any
2025WSHP2423,Project Management,project management,entry-level / student,Noida,20000,30000,B.Tech
2025WSHP2424,Video Content Creator (Not Content Writer),video content creator (not content writer),entry-level / student,Remote,10000,10000,Any
2025WSHP2425,Business Development (Sales),business development (sales),entry-level / student,Pune,3500,10000,Any
2025WSHP2426,Human Resources (HR),human resources (hr),entry-level / student,Bangalore,15000,20000,Any
2025WSHP2427,Strategic Partnership- Finance,strategic partnership- finance,entry-level / student,Mumbai,8000,12000,Any
2025WSHP2428,Video Editing/Making,video editing/making,entry-level / student,Mumbai,9500,10000,Any
2025WSHP2429,Digital Marketing,marketing,entry-level / student,Remote,5000,5000,Any
2025WSHP2430,Content and Social Media Marketing,marketing,entry-level / student,Remote,10000,15000,Any
2025WSHP2431,Video Editing/Making,video editing/making,entry-level / student,Remote,10000,15000,Any
2025WSHP2432,Data Entry,data entry,entry-level / student,Remote,6000,6000,Any
2025WSHP2433,Product Management,product management,entry-level / student,Remote,10000,20000,Any
2025WSHP2434,Investment Analyst,investment analyst,entry-level / student,Remote,10000,15000,Any
2025WSHP2435,Operations,operations,entry-level / student,Remote,10000,20000,Any
2025WSHP2436,Graphic Design,design,entry-level / student,Noida,15000,18000,Any
2025WSHP2437,Store Associate,store associate,entry-level / student,Faridabad,2000,2000,Any
2025WSHP2438,Talent Acquisition,frontend development,entry-level / student,Gurgaon,15000,15001,Any
2025WSHP2439,Social Media,marketing,entry-level / student,Mumbai,4000,4000,Any
2025WSHP2440,Sales and Marketing,marketing,entry-level / student,Remote,12000,12500,Any
2025WSHP2441,Studio Talent Coordination,studio talent coordination,entry-level / student,Delhi,5000,10000,Any
2025WSHP2442,Partnerships & Outreach,partnerships & outreach,entry-level / student,Bhubaneswar,8000,15000,Any
2025WSHP2443,Human Resources (HR),human resources (hr),entry-level / student,Ghaziabad,15000,15000,Any
2025WSHP2444,Digital Marketing,marketing,entry-level / student,Bangalore,10000,15000,Any
2025WSHP2445,Corporate Sales,corporate sales,entry-level / student,Chennai,30000,40000,Any
2025WSHP2446,Business Development (Sales),business development (sales),entry-level / student,Bangalore,8000,10000,Any
2025WSHP2447,Food Service Trainee,machine learning / ai,entry-level / student,Delhi,14000,15000,Any
2025WSHP2448,Digital Marketing,marketing,entry-level / student,Delhi,5000,7000,Any
2025WSHP2449,Fashion Design And Merchandising,design,entry-level / student,Gurgaon,4000,4000,Any
2025WSHP2450,Marketing,marketing,entry-level / student,Pune,7000,14000,Any
2025WSHP2451,Sales and Marketing,marketing,entry-level / student,Pune,18900,71000,Any
2025WSHP2452,Nothing,nothing,entry-level / student,Not Available,0,0,Any
2025WSHP2453,Business Development (Sales),business development (sales),entry-level / student,Noida,4000,4000,Any
2025WSHP2454,Graphic Design,design,entry-level / student,Kolkata,10000,15000,Any
2025WSHP2455,Marketing,marketing,entry-level / student,Noida,6000,8000,Any
2025WSHP2456,CAD Design,design,entry-level / student,Remote,22000,22000,Any
2025WSHP2457,Finance & Accounting,finance & accounting,entry-level / student,Hyderabad,7999,8000,MBA
2025WSHP2458,Nothing,nothing,entry-level / student,Not Available,0,0,Any
2025WSHP2459,Photo Editor,photo editor,entry-level / student,Remote,4000,4000,Any
2025WSHP2460,Artificial Intelligence (AI),machine learning / ai,entry-level / student,Chennai,10000,20000,Any
2025WSHP2461,Influencer Marketing,marketing,entry-level / student,Mumbai,8000,10000,Any
2025WSHP2462,Human Resources (HR),human resources (hr),entry-level / student,Jaipur,5000,6000,B.Tech
2025WSHP2463,Full Stack Development,full stack development,entry-level / student,Remote,1500,2000,Any
2025WSHP2464,Teaching & Field Work,teaching & field work,entry-level / student,South,5000,15000,Any
2025WSHP2465,Videography,videography,entry-level / student,Palghar,5000,10000,MBA
2025WSHP2466,Video Editing/Making,video editing/making,entry-level / student,Remote,6000,6000,Any
2025WSHP2467,Health Tech Sales,health tech sales,entry-level / student,Hyderabad,7000,9000,Any
2025WSHP2468,Video Editing/ Making,video editing/ making,entry-level / student,Remote,3000,15000,Any
2025WSHP2469,Sales and Marketing,marketing,entry-level / student,Pune,8000,10000,Any
2025WSHP2470,Nothing,nothing,entry-level / student,Not Available,0,0,Any
2025WSHP2471,Big Data,big data,entry-level / student,Chennai,20000,30000,Any
2025WSHP2472,Motion Graphics (AI Tools),machine learning / ai,entry-level / student,Bangalore,30000,35000,Any
2025WSHP2473,Creative Design,design,entry-level / student,Faridabad,10000,15000,Any
2025WSHP2474,Content and Social Media Marketing,marketing,entry-level / student,Mumbai,5000,10000,Any
2025WSHP2475,Telecalling,telecalling,entry-level / student,Delhi,8000,15000,Any
2025WSHP2476,Patient Care Assistant,patient care assistant,entry-level / student,Delhi,10000,15000,Any
2025WSHP2477,Sales Consultant,sales consultant,entry-level / student,Remote,1500,15000,Any
2025WSHP2478,Interim Engineering Intern (Hardware),interim engineering intern (hardware),entry-level / student,Hyderabad,0,0,Any
2025WSHP2479,E-Commerce,e-commerce,entry-level / student,Chennai,30000,40000,Any
2025WSHP2480,Retail Sales,machine learning / ai,entry-level / student,Bangalore,10000,10000,Any
2025WSHP2481,Digital Marketing,marketing,entry-level / student,Bangalore,10000,15000,Any
2025WSHP2482,Quality Analyst,quality analyst,entry-level / student,Thane,8000,12000,MBA
2025WSHP2483,Digital Marketing,marketing,entry-level / student,Delhi,5000,5000,Any
2025WSHP2484,Optics,optics,entry-level / student,Pune,10000,10000,Any
2025WSHP2485,Digital Marketing,marketing,entry-level / student,Mumbai,8000,10000,Any
2025WSHP2486,Architecture,architecture,senior / experienced,Pune,5000,15000,Any
2025WSHP2487,Mechanical Engineering,mechanical engineering,entry-level / student,Thane,10000,15000,Any
2025WSHP2488,Influencer Marketing,marketing,entry-level / student,Remote,7000,7000,Any
2025WSHP2489,Social Media Marketing,marketing,entry-level / student,Mumbai,15000,20000,Any
2025WSHP2490,AI Manager - Agents,machine learning / ai,entry-level / student,Remote,42499,42500,Any
2025WSHP2491,Content and Social Media Marketing,marketing,entry-level / student,Remote,7000,8000,Any
2025WSHP2492,Social Media Growth Manager,marketing,entry-level / student,Remote,1000,1500,Any
2025WSHP2493,App Developer,app developer,entry-level / student,Remote,8000,15000,Any
2025WSHP2494,Business Development (Sales),business development (sales),entry-level / student,Mumbai,7500,7500,Any
2025WSHP2495,Content Writing,content writing,entry-level / student,Faridabad,13000,14000,Any
2025WSHP2496,Sales,sales,entry-level / student,Remote,7000,35000,Any
2025WSHP2497,Human Resources (HR),human resources (hr),entry-level / student,Bangalore,10000,15000,Any
2025WSHP2498,Social Media Content Creator (AI-Powered) – Remote,machine learning / ai,entry-level / student,Remote,8000,10000,Any
2025WSHP2499,Social Media,marketing,entry-level / student,Delhi,9000,12000,Any
2025WSHP2500,Full Stack Development,full stack development,entry-level / student,Bangalore,15000,20000,Any
2025WSHP2501,Business Development (Sales),business development (sales),entry-level / student,Mumbai,8500,11000,Any
2025WSHP2502,Customer Service/Customer Support,customer service/customer support,entry-level / student,Bangalore,15000,18000,Any
2025WSHP2503,Media & Public Relations (PR),media & public relations (pr),entry-level / student,Noida,2000,2000,Any
2025WSHP2504,Online Masters In Technology Tutor,online masters in technology tutor,entry-level / student,Remote,1000,8000,Any
2025WSHP2505,Digital Marketing,marketing,entry-level / student,Delhi,6000,6001,Any
2025WSHP2506,Project Manager,project manager,entry-level / student,Remote,10000,12000,Any
2025WSHP2507,Content and Social Media Marketing,marketing,entry-level / student,Delhi,9000,17000,Any
2025WSHP2508,Motion Graphics,design,entry-level / student,Mumbai,5000,7000,Any
2025WSHP2509,Support Desk Specialist,support desk specialist,entry-level / student,Bangalore,20000,22000,Any
2025WSHP2510,PHP Development,php development,entry-level / student,Chennai,20000,45000,Any
2025WSHP2511,Social Media Marketing,marketing,entry-level / student,Bangalore,6000,8000,Any
2025WSHP2512,Video Editing/Making,video editing/making,entry-level / student,Chennai,3000,5000,Any
2025WSHP2513,Nothing,nothing,entry-level / student,Not Available,0,0,Any
2025WSHP2514,Field Sales,field sales,entry-level / student,Ambala,15000,18500,Any
2025WSHP2515,Graphic Design,design,entry-level / student,Delhi,10000,15000,Any
2025WSHP2516,Sales and Marketing,marketing,entry-level / student,Bangalore,3000,5000,Any
2025WSHP2517,Content and Social Media Marketing,marketing,entry-level / student,Noida,7000,20000,Any
2025WSHP2518,Campus Ambassador,campus ambassador,entry-level / student,Pune,0,0,MBA
2025WSHP2519,Business Development (Sales),business development (sales),entry-level / student,Remote,1000,3800,Any
2025WSHP2520,Frontend Developer,frontend development,entry-level / student,Chennai,20000,20000,Any
2025WSHP2521,Digital Marketing,marketing,entry-level / student,Remote,1500,2000,Any
2025WSHP2522,Digital Marketing,marketing,entry-level / student,Delhi,8500,16000,Any
2025WSHP2523,Social Media Marketing,marketing,entry-level / student,Remote,1000,1001,Any
2025WSHP2524,Human Resources (HR),human resources (hr),entry-level / student,Remote,3000,5000,Any
2025WSHP2525,Video Editing/Making,video editing/making,entry-level / student,Remote,10000,15000,Any
2025WSHP2526,Business Development,business development,entry-level / student,Mumbai,15000,15000,Any
2025WSHP2527,Fashion Design And Merchandising,design,entry-level / student,Bangalore,12000,15000,Any
2025WSHP2528,Content and Social Media Marketing,marketing,entry-level / student,Remote,5000,5000,Any
2025WSHP2529,E-Commerce Operations,e-commerce operations,entry-level / student,Noida,15000,18000,Any
2025WSHP2530,Udaan Intern – Sourcing,udaan intern – sourcing,entry-level / student,Bangalore,0,0,Any
2025WSHP2531,Finance & Accounting,finance & accounting,entry-level / student,Mumbai,12000,20000,Any
2025WSHP2532,Dermatologist (Social media),marketing,entry-level / student,Delhi,10000,12000,Any
2025WSHP2533,Software Engineering (React Native),mobile development,entry-level / student,Remote,8000,10000,Any
2025WSHP2534,SAP,sap,entry-level / student,Chennai,20000,30000,Any
2025WSHP2535,Accounting & Tally,accounting & tally,entry-level / student,Delhi,20000,25000,Any
2025WSHP2536,Video Editing/Making,video editing/making,entry-level / student,Remote,5000,6000,Any
2025WSHP2537,Talent Acquisition,frontend development,entry-level / student,Mumbai,10000,12000,Any
2025WSHP2538,Store customer service advisor,store customer service advisor,entry-level / student,Bangalore,0,0,Any
2025WSHP2539,Marketing,marketing,entry-level / student,Kolkata,9000,13000,Any
2025WSHP2540,Telecalling,telecalling,entry-level / student,Gurgaon,15000,25000,Any
2025WSHP2541,Marketing,marketing,entry-level / student,Bangalore,15000,15001,Any
2025WSHP2542,Subject Matter Expert (Medical),subject matter expert (medical),entry-level / student,Remote,9000,12000,Any
2025WSHP2543,GCSE Mathematics Instructor,gcse mathematics instructor,entry-level / student,Remote,6000,12000,Any
2025WSHP2544,Digital Marketing,marketing,entry-level / student,Gurgaon,10000,15000,Any
2025WSHP2545,Human Resources (HR),human resources (hr),entry-level / student,Mumbai,10000,15000,Any
2025WSHP2546,Sales,sales,entry-level / student,Remote,5000,7000,Any
2025WSHP2547,Java Development,java development,entry-level / student,Chennai,20000,30000,Any
2025WSHP2548,Recruitment,frontend development,entry-level / student,Pune,10000,12000,MBA
2025WSHP2549,Human Resource,human resource,entry-level / student,Faridabad,5000,10000,Any
2025WSHP2550,3D Printing,3d printing,entry-level / student,Hyderabad,10000,11000,Any
2025WSHP2551,Architecture,architecture,senior / experienced,Pune,3000,5000,B.A
2025WSHP2552,Law/Legal,law/legal,entry-level / student,Remote,3000,5000,Any
2025WSHP2553,Accounting & Tally,accounting & tally,entry-level / student,Remote,8000,10000,Any
2025WSHP2554,Photography,photography,entry-level / student,Chandigarh,5000,9000,Any
2025WSHP2555,Inside Sales,inside sales,entry-level / student,Mumbai,15000,20000,Any
2025WSHP2556,Architecture,architecture,senior / experienced,Delhi,8000,12000,Any
2025WSHP2557,Sonic Branding,sonic branding,entry-level / student,Delhi,12000,15000,Any
2025WSHP2558,Teaching And Education,teaching and education,entry-level / student,Gurgaon,8000,8000,Any
2025WSHP2559,Social Media Executive,marketing,entry-level / student,Delhi,5000,7000,Any
2025WSHP2560,Upwork Bidder,upwork bidder,entry-level / student,Remote,7000,10000,Any
2025WSHP2561,Graphic Design,design,entry-level / student,Remote,10000,10000,Any
2025WSHP2562,Business Development (Sales),business development (sales),entry-level / student,Mumbai,7000,30000,Any
2025WSHP2563,Chemistry & Life Sciences,chemistry & life sciences,entry-level / student,Pune,2000,2500,MBA
2025WSHP2564,Digital Marketing,marketing,entry-level / student,Chennai,18000,30000,Any
2025WSHP2565,SAP,sap,entry-level / student,Chennai,20000,30000,Any
2025WSHP2566,Python Development,python development,entry-level / student,Delhi,10000,20000,Any
2025WSHP2567,Event Management,event management,entry-level / student,Hyderabad,6000,12000,Any
2025WSHP2568,Graphic Design,design,entry-level / student,Delhi,8000,14000,Any
2025WSHP2569,Content Writing,content writing,entry-level / student,Delhi,3000,6000,Any
2025WSHP2570,Business Development (Sales),business development (sales),entry-level / student,Remote,15000,15000,Any
2025WSHP2571,Human Resources (HR),human resources (hr),entry-level / student,Gurgaon,11000,14000,Any
2025WSHP2572,Summer Analyst,summer analyst,entry-level / student,Mumbai,0,0,Any
2025WSHP2573,Nothing,nothing,entry-level / student,Not Available,0,0,Any
2025WSHP2574,Sales and Marketing,marketing,entry-level / student,Remote,2000,2000,Any
2025WSHP2575,Content and Social Media Marketing,marketing,entry-level / student,Gurgaon,8000,15000,Any
2025WSHP2576,Business Development (Sales),business development (sales),entry-level / student,Mumbai,10000,12000,Any
2025WSHP2577,Field Sales,field sales,entry-level / student,Bangalore,10000,12000,Any
2025WSHP2578,Business Development (Sales),business development (sales),entry-level / student,Pune,10000,20000,Any
2025WSHP2579,Marketing,marketing,entry-level / student,Chennai,10000,20000,Any
2025WSHP2580,Architecture,architecture,senior / experienced,Pune,6000,9000,Any
2025WSHP2581,Content Writing,content writing,entry-level / student,Gurgaon,15000,20000,Any
2025WSHP2582,Full Stack Development,full stack development,entry-level / student,Remote,8000,9000,Any
2025WSHP2583,Human Resources (HR),human resources (hr),entry-level / student,Mumbai,10000,10000,Any
2025WSHP2584,Digital Marketing,marketing,entry-level / student,Noida,5000,7000,Any
2025WSHP2585,Social Media Marketing,marketing,entry-level / student,Thane,5000,10000,Any
2025WSHP2586,Media & Public Relations (PR),media & public relations (pr),entry-level / student,Chennai,5000,6001,MBA
2025WSHP2587,Counsellor,counsellor,entry-level / student,Noida,12000,12000,Any
2025WSHP2588,Campaign Lead (Special Project By The Times Of India),machine learning / ai,senior / experienced,Bangalore,20000,25000,Any
2025WSHP2589,Graphic Design,design,entry-level / student,Remote,12000,40000,Any
2025WSHP2590,Operations,operations,entry-level / student,Delhi,5000,10000,Any
2025WSHP2591,Content and Social Media Marketing,marketing,entry-level / student,Noida,10000,25000,Any
2025WSHP2592,Operations,operations,entry-level / student,Mumbai,35000,50000,Any
2025WSHP2593,Business Development (Sales),business development (sales),entry-level / student,Hyderabad,5100,12000,Any
2025WSHP2594,Business Research,business research,entry-level / student,Remote,2000,5000,Any
2025WSHP2595,Digital Marketing,marketing,entry-level / student,Remote,5000,5000,Any
2025WSHP2596,UI/UX Design,frontend development,entry-level / student,Remote,5000,6000,Any
2025WSHP2597,Sales and Marketing,marketing,entry-level / student,Bangalore,17000,25000,Any
2025WSHP2598,Business Development,business development,entry-level / student,Remote,1500,15000,Any
2025WSHP2599,Social Media Marketing,marketing,entry-level / student,South,10000,20000,Any
2025WSHP2600,Business Development (Sales),business development (sales),entry-level / student,Remote,3000,5000,Any
2025WSHP2601,Company Secretary (CS),company secretary (cs),entry-level / student,Mumbai,9000,12500,Any
2025WSHP2602,Operations – FinSet (with Founder),operations – finset (with founder),entry-level / student,Pimpri-Chinchwad,7000,10000,Any
2025WSHP2603,Telecalling - Female,telecalling - female,entry-level / student,Remote,8000,8000,Any
2025WSHP2604,Business Development,business development,entry-level / student,Mumbai,20000,20000,Any
2025WSHP2605,Fundraising,machine learning / ai,entry-level / student,Faridabad,4000,15000,Any
2025WSHP2606,Content Writing,content writing,entry-level / student,Remote,0,0,Any
2025WSHP2607,Dietetics/Nutrition,dietetics/nutrition,entry-level / student,Jaipur,15000,15000,Any
2025WSHP2608,Nothing,nothing,entry-level / student,Not Available,0,0,Any
2025WSHP2609,Business Development,business development,entry-level / student,Bangalore,12000,15000,Any
2025WSHP2610,Tech Trainer,machine learning / ai,entry-level / student,Bangalore,10000,13000,Any
2025WSHP2611,Android App Development,mobile development,entry-level / student,Remote,10000,10000,Any
2025WSHP2612,Front End Development,front end development,entry-level / student,Remote,5000,5000,Any
2025WSHP2613,Recruitment Consultant,frontend development,entry-level / student,Bangalore,10000,13000,Any
2025WSHP2614,E-Commerce Operation,e-commerce operation,entry-level / student,Remote,10000,10000,Any
2025WSHP2615,Marketing,marketing,entry-level / student,Pune,10000,15000,Any
2025WSHP2616,Subject Matter Expert (Computer Science),subject matter expert (computer science),entry-level / student,Remote,6000,11000,Any
2025WSHP2617,Brand Management,brand management,entry-level / student,Chennai,20000,35000,Any
2025WSHP2618,Business Development (Sales),business development (sales),entry-level / student,Chennai,8000,15000,Any
2025WSHP2619,Nothing,nothing,entry-level / student,Not Available,0,0,Any
2025WSHP2620,Business Development & Growth,business development & growth,entry-level / student,Delhi,6000,8000,Any
2025WSHP2621,Graphic Design,design,entry-level / student,Jaipur,3000,3500,Any
2025WSHP2622,Human Resources (HR),human resources (hr),entry-level / student,Gurgaon,7000,7500,Any
2025WSHP2623,sales,sales,entry-level / student,Mumbai,10000,15000,Diploma
2025WSHP2624,Backend Support Coordinator,backend development,entry-level / student,Remote,3500,5500,Any
2025WSHP2625,Content Writing,content writing,entry-level / student,Remote,4000,7000,Any
2025WSHP2626,Human Resources (HR),human resources (hr),entry-level / student,Mumbai,9000,10000,Any
2025WSHP2627,Admin Assistant (Remote) - Fresher,admin assistant (remote) - fresher,entry-level / student,Delhi,10000,15000,Any
2025WSHP2628,Human Resources (HR),human resources (hr),entry-level / student,Thane,4000,5000,Any
2025WSHP2629,Business Development (Sales),business development (sales),entry-level / student,Remote,7500,12500,Any
2025WSHP2630,Sales,sales,entry-level / student,Remote,4000,6000,Any
2025WSHP2631,Manual Testing,manual testing,entry-level / student,Chennai,30000,40000,Any
2025WSHP2632,Inside Sales,inside sales,entry-level / student,Bangalore,20000,37000,Any
2025WSHP2633,Digital Marketing,marketing,entry-level / student,Noida,7000,15000,Any
2025WSHP2634,Human Resources (HR),human resources (hr),entry-level / student,Pune,2000,5000,Any
2025WSHP2635,Social Media Marketing,marketing,entry-level / student,Delhi,5000,5000,Any
2025WSHP2636,Finance & Accounting,finance & accounting,entry-level / student,Pune,3000,4500,Any
2025WSHP2637,Sales and Marketing,marketing,entry-level / student,Delhi,5000,8000,Any
2025WSHP2638,Accounts,accounts,entry-level / student,Mumbai,8000,10000,Any
2025WSHP2639,Logistics And Operations,logistics and operations,entry-level / student,Gurgaon,7000,10000,Any
2025WSHP2640,Guest Relations,guest relations,entry-level / student,Remote,7000,8000,Any
2025WSHP2641,Digital Marketing,marketing,entry-level / student,Delhi,4000,6000,Any
2025WSHP2642,Robotics Trainer,machine learning / ai,entry-level / student,Noida,15000,22000,Any
2025WSHP2643,Social Media Marketing,marketing,entry-level / student,Remote,5500,20000,Any
2025WSHP2644,Digital Marketing,marketing,entry-level / student,Mumbai,8000,12000,Any
2025WSHP2645,Chemical Engineering,chemical engineering,entry-level / student,Chennai,30000,40000,Any
2025WSHP2646,Business Operations,business operations,entry-level / student,Gurgaon,15000,18000,Any
2025WSHP2647,Zero-Waste Changemaker (Sustainability & Waste Management),machine learning / ai,entry-level / student,Thane,7500,10000,MBA
2025WSHP2648,Search Engine Optimization (SEO),marketing,entry-level / student,Remote,8000,10000,Any
2025WSHP2649,Business Development (Sales),business development (sales),entry-level / student,Bangalore,11000,16000,Any
2025WSHP2650,Student Teachers,student teachers,entry-level / student,Delhi,0,0,Any
2025WSHP2651,Interior Design,design,entry-level / student,Ghaziabad,7000,10000,Any
2025WSHP2652,Business Development Associate,business development associate,entry-level / student,Remote,5000,7000,MBA
2025WSHP2653,Telecalling,telecalling,entry-level / student,Bangalore,14000,28000,Any
2025WSHP2654,Flutter Development,mobile development,entry-level / student,Mumbai,10000,15000,Any
2025WSHP2655,Operations,operations,entry-level / student,Remote,15000,15000,Any
2025WSHP2656,CA Articleship,ca articleship,entry-level / student,Pune,5500,8500,Any
2025WSHP2657,Sales and Marketing,marketing,entry-level / student,Remote,1000,5000,Any
2025WSHP2658,Operations,operations,entry-level / student,Hyderabad,3000,5000,Any
2025WSHP2659,ReactJS Development,reactjs development,entry-level / student,Remote,1000,1200,Diploma
2025WSHP2660,Social Work,social work,entry-level / student,Remote,1000,4000,Any
2025WSHP2661,Recruitment,frontend development,entry-level / student,Remote,5000,5000,Any
2025WSHP2662,Marketing,marketing,entry-level / student,Mumbai,7000,10000,Any
2025WSHP2663,Digital Marketing,marketing,entry-level / student,Pune,16000,30000,Any
2025WSHP2664,E-Commerce Operations,e-commerce operations,entry-level / student,Bangalore,10000,12000,Any
2025WSHP2665,Graphic Design,design,entry-level / student,Bangalore,10000,15000,Any
2025WSHP2666,Nothing,nothing,entry-level / student,Not Available,0,0,Any
2025WSHP2667,HR,hr,entry-level / student,Mumbai,5000,10000,Any
2025WSHP2668,Graphic Design,design,entry-level / student,Chennai,10000,10000,Any
2025WSHP2669,Online Marketing,marketing,entry-level / student,Bangalore,12000,20000,Any
2025WSHP2670,Content and Social Media Marketing,marketing,entry-level / student,Noida,5000,6000,Any
2025WSHP2671,Business Development (Sales),business development (sales),entry-level / student,Remote,1100,1400,Any
2025WSHP2672,Junior Child Psychologist,junior child psychologist,entry-level / student,Dehradun,5000,5000,Any
2025WSHP2673,Operations,operations,entry-level / student,Remote,8000,10000,Any
2025WSHP2674,Sales and Marketing,marketing,entry-level / student,Delhi,10000,15000,Any
2025WSHP2675,Finance,finance,entry-level / student,Mumbai,10000,12000,Any
2025WSHP2676,Field Sales,field sales,entry-level / student,Pune,10000,17000,Any
2025WSHP2677,Law/Legal,law/legal,entry-level / student,Delhi,8000,10000,Any
2025WSHP2678,Business Development (Sales),business development (sales),entry-level / student,Mumbai,35000,60000,Any
2025WSHP2679,Content and Social Media Marketing,marketing,entry-level / student,Gurgaon,15000,20000,Any
2025WSHP2680,Talent Acquisition,frontend development,entry-level / student,Chennai,20000,36000,Any
2025WSHP2681,Event Management,event management,entry-level / student,Pitampura,3500,10000,Any
2025WSHP2682,Social Media Marketing,marketing,entry-level / student,Delhi,5000,10000,Any
2025WSHP2683,Law/Legal,law/legal,entry-level / student,Remote,0,0,Any
2025WSHP2684,Video Editing/Making,video editing/making,entry-level / student,Delhi,10000,12000,Any
2025WSHP2685,LinkedIn Account Manager,linkedin account manager,entry-level / student,Remote,17000,22500,Any
2025WSHP2686,Django Python Developer,django python developer,entry-level / student,Remote,12001,15001,Any
2025WSHP2687,Sales & Marketing,marketing,entry-level / student,Gurgaon,10000,10000,Any
2025WSHP2688,Business Development (Sales),business development (sales),entry-level / student,Remote,5000,10000,Any
2025WSHP2689,Creative Design,design,entry-level / student,Delhi,5000,10000,Any
2025WSHP2690,Finance & Accounting,finance & accounting,entry-level / student,Kolkata,3000,5000,MBA
2025WSHP2691,Marketing,marketing,entry-level / student,Delhi,7000,12000,Any
2025WSHP2692,Video Editing/Making,video editing/making,entry-level / student,Chandigarh,9000,14000,Any
2025WSHP2693,Business Development (Sales),business development (sales),entry-level / student,Remote,5000,5000,Any
2025WSHP2694,Business Development (Sales) Remote,business development (sales) remote,entry-level / student,Remote,10000,107500,Any
2025WSHP2695,Web Development,web development,entry-level / student,Remote,2000,5000,Any
2025WSHP2696,Video Creation- QnA Solutions,video creation- qna solutions,entry-level / student,Remote,9000,17000,Any
2025WSHP2697,Fashion & Social Media,marketing,entry-level / student,Delhi,8000,10000,Any
2025WSHP2698,Talent Acquisition,frontend development,entry-level / student,Bangalore,12000,25000,Any
2025WSHP2699,Social Media Marketing,marketing,entry-level / student,Mumbai,5000,10000,Any
2025WSHP2700,Customer Acquisition,frontend development,entry-level / student,Jaipur,10000,10000,Any
2025WSHP2701,Software Development Engineering (Web),software development engineering (web),entry-level / student,Chennai,20000,35000,Any
2025WSHP2702,Campus Ambassador,campus ambassador,entry-level / student,Ahmedabad,0,0,B.Com
2025WSHP2703,JavaScript Development,javascript development,entry-level / student,Chennai,20000,40000,Any
2025WSHP2704,Search Engine Optimization (SEO),marketing,entry-level / student,Remote,3000,5000,Any
2025WSHP2705,Academic Content Writing,academic content writing,entry-level / student,Jaipur,10000,10000,Any
2025WSHP2706,Digital Marketing,marketing,entry-level / student,Pune,8000,12000,Any
2025WSHP2707,Architecture,architecture,senior / experienced,Delhi,10000,15000,Any
2025WSHP2708,Frontend Developer,frontend development,entry-level / student,Remote,0,0,Any
2025WSHP2709,Social Media Content Creator,marketing,entry-level / student,Delhi,12000,12000,Any
2025WSHP2710,Aerospace Engineering,aerospace engineering,entry-level / student,Remote,6000,8000,Any
2025WSHP2711,Business Development (Sales),business development (sales),entry-level / student,Gurgaon,14500,23000,Any
2025WSHP2712,Business Development (Sales),business development (sales),entry-level / student,Kolkata,12000,35000,Any
2025WSHP2713,Graphic Designer,design,entry-level / student,Noida,10000,10000,Any
2025WSHP2714,Influencer (for Ad Videos),influencer (for ad videos),entry-level / student,Delhi,4000,5000,MBA
2025WSHP2715,Nothing,nothing,entry-level / student,Not Available,0,0,Any
2025WSHP2716,Product Management,product management,entry-level / student,Remote,10000,10001,Any
2025WSHP2717,Interior Design,design,entry-level / student,Mumbai,10000,15000,Any
2025WSHP2718,Logistics And Operations,logistics and operations,entry-level / student,Chennai,15000,15000,Any
2025WSHP2719,Home Tutor,home tutor,entry-level / student,Pune,15000,25000,Any
2025WSHP2720,Campus Ambassador,campus ambassador,entry-level / student,Ahmedabad,0,0,MBA
2025WSHP2721,General Management,general management,entry-level / student,Bangalore,2000,3000,Any
2025WSHP2722,Operations Executive,operations executive,entry-level / student,Noida,13000,15000,Any
2025WSHP2723,Campus Ambassador,campus ambassador,entry-level / student,Ahmedabad,0,0,B.Com
2025WSHP2724,Nothing,nothing,entry-level / student,Not Available,0,0,Any
2025WSHP2725,Flutter Development,mobile development,entry-level / student,Remote,5000,10000,Any
2025WSHP2726,Strategy Consulting - Sustainability & Climate Tech,machine learning / ai,entry-level / student,Chennai,15000,20000,Any
2025WSHP2727,Data Science,data science / analytics,entry-level / student,Delhi,20000,25000,Any
2025WSHP2728,Graphic Design,design,entry-level / student,Kolkata,3000,5000,Any
2025WSHP2729,Business Development (Sales),business development (sales),entry-level / student,Bangalore,7000,18000,Any
2025WSHP2730,Business Development (Sales),business development (sales),entry-level / student,Bangalore,15000,30000,Any
2025WSHP2731,Customer Service/Customer Support,customer service/customer support,entry-level / student,Mumbai,5000,8000,Any
2025WSHP2732,Game Development,game development,entry-level / student,Chennai,25000,35000,Any
2025WSHP2733,Marketing,marketing,entry-level / student,Chennai,10000,20000,Any
2025WSHP2734,Sales,sales,entry-level / student,Remote,10000,10000,Any
2025WSHP2735,Human Resources (HR),human resources (hr),entry-level / student,Faridabad,10000,10000,Any
2025WSHP2736,Web Development,web development,entry-level / student,Delhi,8000,10000,Any
2025WSHP2737,Social Media Marketing,marketing,entry-level / student,Pune,5000,10000,Any
2025WSHP2738,Business Development (Sales),business development (sales),entry-level / student,Pune,6000,22000,Any
2025WSHP2739,Human Resources (HR),human resources (hr),entry-level / student,Pune,9000,15000,Any
2025WSHP2740,Law/Legal,law/legal,entry-level / student,Delhi,5000,15000,Any
2025WSHP2741,Nothing,nothing,entry-level / student,Not Available,0,0,Any
2025WSHP2742,Business Development (Sales),business development (sales),entry-level / student,Remote,10000,12000,Any
2025WSHP2743,Marketing,marketing,entry-level / student,Mumbai,5000,10000,Any
2025WSHP2744,Graphic Design,design,entry-level / student,Remote,1000,3000,Any
2025WSHP2745,Human Resources (HR),human resources (hr),entry-level / student,Remote,0,0,Any
2025WSHP2746,Lead Generation,lead generation,senior / experienced,Remote,1500,25000,Any
2025WSHP2747,Generative AI Machine Learning,machine learning / ai,entry-level / student,Delhi,30000,30000,Any
2025WSHP2748,Business Development (Sales),business development (sales),entry-level / student,Remote,2000,4000,Any
2025WSHP2749,"Software Engineering (Python, React)","software engineering (python, react)",entry-level / student,Remote,8000,10000,Any
2025WSHP2750,Human Resources (HR),human resources (hr),entry-level / student,Bangalore,10000,15000,Any
2025WSHP2751,Mechanical Engineering,mechanical engineering,entry-level / student,Pimpri-Chinchwad,12000,15000,Any
2025WSHP2752,Influencer Marketing Acquisition,frontend development,entry-level / student,Remote,3000,3500,Any
2025WSHP2753,Graphic Design,design,entry-level / student,Hyderabad,3001,13000,Any
2025WSHP2754,Content and Social Media Marketing,marketing,entry-level / student,Gurgaon,20000,30000,Any
2025WSHP2755,Networking Automation (Python),networking automation (python),entry-level / student,Bangalore,2500,12000,Any
2025WSHP2756,Sales and Marketing,marketing,entry-level / student,Gurgaon,13000,16000,Any
2025WSHP2757,Content and Social Media Marketing,marketing,entry-level / student,Remote,2000,12500,Any
2025WSHP2758,CSR Platform Coordinator,csr platform coordinator,entry-level / student,Mumbai,9000,15000,Any
2025WSHP2759,Digital Marketing (WhatsApp And Ads Marketing – Healthcare),marketing,entry-level / student,Remote,10000,15000,Any
2025WSHP2760,Video Editing/Making,video editing/making,entry-level / student,Remote,1100,1600,Any
2025WSHP2761,Sales and Marketing,marketing,entry-level / student,Bangalore,7000,19000,Any
2025WSHP2762,Inside Sales,inside sales,entry-level / student,Noida,7000,10000,Any
2025WSHP2763,Biomedical,biomedical,entry-level / student,Pune,5000,10000,Any
2025WSHP2764,Video Editing/Making,video editing/making,entry-level / student,Remote,1000,1500,Any
2025WSHP2765,sales,sales,entry-level / student,Mumbai,5000,5000,Any
2025WSHP2766,Human Resources (HR),human resources (hr),entry-level / student,Noida,8000,10000,Any
2025WSHP2767,Market Development,market development,entry-level / student,Mumbai,10000,15000,Any
2025WSHP2768,Interior Design,design,entry-level / student,Gurgaon,5000,15000,Any
2025WSHP2769,Furniture Designer,design,entry-level / student,Mumbai,5000,10000,MBA
2025WSHP2770,Content and Social Media Marketing,marketing,entry-level / student,Remote,5000,6000,Any
2025WSHP2771,Creative Writing,creative writing,entry-level / student,Bangalore,3000,9000,Any
2025WSHP2772,Marketing,marketing,entry-level / student,Kolkata,4000,6000,Any
2025WSHP2773,Company Secretary (CS),company secretary (cs),entry-level / student,Mumbai,8000,10000,Any
2025WSHP2774,Digital Marketing,marketing,entry-level / student,Noida,10000,16000,Any
2025WSHP2775,Business Research,business research,entry-level / student,Remote,7500,7500,Any
2025WSHP2776,Content and Social Media Marketing,marketing,entry-level / student,Noida,5000,8000,Any
2025WSHP2777,Lead Generation,lead generation,senior / experienced,Mumbai,3000,3000,Any
2025WSHP2778,Accounts,accounts,entry-level / student,Ghaziabad,8000,15000,Any
2025WSHP2779,Teaching,teaching,entry-level / student,Delhi,0,0,Any
2025WSHP2780,Social Media Marketing,marketing,entry-level / student,Mumbai,5000,12000,Any
2025WSHP2781,Creative Design,design,entry-level / student,Noida,15000,20000,Any
2025WSHP2782,Sales,sales,entry-level / student,Remote,5001,15000,Any
2025WSHP2783,Nothing,nothing,entry-level / student,Not Available,0,0,Any
2025WSHP2784,UI/UX Design,frontend development,entry-level / student,Remote,14999,15000,Any
2025WSHP2785,Business Development (Sales),business development (sales),entry-level / student,Bangalore,30000,70000,Any
2025WSHP2786,Digital Marketing,marketing,entry-level / student,Delhi,5000,15000,Any
2025WSHP2787,Video Editing/Making,video editing/making,entry-level / student,Remote,12000,20000,Any
2025WSHP2788,Data Entry,data entry,entry-level / student,Chennai,10000,25000,Any
2025WSHP2789,Telecalling & Operations (Conferences/Events),telecalling & operations (conferences/events),entry-level / student,Gurgaon,8000,15000,Any
2025WSHP2790,Wealth Management,wealth management,entry-level / student,Noida,6000,12000,Any
2025WSHP2791,Motion Graphics,design,entry-level / student,Mumbai,10000,15000,Any
2025WSHP2792,Field Sales,field sales,entry-level / student,Pune,2100,2300,MBA
2025WSHP2793,Interior Design,design,entry-level / student,Delhi,10000,15000,Diploma
2025WSHP2794,Content Writing,content writing,entry-level / student,Mumbai,5000,10000,Any
2025WSHP2795,Robotics,robotics,entry-level / student,Chennai,2000,5000,Any
2025WSHP2796,Customized Diary Manufacturing,customized diary manufacturing,entry-level / student,Kolkata,4500,12000,Any
2025WSHP2797,Content Writing,content writing,entry-level / student,Bangalore,20000,25000,Any
2025WSHP2798,Front End Development,front end development,entry-level / student,Remote,1000,1000,Any
2025WSHP2799,Business Development (Sales),business development (sales),entry-level / student,Delhi,2000,2000,Any
2025WSHP2800,Recruitment,frontend development,entry-level / student,Mumbai,6500,11000,MBA
2025WSHP2801,Finance Research Analyst,finance research analyst,entry-level / student,Remote,1000,1100,Any
2025WSHP2802,Lead Qualifier - Sales,lead qualifier - sales,senior / experienced,Delhi,10000,15000,Any
2025WSHP2803,Technical Support/Customer Support,technical support/customer support,entry-level / student,Pune,6000,12000,Any
2025WSHP2804,Wealth Management,wealth management,entry-level / student,Mumbai,7000,15000,Any
2025WSHP2805,Video Editing/Making,video editing/making,entry-level / student,Mumbai,15000,20000,Any
2025WSHP2806,Nothing,nothing,entry-level / student,Not Available,0,0,Any
2025WSHP2807,Content Creator,content creator,entry-level / student,Mumbai,10000,150000,Any
2025WSHP2808,HR Operations,hr operations,entry-level / student,Remote,2000,2000,Any
2025WSHP2809,IoT Hardware Designer,design,entry-level / student,Gurgaon,8000,12000,B.Tech
2025WSHP2810,Sales,sales,entry-level / student,Remote,15000,20000,Any
2025WSHP2811,Founders Office,founders office,entry-level / student,Chennai,3000,10000,Any
2025WSHP2812,Business Development (Sales),business development (sales),entry-level / student,Pune,10000,12000,Any
2025WSHP2813,Social Media Marketing,marketing,entry-level / student,Mumbai,10000,12000,MBA
2025WSHP2814,Marketing,marketing,entry-level / student,Hyderabad,7000,22000,Any
2025WSHP2815,Systems Engineering (UAVs),systems engineering (uavs),entry-level / student,Bangalore,20000,20000,Any
2025WSHP2816,iOS App Development,mobile development,entry-level / student,Remote,5199,5199,Any
2025WSHP2817,Sales and Marketing,marketing,entry-level / student,Remote,2000,3500,Any
2025WSHP2818,Facebook Marketing,marketing,entry-level / student,Noida,15000,20000,Any
2025WSHP2819,Content and Social Media Marketing,marketing,entry-level / student,Remote,15000,35000,Any
2025WSHP2820,Nothing,nothing,entry-level / student,Not Available,0,0,Any
2025WSHP2821,"Social Media Marketing (Malayalam – Read, Write & Speak: Mandatory)",marketing,entry-level / student,Delhi,14000,15000,Any
2025WSHP2822,Junior Programming Developer,junior programming developer,entry-level / student,Remote,6000,7000,Any
2025WSHP2823,Graphic Design,design,entry-level / student,Remote,1000,2000,Any
2025WSHP2824,Business Development (Sales),business development (sales),entry-level / student,Ghaziabad,12000,25000,Any
2025WSHP2825,Client Servicing,client servicing,entry-level / student,Mumbai,10000,12000,Any
2025WSHP2826,Full Stack Development,full stack development,entry-level / student,Remote,10000,10000,Any
2025WSHP2827,Content and Social Media Marketing,marketing,entry-level / student,Gurgaon,10000,12000,Any
2025WSHP2828,Email Marketing,machine learning / ai,entry-level / student,Remote,6000,10000,Any
2025WSHP2829,Human Resources (HR),human resources (hr),entry-level / student,Mumbai,3000,5000,MBA
2025WSHP2830,Content and Social Media Marketing,marketing,entry-level / student,Remote,1000,5000,Any
2025WSHP2831,Human Resources (HR),human resources (hr),entry-level / student,Thane,10000,15000,MBA
2025WSHP2832,Graphic Design,design,entry-level / student,Hyderabad,8000,10000,Any
2025WSHP2833,Product Design,design,entry-level / student,Chennai,8000,10000,Any
2025WSHP2834,DevOps Engineer,devops / infrastructure,entry-level / student,Remote,10000,10000,Any
2025WSHP2835,Business Development (Sales),business development (sales),entry-level / student,Remote,10000,10000,Any
2025WSHP2836,Architecture,architecture,senior / experienced,Delhi,8000,12000,Any
2025WSHP2837,Business Analytics,business analytics,entry-level / student,Remote,8000,15000,Any
2025WSHP2838,Client Servicing,client servicing,entry-level / student,Gurgaon,8000,8000,Any
2025WSHP2839,Content and Social Media Marketing,marketing,entry-level / student,Delhi,4000,8000,Any
2025WSHP2840,Business Development (Sales),business development (sales),entry-level / student,Kolkata,5000,5000,Any
2025WSHP2841,Product Experience Specialist,product experience specialist,entry-level / student,Bangalore,30000,50000,Any
2025WSHP2842,Business Development (Sales),business development (sales),entry-level / student,Bangalore,15000,18000,Any
2025WSHP2843,Real Estate Pre Sales,real estate pre sales,entry-level / student,Chandigarh,15000,15000,MBA
2025WSHP2844,Content and Social Media Marketing,marketing,entry-level / student,Mumbai,5000,7000,Any
2025WSHP2845,Social Media Marketing,marketing,entry-level / student,Remote,5000,8000,Any
2025WSHP2846,Content Creator,content creator,entry-level / student,Pune,10000,15000,Any
2025WSHP2847,Human Resources (HR) - Recruitment,frontend development,entry-level / student,Delhi,5000,10000,Any
2025WSHP2848,Business Development (B2B),business development (b2b),entry-level / student,Thane,5000,15000,Any
2025WSHP2849,Business Development (Sales),business development (sales),entry-level / student,Chennai,15000,15000,Any
2025WSHP2850,Content and Social Media Marketing,marketing,entry-level / student,Bellandur Amanikere,5000,10000,Any
2025WSHP2851,Warehouse Operation,warehouse operation,entry-level / student,Hyderabad,15000,15000,Any
2025WSHP2852,Human Resources (HR),human resources (hr),entry-level / student,Pune,18000,24000,Any
2025WSHP2853,Assistant Director,assistant director,entry-level / student,Mumbai,5000,6000,Any
2025WSHP2854,Content and Social Media Marketing,marketing,entry-level / student,Mumbai,3000,5000,Any
2025WSHP2855,Human Resources (HR),human resources (hr),entry-level / student,Pune,10000,10001,MBA
2025WSHP2856,Volunteering,volunteering,entry-level / student,Remote,1500,15000,Any
2025WSHP2857,Cyber Security,cyber security,entry-level / student,Delhi,5000,5000,B.Tech
2025WSHP2858,Daan Utsav Volunteer,daan utsav volunteer,entry-level / student,Delhi,0,0,Any
2025WSHP2859,Business Development (Sales),business development (sales),entry-level / student,Mumbai,15000,15000,Any
2025WSHP2860,Social Media Marketing,marketing,entry-level / student,Remote,1000,5000,Any
2025WSHP2861,Creative Writing,creative writing,entry-level / student,Mumbai,5000,15000,Any
2025WSHP2862,Media & Public Relations (PR),media & public relations (pr),entry-level / student,Gurgaon,5000,10000,Any
2025WSHP2863,Social Media Marketing,marketing,entry-level / student,Mumbai,5000,12000,Any
2025WSHP2864,Digital Marketing,marketing,entry-level / student,Bangalore,15000,16000,Any
2025WSHP2865,Python Development,python development,entry-level / student,Remote,15000,25000,Any
2025WSHP2866,Graphic Design,design,entry-level / student,Remote,6000,10000,Any
2025WSHP2867,Copywriting,copywriting,entry-level / student,Mumbai,5000,10000,Any
2025WSHP2868,Talent Acquisition,frontend development,entry-level / student,Mumbai,14001,20000,Any
2025WSHP2869,Human Resources (HR),human resources (hr),entry-level / student,Remote,5000,5001,Any
2025WSHP2870,Video Editing/Making,video editing/making,entry-level / student,Remote,7000,12000,Any
2025WSHP2871,Human Resources (HR),human resources (hr),entry-level / student,Remote,5000,10000,Any
2025WSHP2872,Cinematography,cinematography,entry-level / student,Delhi,5000,20000,Any
2025WSHP2873,Social Media Marketing,marketing,entry-level / student,Remote,3000,5000,Any
2025WSHP2874,Associate Trainer,machine learning / ai,entry-level / student,Remote,10000,15000,Any
2025WSHP2875,Human Resources (HR),human resources (hr),entry-level / student,Bangalore,9000,10800,Any
2025WSHP2876,Human Resources (HR),human resources (hr),entry-level / student,Mumbai,10000,12000,Any
2025WSHP2877,Business News Anchor ( English ),business news anchor ( english ),entry-level / student,Remote,12000,18000,B.Com
2025WSHP2878,HR Assistant,hr assistant,entry-level / student,Noida,4000,6000,Any
2025WSHP2879,Finance,finance,entry-level / student,Delhi,2000,10000,Any
2025WSHP2880,Business Development (Sales),business development (sales),entry-level / student,Mumbai,15000,25000,Any
2025WSHP2881,Shopify Expert,shopify expert,entry-level / student,Remote,10000,10000,Any
2025WSHP2882,Sales and Marketing,marketing,entry-level / student,Noida,8000,12000,Any
2025WSHP2883,Flutter Development,mobile development,entry-level / student,Remote,2000,2000,Any
2025WSHP2884,Legal Intern,legal intern,entry-level / student,Gurgaon,5000,5000,Any
2025WSHP2885,Human Resources (HR),human resources (hr),entry-level / student,Delhi,8000,10000,Any
2025WSHP2886,Machine Learning,machine learning / ai,entry-level / student,Remote,15000,20000,Any
2025WSHP2887,Recruitment,frontend development,entry-level / student,Thane,10000,14000,Any
2025WSHP2888,Graphic Designer & Video Editor,design,entry-level / student,Remote,10000,15000,Any
2025WSHP2889,Content and Social Media Marketing,marketing,entry-level / student,Bangaluru,8000,12000,Any
2025WSHP2890,Administration,administration,entry-level / student,Mumbai,6000,8000,Any
2025WSHP2891,Guest Relationship Executive,guest relationship executive,entry-level / student,Mumbai,12001,20002,Any
2025WSHP2892,Visual Design,design,entry-level / student,Delhi,20000,25000,Any
2025WSHP2893,Grant Filing Specialist,grant filing specialist,entry-level / student,Remote,1500,3000,Any
2025WSHP2894,Mathematics Subject Matter Expert - Pen Tab Video Solutions (JEE Advanced),mathematics subject matter expert - pen tab video ,entry-level / student,Remote,5000,15000,Any
2025WSHP2895,Video Editing/Making,video editing/making,entry-level / student,Mumbai,11000,12000,Any
2025WSHP2896,Nothing,nothing,entry-level / student,Not Available,0,0,Any
2025WSHP2897,Social Media Marketing,marketing,entry-level / student,Noida,7000,10000,Any
2025WSHP2898,Social Media,marketing,entry-level / student,Remote,12000,12000,Any
2025WSHP2899,Graphic Design,design,entry-level / student,Bangalore,10000,20000,Any
2025WSHP2900,Law/Legal,law/legal,entry-level / student,Delhi,3001,3002,Any
2025WSHP2901,Innovation & Engagement,innovation & engagement,entry-level / student,Remote,25000,25000,Any
2025WSHP2902,Digital Marketing,marketing,entry-level / student,Remote,0,0,Any
2025WSHP2903,Strategy & Operations,strategy & operations,entry-level / student,Gurgaon,7500,7500,Any
2025WSHP2904,Digital Marketing,marketing,entry-level / student,Palghar,5000,7000,Any
2025WSHP2905,Video Editor For YouTube Channel,video editor for youtube channel,entry-level / student,Remote,5000,10000,Any
2025WSHP2906,Social Media Marketing,marketing,entry-level / student,Hyderabad,2000,4000,Any
2025WSHP2907,Recruitment,frontend development,entry-level / student,Remote,1500,26001,Any
2025WSHP2908,Video Editing/Making,video editing/making,entry-level / student,Gurgaon,10000,40000,Any
2025WSHP2909,Human Resources (HR),human resources (hr),entry-level / student,Mumbai,5000,5000,Any
2025WSHP2910,Embedded Systems,embedded systems,entry-level / student,Chennai,20000,35000,Any
2025WSHP2911,Nothing,nothing,entry-level / student,Not Available,0,0,Any
2025WSHP2912,Customer Service/Customer Support Female,customer service/customer support female,entry-level / student,Jaipur,10000,20000,Any
2025WSHP2913,Fermentation Process Execution,fermentation process execution,entry-level / student,Mumbai,25000,25000,Any
2025WSHP2914,Social Media Marketing,marketing,entry-level / student,Hyderabad,8000,8000,Any
2025WSHP2915,Graphic Design,design,entry-level / student,Mumbai,9000,10000,Any
2025WSHP2916,Media & Public Relations (PR),media & public relations (pr),entry-level / student,Remote,4000,6000,Any
2025WSHP2917,HR Trainee,machine learning / ai,entry-level / student,Pune,10000,10000,Any
2025WSHP2918,Business Development,business development,entry-level / student,Mumbai,7000,10000,MBA
2025WSHP2919,Inside Sales,inside sales,entry-level / student,Pune,15000,15000,MBA
2025WSHP2920,Digital Marketing,marketing,entry-level / student,Noida,5000,7000,Any
2025WSHP2921,Data Science,data science / analytics,entry-level / student,Hyderabad,25000,25000,Any
2025WSHP2922,Online DOT NET Developer Tutoring,online dot net developer tutoring,entry-level / student,Remote,1000,8000,Any
2025WSHP2923,Quality Analyst,quality analyst,entry-level / student,Delhi,10000,12000,Any
2025WSHP2924,Nothing,nothing,entry-level / student,Not Available,0,0,Any
2025WSHP2925,Video Editor,video editor,entry-level / student,Bangalore,28000,45000,Any
2025WSHP2926,Dietetics/Nutrition,dietetics/nutrition,entry-level / student,Thane,7500,8000,MBA
2025WSHP2927,Brand Management,brand management,entry-level / student,Mumbai,3000,7000,MBA
2025WSHP2928,Techincal Content Writer,techincal content writer,entry-level / student,Delhi,10000,12000,Any
2025WSHP2929,Flutter Development,mobile development,entry-level / student,Remote,5000,5000,Any
2025WSHP2930,Python Development,python development,entry-level / student,Chennai,20000,30000,Any
2025WSHP2931,E-Commerce Business Management,e-commerce business management,entry-level / student,Kolkata,11000,11001,Any
2025WSHP2932,Campus Ambassador,campus ambassador,entry-level / student,Remote,0,0,Any
2025WSHP2933,Search Engine Optimization (SEO),marketing,entry-level / student,Remote,5000,5000,Any
2025WSHP2934,Human Resources (HR),human resources (hr),entry-level / student,Remote,7500,8500,Any
2025WSHP2935,3D Visualizer,3d visualizer,entry-level / student,Bangalore,18000,22000,Any
2025WSHP2936,HR (Operations),hr (operations),entry-level / student,Thane,6000,10000,MBA
2025WSHP2937,Talent Acquisition,frontend development,entry-level / student,Chennai,20000,36000,Any
2025WSHP2938,Graphic Design,design,entry-level / student,Pune,10000,11000,Any
2025WSHP2939,UI/UX Designer For AI/ML Education Platform,frontend development,entry-level / student,Remote,5000,5000,Any
2025WSHP2940,Product Design,design,entry-level / student,Pune,9000,10000,Any
2025WSHP2941,Business Development - Artificial Intelligence Solutions,business development - artificial intelligence sol,entry-level / student,Gurgaon,5000,8000,Any
2025WSHP2942,Fashion Design And Merchandising,design,entry-level / student,Gurgaon,15000,18000,Any
2025WSHP2943,Social Media Marketing,marketing,entry-level / student,Mumbai,5000,5000,Any
2025WSHP2944,Graphic Design,design,entry-level / student,Remote,15000,15000,Any
2025WSHP2945,Content and Social Media Marketing,marketing,entry-level / student,Delhi,11000,14000,Any
2025WSHP2946,Administration,administration,entry-level / student,Mumbai,16000,39000,Any
2025WSHP2947,Campus Ambassador,campus ambassador,entry-level / student,Ahmedabad,0,0,MBA
2025WSHP2948,Talent Acquisition,frontend development,entry-level / student,Tambaram Sanatorium,8000,10000,MBA
2025WSHP2949,Telecalling,telecalling,entry-level / student,Gurgaon,35000,57000,Any
2025WSHP2950,Full-Stack Development,full-stack development,entry-level / student,Mumbai,8000,10000,Any
2025WSHP2951,Biomedical Engineer,biomedical engineer,entry-level / student,Kolkata,25000,40000,Any
2025WSHP2952,Product Design,design,entry-level / student,Chennai,30000,40000,Any
2025WSHP2953,Product Marketing,marketing,entry-level / student,Chennai,20000,30000,Any
2025WSHP2954,Human Resources (HR),human resources (hr),entry-level / student,Thane,2000,2001,Any
2025WSHP2955,Human Resources (HR),human resources (hr),entry-level / student,Pune,10100,17000,Any
2025WSHP2956,Design,design,entry-level / student,Mumbai,10000,12000,Any
2025WSHP2957,Blogging,blogging,entry-level / student,Chennai,30000,40000,Any
2025WSHP2958,Backend Developer,backend development,entry-level / student,Remote,14999,15000,Any
2025WSHP2959,Business Development,business development,entry-level / student,Remote,10000,15000,Any
2025WSHP2960,Full Stack Development,full stack development,entry-level / student,Remote,5000,5000,Any
2025WSHP2961,Graphic Design,design,entry-level / student,Remote,0,0,Any
2025WSHP2962,Psychology,psychology,entry-level / student,Pune,5000,15000,Any
2025WSHP2963,Graphic Design,design,entry-level / student,Remote,0,0,Any
2025WSHP2964,Sales Executive B2B (Field),sales executive b2b (field),entry-level / student,Remote,10000,10000,Any
2025WSHP2965,Social Media Marketing,marketing,entry-level / student,Remote,2000,6000,Any
2025WSHP2966,Corporate Sales,corporate sales,entry-level / student,Noida,14500,19500,Any
2025WSHP2967,Mechanical & Civil Engineering,mechanical & civil engineering,entry-level / student,Pune,2000,2500,MBA
2025WSHP2968,Business Development (Sales),business development (sales),entry-level / student,Remote,15000,30000,Any
2025WSHP2969,Content and Social Media Marketing,marketing,entry-level / student,Kolkata,5000,5000,Any
2025WSHP2970,Student Networking,student networking,entry-level / student,Remote,5000,20000,Any
2025WSHP2971,Social Work,social work,entry-level / student,Remote,0,0,Any
2025WSHP2972,E-Commerce Listing,e-commerce listing,entry-level / student,Delhi,7000,10000,Any
2025WSHP2973,Human Resources (HR),human resources (hr),entry-level / student,Hyderabad,20000,40000,Any
2025WSHP2974,Business Development (Sales),business development (sales),entry-level / student,Delhi,10000,10000,Any
2025WSHP2975,Executive Assistant,executive assistant,entry-level / student,Noida,10000,15000,Any
2025WSHP2976,Graphic Design,design,entry-level / student,Noida,7000,10000,Any
2025WSHP2977,Content and Social Media Marketing,marketing,entry-level / student,Bangalore,15000,30000,Any
2025WSHP2978,Social Media Marketing,marketing,entry-level / student,Mumbai,10000,20000,Any
2025WSHP2979,Blockchain Development,machine learning / ai,entry-level / student,Chennai,20000,25000,Any
2025WSHP2980,Video Editing/Making,video editing/making,entry-level / student,Remote,5000,10000,Any
2025WSHP2981,Online Tutor For Principals Of Marketing,marketing,senior / experienced,Remote,1000,8000,Any
2025WSHP2982,Video Editor - Fresher,video editor - fresher,entry-level / student,Remote,5000,15000,Any
2025WSHP2983,Campus Ambassador – Aims Global,machine learning / ai,entry-level / student,Remote,15000,56000,Any
2025WSHP2984,Founder’s Office – Growth & Startup Strategy,founder’s office – growth & startup strategy,entry-level / student,Remote,10000,10000,Any
2025WSHP2985,Lead Generation,lead generation,senior / experienced,Bangalore,15000,16000,Any
2025WSHP2986,Analyst Myntra Ads - Udaan,analyst myntra ads - udaan,entry-level / student,Bangalore,0,0,Any
2025WSHP2987,Marketing,marketing,entry-level / student,Noida,7000,14000,Any
2025WSHP2988,Sales Administrator,sales administrator,entry-level / student,Mumbai,3000,5000,Any
2025WSHP2989,Business Development (Sales),business development (sales),entry-level / student,Chennai,15000,15000,Any
2025WSHP2990,Nothing,nothing,entry-level / student,Not Available,0,0,Any
2025WSHP2991,Machine Learning,machine learning / ai,entry-level / student,Remote,7500,15000,Any
2025WSHP2992,Media & Public Relations (PR),media & public relations (pr),entry-level / student,Remote,9000,9000,Any
2025WSHP2993,HR Admin,hr admin,entry-level / student,Mumbai,10000,15000,Any
2025WSHP2994,Customer Service/Customer Support,customer service/customer support,entry-level / student,Mumbai,7000,10000,Any
2025WSHP2995,Campus Ambassador,campus ambassador,entry-level / student,Remote,0,0,Any
2025WSHP2996,Content and Social Media Marketing,marketing,entry-level / student,Gurgaon,8000,15000,Any
2025WSHP2997,Node.js Development,node.js development,entry-level / student,Remote,3000,3001,Any
2025WSHP2998,Female Content Creator,female content creator,entry-level / student,Delhi,2000,45000,Any
2025WSHP2999,SEO Content Writer,marketing,entry-level / student,Noida,8000,10000,Any
2025WSHP3000,Human Resources (HR),human resources (hr),entry-level / student,Bangalore,20000,20000,Any
2025WSHP3001,Game Development,game development,entry-level / student,Chennai,25000,35000,Any
2025WSHP3002,Kannada Audio Recording Expert (Native Speakers),kannada audio recording expert (native speakers),entry-level / student,Remote,1000,1000,Any
2025WSHP3003,Placement Officer,placement officer,entry-level / student,Mumbai,10000,12000,Any
2025WSHP3004,Backend Development,backend development,entry-level / student,Remote,8000,15000,Any
2025WSHP3005,Customer Service/Customer Support,customer service/customer support,entry-level / student,Pune,6000,10000,Any
2025WSHP3006,Business Development (Sales & Marketing),marketing,entry-level / student,Delhi,2000,10000,Any
2025WSHP3007,Chemical Engineering,chemical engineering,entry-level / student,Chennai,30000,40000,Any
2025WSHP3008,Recruitment,frontend development,entry-level / student,Chennai,6500,10500,Any
2025WSHP3009,Sales and Marketing,marketing,entry-level / student,Remote,20000,20000,Any
2025WSHP3010,Business Development (Sales),business development (sales),entry-level / student,Remote,8000,19000,Any
2025WSHP3011,Video Editing/Making,video editing/making,entry-level / student,Delhi,8000,20000,Any
2025WSHP3012,Operations & Technical Research,operations & technical research,entry-level / student,Remote,40000,90000,Any
2025WSHP3013,Web Development,web development,entry-level / student,Bangalore,10000,15000,Any
2025WSHP3014,CA Articleship,ca articleship,entry-level / student,Delhi,10000,20000,Any
2025WSHP3015,Content and Social Media Marketing,marketing,entry-level / student,Bellandur Amanikere,5000,10000,Any
2025WSHP3016,iOS App Development,mobile development,entry-level / student,Remote,13000,20000,Any
2025WSHP3017,UI/UX Design,frontend development,entry-level / student,Gurgaon,10000,20000,Any
2025WSHP3018,Java Development,java development,entry-level / student,Remote,15000,20000,Any
2025WSHP3019,E-Commerce Catalog Management,e-commerce catalog management,entry-level / student,Noida,5000,12000,Any
2025WSHP3020,Accounting & Bookkeeping,accounting & bookkeeping,entry-level / student,Mumbai,8000,10000,Any
2025WSHP3021,Digital Marketing,marketing,entry-level / student,Noida,10000,18000,Any
2025WSHP3022,Video Creation & Editing,video creation & editing,entry-level / student,Delhi,3000,4000,Any
2025WSHP3023,Nothing,nothing,entry-level / student,Not Available,0,0,Any
2025WSHP3024,Business Development (Sales),business development (sales),entry-level / student,Mumbai,25000,50000,MBA
2025WSHP3025,Full Stack Development,full stack development,entry-level / student,Remote,10000,14000,Any
2025WSHP3026,Corporate Sales,corporate sales,entry-level / student,Noida,40000,75000,B.Tech
2025WSHP3027,Law/Legal,law/legal,entry-level / student,South,8000,12000,Any
2025WSHP3028,Business Development (Sales),business development (sales),entry-level / student,Remote,8000,10000,Any
2025WSHP3029,Business Consultant,business consultant,entry-level / student,Delhi,10000,15000,Any
2025WSHP3030,Operations Coordinator,operations coordinator,entry-level / student,Mumbai,10000,15000,Any
2025WSHP3031,Study Abroad Internship For Finance Research Manager,study abroad internship for finance research manag,entry-level / student,Mumbai,8000,14000,Any
2025WSHP3032,Community Management,community management,entry-level / student,Chennai,20000,35000,Any
2025WSHP3033,Social Media Marketing,marketing,entry-level / student,Bangalore,8000,10000,Any
2025WSHP3034,Content and Social Media Marketing,marketing,entry-level / student,Pune,5000,15000,Any
2025WSHP3035,Manual Testing,manual testing,entry-level / student,Chennai,30000,40000,Any
2025WSHP3036,Online Sales And Marketing,marketing,entry-level / student,Remote,0,0,Any
2025WSHP3037,Marketing,marketing,entry-level / student,Mangalore,6000,16000,Any
2025WSHP3038,Content and Social Media Marketing,marketing,entry-level / student,Bangalore,20000,20000,Any
2025WSHP3039,Graphic Design,design,entry-level / student,Gurgaon,10000,150000,Any
2025WSHP3040,Mobile App Testing,mobile development,entry-level / student,Chennai,20000,35000,Any
2025WSHP3041,Media & Public Relations (PR),media & public relations (pr),entry-level / student,Chennai,20000,30000,Any
2025WSHP3042,Search Engine Optimization (SEO),marketing,entry-level / student,Mumbai,5000,6000,Any
2025WSHP3043,Facebook Marketing,marketing,entry-level / student,Thane,9500,10000,Any
2025WSHP3044,SAP,sap,entry-level / student,Chennai,20000,30000,Any
2025WSHP3045,Corporate Sales,corporate sales,entry-level / student,Thane,15000,15000,MBA
2025WSHP3046,Digital Marketing,marketing,entry-level / student,Kolkata,5000,10000,Any
2025WSHP3047,House & Staff Management,house & staff management,entry-level / student,Delhi,7000,7000,Any
2025WSHP3048,Nothing,nothing,entry-level / student,Not Available,0,0,Any
2025WSHP3049,Business Strategy,business strategy,entry-level / student,Remote,8000,12000,Any
2025WSHP3050,Software Testing,software testing,entry-level / student,Remote,5500,6500,Any
2025WSHP3051,Delegate Sales,delegate sales,entry-level / student,Mumbai,2500,4500,Any
2025WSHP3052,Video Editing/Making,video editing/making,entry-level / student,Remote,2500,10000,Any
2025WSHP3053,Founder’s Office (PPO Opportunity),founder’s office (ppo opportunity),entry-level / student,Remote,2500,3000,Any
2025WSHP3054,Video Editing/Making,video editing/making,entry-level / student,Thane,5000,8000,Any
2025WSHP3055,Social Media Marketing,marketing,entry-level / student,Pune,5000,6000,Diploma
2025WSHP3056,Cloud Deployment,cloud deployment,entry-level / student,Hyderabad,5000,10000,Any
2025WSHP3057,E-Commerce,e-commerce,entry-level / student,Remote,5000,6000,Any
2025WSHP3058,Mobile App Development,mobile development,entry-level / student,Bangalore,12000,15000,Any
2025WSHP3059,LEGAL/ LAW NON-LITIGATION,legal/ law non-litigation,entry-level / student,Thane,6000,7000,Any
2025WSHP3060,Event Management,event management,entry-level / student,Thane,15000,15000,Any
2025WSHP3061,Social Media Marketing,marketing,entry-level / student,Mumbai,5000,5000,Any
2025WSHP3062,Talent Management,talent management,entry-level / student,Mumbai,10000,12000,Any
2025WSHP3063,Database Building/Management,frontend development,entry-level / student,Mumbai,6000,7000,Any
2025WSHP3064,Social Media Marketing,marketing,entry-level / student,Delhi,5000,5000,Any
2025WSHP3065,Video Editing/Making,video editing/making,entry-level / student,Remote,1000,50000,Any
2025WSHP3066,Sales and Marketing,marketing,entry-level / student,Remote,15000,25000,Any
2025WSHP3067,Behavioral Finance,behavioral finance,entry-level / student,Kolkata,10000,15000,Any
2025WSHP3068,Operations & Project Management (Mechanical And Electrical Engineers),operations & project management (mechanical and el,entry-level / student,Pune,7000,15000,Any
2025WSHP3069,Finance,finance,entry-level / student,Pune,10000,15000,B.Com
2025WSHP3070,Human Resources (HR),human resources (hr),entry-level / student,Noida,5000,5000,Any
2025WSHP3071,Human Resources (HR),human resources (hr),entry-level / student,Faridabad,5000,8000,Any
2025WSHP3072,Graphic Design,design,entry-level / student,Remote,5000,6000,Any
2025WSHP3073,Full Stack Developer ( Night Shift Only),full stack development,entry-level / student,Remote,8000,10000,Any
2025WSHP3074,Business Development (Sales),business development (sales),entry-level / student,Delhi,40000,40000,Any
2025WSHP3075,Motion Graphics,design,entry-level / student,Noida,10000,15000,Any
2025WSHP3076,Frontend AI Tool And Process Evaluator,frontend development,entry-level / student,Remote,5000,5000,Any
2025WSHP3077,Social Media Campaign,machine learning / ai,entry-level / student,Remote,10000,15000,Any
2025WSHP3078,Data Entry,data entry,entry-level / student,Secunderabad,30000,30000,Any
2025WSHP3079,Data Science,data science / analytics,entry-level / student,Remote,0,0,Any
2025WSHP3080,Content and Social Media Marketing,marketing,entry-level / student,Chennai,10000,12000,Any
2025WSHP3081,Content and Social Media Marketing,marketing,entry-level / student,Mumbai,5000,15000,Any
2025WSHP3082,Talent Acquisition,frontend development,entry-level / student,Remote,5000,6500,Any
2025WSHP3083,Content Writing,content writing,entry-level / student,Delhi,10000,15000,Any
2025WSHP3084,Social Media Marketing,marketing,entry-level / student,Thane,5000,7000,MBA
2025WSHP3085,Data Entry,data entry,entry-level / student,Noida,10000,12000,Any
2025WSHP3086,Operations,operations,entry-level / student,Jaipur,5000,6000,Any
2025WSHP3087,Digital Marketing,marketing,entry-level / student,Chennai,2000,2000,Any
2025WSHP3088,Software Testing,software testing,entry-level / student,Remote,7500,10000,Any
2025WSHP3089,UI/UX Design,frontend development,entry-level / student,Remote,7500,15000,Any
2025WSHP3090,Node.js Development,node.js development,entry-level / student,Chennai,20000,30000,Any
2025WSHP3091,Content and Social Media Marketing,marketing,entry-level / student,Remote,5000,5000,Any
2025WSHP3092,Design – Web & Digital Solutions,design,entry-level / student,Mumbai,7000,10000,Any
2025WSHP3093,Field Sales,field sales,entry-level / student,Jaipur,10000,15000,Any
2025WSHP3094,Social Internship Program (60 Hours) - Virtual,social internship program (60 hours) - virtual,entry-level / student,Remote,0,0,Any
2025WSHP3095,Social Media Content & Human Research,marketing,entry-level / student,Chandigarh,21000,25000,Any
2025WSHP3096,Customer Service/Customer Support,customer service/customer support,entry-level / student,Mumbai,10000,10000,Any
2025WSHP3097,Flutter Development,mobile development,entry-level / student,Bangalore,15000,20000,Any
2025WSHP3098,Social Media Marketing,marketing,entry-level / student,Delhi,3000,5000,Any
2025WSHP3099,Video Editing/Making,video editing/making,entry-level / student,Remote,5000,10000,Any
2025WSHP3100,Performance Marketer,performance marketer,entry-level / student,Faridabad,12000,14000,Any
2025WSHP3101,Business Development (Sales),business development (sales),entry-level / student,Remote,5300,7500,Any
2025WSHP3102,Field Sales,field sales,entry-level / student,Chennai,30000,40000,Any
2025WSHP3103,sales,sales,entry-level / student,Gurgaon,40000,75000,Any
2025WSHP3104,Business Development (Sales),business development (sales),entry-level / student,Thane,7000,15000,MBA
2025WSHP3105,Business Analyst,business analyst,entry-level / student,Delhi,5000,7000,Any
2025WSHP3106,Operations (Pet Healthcare),operations (pet healthcare),entry-level / student,Bangalore,12000,15000,Any
2025WSHP3107,FinTech & Data Analytics,fintech & data analytics,entry-level / student,Chennai,10000,15000,Any
2025WSHP3108,Video Editing/Making,video editing/making,entry-level / student,Delhi,10000,15000,Any
2025WSHP3109,Search Engine Optimization (SEO),marketing,entry-level / student,Remote,6000,8000,Any
2025WSHP3110,Field Sales,field sales,entry-level / student,Remote,5000,14000,Any
2025WSHP3111,Auditing & Accounting,auditing & accounting,entry-level / student,Mumbai,9000,13000,Any
2025WSHP3112,Content Writing,content writing,entry-level / student,Remote,4000,4000,Any
2025WSHP3113,Human Resources (HR),human resources (hr),entry-level / student,Mumbai,11000,12000,Any
2025WSHP3114,Interior Design,design,entry-level / student,Delhi,8500,12000,Any
2025WSHP3115,Client Acquisition,frontend development,entry-level / student,Noida,6000,70000,Any
2025WSHP3116,Operations Associate,operations associate,entry-level / student,Chennai,5000,10000,Any
2025WSHP3117,Marketing,marketing,entry-level / student,Chennai,20000,30000,Any
2025WSHP3118,Flutter Development,mobile development,entry-level / student,Remote,5000,5500,Any
2025WSHP3119,Creative Design,design,entry-level / student,Mumbai,5000,15000,Any
2025WSHP3120,Content and Social Media Marketing,marketing,entry-level / student,Noida,2000,5000,Any
2025WSHP3121,Full Stack Development,full stack development,entry-level / student,Bangalore,10000,15000,Any
2025WSHP3122,Nothing,nothing,entry-level / student,Not Available,0,0,Any
2025WSHP3123,Telecalling,telecalling,entry-level / student,Remote,5500,6000,Any
2025WSHP3124,Node.js Development,node.js development,entry-level / student,Chennai,20000,30000,Any
2025WSHP3125,Business Analytics,business analytics,entry-level / student,Bangalore,0,0,Any
2025WSHP3126,Global Operations Associate (In Office),global operations associate (in office),entry-level / student,Bangalore,10000,15000,Any
2025WSHP3127,Content Writing,content writing,entry-level / student,Pune,15000,20000,Any
2025WSHP3128,Graphic Design,design,entry-level / student,Remote,7000,8000,Any
2025WSHP3129,Video Editing/Making,video editing/making,entry-level / student,Remote,2500,2500,Any
2025WSHP3130,Marketing,marketing,entry-level / student,Mumbai,5000,6000,Any
2025WSHP3131,Operations Executive,operations executive,entry-level / student,Delhi,10000,12000,Any
2025WSHP3132,Business Development (Sales),business development (sales),entry-level / student,Pune,2500,15000,Any
2025WSHP3133,Video Editing/Making,video editing/making,entry-level / student,Gurgaon,5000,10000,Any
2025WSHP3134,Law/Legal,law/legal,entry-level / student,Pune,2000,2500,MBA
2025WSHP3135,Media & Public Relations (PR),media & public relations (pr),entry-level / student,Delhi,7000,10000,Any
2025WSHP3136,Customer Service/Customer Support,customer service/customer support,entry-level / student,Mumbai,10000,10000,Any
2025WSHP3137,Search Engine Optimization (SEO),marketing,entry-level / student,Bangalore,12000,15000,Any
2025WSHP3138,Market Research,market research,entry-level / student,Mumbai,10000,10000,Any
2025WSHP3139,Customer Service/Customer Support,customer service/customer support,entry-level / student,Remote,7000,8000,Any
2025WSHP3140,Sports Content Writer,sports content writer,entry-level / student,Bangalore,10000,12000,Any
2025WSHP3141,Data Entry,data entry,entry-level / student,Gurgaon,8000,10000,Any
2025WSHP3142,Community Influencing,community influencing,entry-level / student,Remote,1500,10000,Any
2025WSHP3143,Law/Legal,law/legal,entry-level / student,Delhi,3000,6000,Any
2025WSHP3144,HR Consultant,hr consultant,entry-level / student,Faridabad,10000,11001,Any
2025WSHP3145,Graphic Design,design,entry-level / student,Mumbai,5000,8000,Any
2025WSHP3146,Nothing,nothing,entry-level / student,Not Available,0,0,Any
2025WSHP3147,Nothing,nothing,entry-level / student,Not Available,0,0,Any
2025WSHP3148,Social Media Marketing,marketing,entry-level / student,Kolkata,3500,5000,Any
2025WSHP3149,Corporate Sales,corporate sales,entry-level / student,Noida,11000,50000,Any
2025WSHP3150,Fashion Design And Merchandising,design,entry-level / student,Bangalore,12000,15000,Any
2025WSHP3151,Social Media Content & Human Research,marketing,entry-level / student,Chandigarh,21000,25000,Any
2025WSHP3152,Content Writing,content writing,entry-level / student,Pune,25000,33001,Any
2025WSHP3153,Operations,operations,entry-level / student,Remote,1500,2000,Any
2025WSHP3154,Startup Fundraising & VC Research,machine learning / ai,entry-level / student,Remote,3000,5000,Any
2025WSHP3155,Marketing,marketing,entry-level / student,Remote,4000,4000,Any
2025WSHP3156,WordPress Elementor Developer,wordpress elementor developer,entry-level / student,Remote,2000,3000,Any
2025WSHP3157,Law/Legal,law/legal,entry-level / student,Mumbai,2000,3000,Any
2025WSHP3158,WhatsApp Marketing Manager,marketing,entry-level / student,Hyderabad,2000,2500,Any
2025WSHP3159,.NET Development,.net development,entry-level / student,Bhubaneswar,8000,15000,MBA
2025WSHP3160,Anchoring,anchoring,entry-level / student,Delhi,5000,6000,Any
2025WSHP3161,Graphic Design,design,entry-level / student,Bangalore,15000,15000,Any
2025WSHP3162,Account Management (Growth & Supply ),account management (growth & supply ),entry-level / student,Bangalore,25000,25000,Any
2025WSHP3163,Field Sales,field sales,entry-level / student,Pune,5000,5000,Any
2025WSHP3164,Content and Social Media Marketing,marketing,entry-level / student,Mumbai,10000,12000,Any
2025WSHP3165,Human Resources (HR),human resources (hr),entry-level / student,Mumbai,6500,8000,MBA
2025WSHP3166,ReactJS Development,reactjs development,entry-level / student,Bangalore,20000,35000,Any
2025WSHP3167,Business Development (Sales),business development (sales),entry-level / student,Delhi,15000,25000,Any
2025WSHP3168,Affiliate Marketing,marketing,entry-level / student,Coimbatore,8000,10000,Any
2025WSHP3169,Content & Social Media,marketing,entry-level / student,Remote,5000,5000,Any
2025WSHP3170,Teaching Assistant - Digital Marketing (part-time),marketing,entry-level / student,Remote,4000,4000,Any
2025WSHP3171,Sales and Marketing,marketing,entry-level / student,Remote,10000,15000,Any
2025WSHP3172,Business Development (Sales),business development (sales),entry-level / student,Remote,11000,25000,Any
2025WSHP3173,Sales Deck Video Creator,sales deck video creator,entry-level / student,Remote,1500,3500,Any
2025WSHP3174,HR,hr,entry-level / student,Gurgaon,10000,15000,Any
2025WSHP3175,Marketing (Lead Generation),marketing,senior / experienced,Mumbai,11000,18000,Any
2025WSHP3176,Content and Social Media Marketing,marketing,entry-level / student,Remote,6000,10000,Any
2025WSHP3177,Illustrator/Animator/Graphic Designer,design,entry-level / student,Mumbai,3000,7000,Any
2025WSHP3178,Graphic Design,design,entry-level / student,Remote,5000,10000,Any
2025WSHP3179,Videography,videography,entry-level / student,Gurgaon,33000,72000,Any
2025WSHP3180,Lead Python And Data Science Instructor,data science / analytics,senior / experienced,Remote,3000,8000,Any
2025WSHP3181,Market Research,market research,entry-level / student,Remote,0,0,Any
2025WSHP3182,sales,sales,entry-level / student,Bangalore,20000,30000,Any
2025WSHP3183,Fashion Consultant,fashion consultant,entry-level / student,Kolkata,7000,10000,Any
2025WSHP3184,Graphic Design,design,entry-level / student,Delhi,10100,15500,Any
2025WSHP3185,Facebook Marketing,marketing,entry-level / student,Remote,5000,5000,Any
2025WSHP3186,WordPress Development,wordpress development,entry-level / student,Remote,7001,12001,Any
2025WSHP3187,Social Media Marketing,marketing,entry-level / student,Mumbai,15000,20000,Any
2025WSHP3188,Content and Social Media Marketing,marketing,entry-level / student,Mumbai,10000,20000,Any
2025WSHP3189,Content and Social Media Marketing,marketing,entry-level / student,Mumbai,7500,7501,Any
2025WSHP3190,NGO Professional,ngo professional,entry-level / student,Remote,3000,9000,Any
2025WSHP3191,Executive Assistant,executive assistant,entry-level / student,Mumbai,10000,12000,Any
2025WSHP3192,Research & Content Writing,research & content writing,entry-level / student,Noida,6000,7000,Any
2025WSHP3193,Human Resources (HR),human resources (hr),entry-level / student,Delhi,5000,10000,Any
2025WSHP3194,Digital Marketing,marketing,entry-level / student,Mumbai,7500,10000,Any
2025WSHP3195,Moderation Executive,moderation executive,entry-level / student,Remote,7500,14000,Any
2025WSHP3196,Sales Associate,sales associate,entry-level / student,Remote,1500,15000,Any
2025WSHP3197,CAD Design,design,entry-level / student,Jaipur,5000,10000,Any
2025WSHP3198,Educational Consultant,educational consultant,entry-level / student,Chennai,20000,35000,Any
2025WSHP3199,Journalism,journalism,entry-level / student,Delhi,3000,9000,Any
2025WSHP3200,Operations,operations,entry-level / student,Delhi,8000,10000,Any
2025WSHP3201,Content and Social Media Marketing,marketing,entry-level / student,Noida,12000,15000,Any
2025WSHP3202,Executive Assistant,executive assistant,entry-level / student,Gurgaon,8000,12000,Any
2025WSHP3203,Digital Marketing,marketing,entry-level / student,Chennai,5000,7000,Any
2025WSHP3204,Social Entrepreneurship,social entrepreneurship,entry-level / student,Remote,1500,10000,Any
2025WSHP3205,Community Management,community management,entry-level / student,Remote,2500,10000,Any
2025WSHP3206,Hospital Audit,hospital audit,entry-level / student,Pune,5000,10000,MBA
2025WSHP3207,Operations,operations,entry-level / student,Mumbai,20000,20000,Any
2025WSHP3208,Customer Engagement,customer engagement,entry-level / student,Gurgaon,10000,18000,Any
2025WSHP3209,Content and Social Media Marketing,marketing,entry-level / student,Mumbai,5000,7500,MBA
2025WSHP3210,Graphic Design,design,entry-level / student,Gurgaon,5000,15000,Any
2025WSHP3211,Teaching Support For Grades 1 To 7,teaching support for grades 1 to 7,entry-level / student,Mumbai,0,0,Any
2025WSHP3212,Data Analytics,data analytics,entry-level / student,Remote,10000,20000,Any
2025WSHP3213,Human Resources (HR),human resources (hr),entry-level / student,Delhi,9000,13000,Any
2025WSHP3214,Business Development (Sales),business development (sales),entry-level / student,Chennai,8000,15000,Any
2025WSHP3215,Social Media Actor,marketing,entry-level / student,Delhi,10000,12000,Any
2025WSHP3216,SEO: E-commerce/Brand SEO (Juggerknot Originals™),marketing,entry-level / student,Remote,4000,5000,Any
2025WSHP3217,Business Development (Sales),business development (sales),entry-level / student,Mumbai,15000,15001,Any
2025WSHP3218,Client Servicing,client servicing,entry-level / student,Bangalore,4000,6200,Any
2025WSHP3219,Human Resources (HR),human resources (hr),entry-level / student,Pune,18000,24000,Any
2025WSHP3220,Project Management,project management,entry-level / student,Mumbai,3000,3500,Any
2025WSHP3221,Human Resources (HR),human resources (hr),entry-level / student,Mumbai,10000,15000,Any
2025WSHP3222,Content and Social Media Marketing,marketing,entry-level / student,Noida,5000,10000,Any
2025WSHP3223,Research Support For Various Projects,research support for various projects,entry-level / student,Delhi,0,0,Any
2025WSHP3224,Marketing,marketing,entry-level / student,Faridabad,15000,20000,Any
2025WSHP3225,Graphic Design,design,entry-level / student,Remote,3000,5000,Diploma
2025WSHP3226,Architecture,architecture,senior / experienced,Chennai,10000,15000,Any
2025WSHP3227,Founders Office,founders office,entry-level / student,Hyderabad,15000,17000,MBA
2025WSHP3228,Social Media Content Creator,marketing,entry-level / student,Remote,5000,10000,Any
2025WSHP3229,Digital Marketing,marketing,entry-level / student,Kolkata,5000,10000,Any
2025WSHP3230,Entrepreneur In Residence,entrepreneur in residence,entry-level / student,Bangalore,12000,16000,Any
2025WSHP3231,Content and Social Media Marketing,marketing,entry-level / student,Mumbai,5000,8000,Any
2025WSHP3232,Graphic Design,design,entry-level / student,Pune,10000,15000,Any
2025WSHP3233,Meditation Content Writer,meditation content writer,entry-level / student,Gurgaon,15000,20000,Any
2025WSHP3234,Campus Ambassador,campus ambassador,entry-level / student,Remote,0,0,Any
2025WSHP3235,Sales and Marketing,marketing,entry-level / student,Agra,15000,65000,MBA
2025WSHP3236,Health Tech Sales,health tech sales,entry-level / student,Hyderabad,7000,9000,Any
2025WSHP3237,Accounts,accounts,entry-level / student,Chennai,20000,35000,Any
2025WSHP3238,Operations,operations,entry-level / student,Gurgaon,5000,10000,Any
2025WSHP3239,Business Development (Sales),business development (sales),entry-level / student,Noida,12000,15000,Any
2025WSHP3240,Full Stack Development,full stack development,entry-level / student,Bangalore,12000,12000,Any
2025WSHP3241,Inside Sales,inside sales,entry-level / student,Remote,8000,20000,Any
2025WSHP3242,Social Media Marketing,marketing,entry-level / student,Remote,20000,20000,MBA
2025WSHP3243,Instagram Manager,instagram manager,entry-level / student,Remote,3000,3500,Any
2025WSHP3244,Gifting & New Product Initiatives,gifting & new product initiatives,entry-level / student,Mumbai,11000,15000,Any
2025WSHP3245,E-commerce Executive,e-commerce executive,entry-level / student,Delhi,6000,10000,Any
2025WSHP3246,Search Engine Optimization (SEO)(Female),marketing,entry-level / student,Noida,4000,8000,Any
2025WSHP3247,Face Match Data Collector (iPhone Users),face match data collector (iphone users),entry-level / student,Remote,11000,17000,Any
2025WSHP3248,Marketing,marketing,entry-level / student,Bangalore,15000,15000,Any
2025WSHP3249,Business Development (Sales),business development (sales),entry-level / student,Remote,3500,12500,Any
2025WSHP3250,Social Media,marketing,entry-level / student,Remote,2000,4000,Any
2025WSHP3251,Recruitment,frontend development,entry-level / student,Thane,5100,6200,Any
2025WSHP3252,sales,sales,entry-level / student,Noida,15000,55000,Any
2025WSHP3253,Blog Writing,blog writing,entry-level / student,Remote,2000,3000,Any
2025WSHP3254,Marketing,marketing,entry-level / student,Mumbai,2000,3000,Any
2025WSHP3255,Digital Marketing,marketing,entry-level / student,Remote,2000,2000,Any
2025WSHP3256,Video Editing/Making,video editing/making,entry-level / student,Remote,5000,10000,Any
2025WSHP3257,Client Operations & Sales,client operations & sales,entry-level / student,Remote,6000,11000,Any
2025WSHP3258,Presentation Designer,design,entry-level / student,Remote,12000,18000,Any
2025WSHP3259,Business Development (Sales),business development (sales),entry-level / student,Chennai,7000,8000,Any
2025WSHP3260,Experience Partner (Sales),experience partner (sales),entry-level / student,Chennai,10000,20000,Any
2025WSHP3261,HR - Talent & Recruitment,frontend development,entry-level / student,Bangalore,10000,15000,Any
2025WSHP3262,UI/UX Design,frontend development,entry-level / student,Remote,15000,25000,Any
2025WSHP3263,Marketing,marketing,entry-level / student,Gurgaon,7000,12000,Any
2025WSHP3264,Human Resources (HR),human resources (hr),entry-level / student,Gurgaon,15000,15000,Any
2025WSHP3265,Content and Social Media Marketing,marketing,entry-level / student,Noida,4000,5000,Any
2025WSHP3266,Social Media & Content,marketing,entry-level / student,Remote,1000,1000,Any
2025WSHP3267,Planning & Procurement,planning & procurement,entry-level / student,Mumbai,12000,15000,Any
2025WSHP3268,Business Development (Sales),business development (sales),entry-level / student,Pune,20000,45000,Any
2025WSHP3269,Python Development,python development,entry-level / student,Remote,4000,7000,Any
2025WSHP3270,Graphic Design,design,entry-level / student,Remote,2500,3000,Any
2025WSHP3271,SaaS Sales,saas sales,entry-level / student,Remote,5000,50000,Any
2025WSHP3272,Video Editing/Making,video editing/making,entry-level / student,Delhi,12000,18000,Any
2025WSHP3273,Corporate Sales,corporate sales,entry-level / student,Delhi,15000,15000,Any
2025WSHP3274,Teaching,teaching,entry-level / student,Delhi,0,0,Any
2025WSHP3275,Inside Sales,inside sales,entry-level / student,Pune,10000,17000,Any
2025WSHP3276,Operations And HR,operations and hr,entry-level / student,Delhi,5000,10000,Any
2025WSHP3277,ReactJS Development,reactjs development,entry-level / student,Remote,8000,10000,Any
2025WSHP3278,General Management,general management,entry-level / student,Mumbai,16000,20000,Any
2025WSHP3279,Marketing,marketing,entry-level / student,Mangalore,6000,16000,Any
2025WSHP3280,Field Sales,field sales,entry-level / student,Ahmedabad,5000,10000,Any
2025WSHP3281,Marketing,marketing,entry-level / student,Gurgaon,11000,14000,Any
2025WSHP3282,Agriculture & Food Engineering,agriculture & food engineering,entry-level / student,Chennai,30000,40000,Any
2025WSHP3283,Video Content Creator,video content creator,entry-level / student,Delhi,12000,18000,Any
2025WSHP3284,Law/Legal,law/legal,entry-level / student,Mumbai,5000,20000,Any
2025WSHP3285,Content & E-Commerce Management,content & e-commerce management,entry-level / student,Remote,30000,45000,Any
2025WSHP3286,Human Resources (HR),human resources (hr),entry-level / student,Jaipur,7000,13000,Any
2025WSHP3287,XML Conversion Specialist,machine learning / ai,entry-level / student,Remote,6000,12000,Any
2025WSHP3288,Digital Marketing & Sales,marketing,entry-level / student,Remote,3000,12000,Any
2025WSHP3289,Business Development (Sales),business development (sales),entry-level / student,Bangalore,15000,15000,Any
2025WSHP3290,Video Editing/Making,video editing/making,entry-level / student,Remote,3000,5000,Any
2025WSHP3291,Risk & Compliance,risk & compliance,entry-level / student,Delhi,8000,10000,MBA
2025WSHP3292,Digital Marketing Manager,marketing,entry-level / student,Remote,3500,3500,Any
2025WSHP3293,Assistant to CEO,assistant to ceo,entry-level / student,Remote,5000,10000,Any
2025WSHP3294,Content and Social Media Marketing,marketing,entry-level / student,Mumbai,10000,15000,Any
2025WSHP3295,Art Assistant,art assistant,entry-level / student,Mumbai,4000,6000,Any
2025WSHP3296,ESG Platform Coordinator,esg platform coordinator,entry-level / student,Chennai,9000,15000,Any
2025WSHP3297,Influencer & Social Media Marketing,marketing,entry-level / student,Mumbai,10000,10000,Any
2025WSHP3298,Social Media Marketing,marketing,entry-level / student,Pune,5000,10000,Any
2025WSHP3299,Motion Graphics And Animated Video,design,entry-level / student,Remote,2000,3000,Any
2025WSHP3300,JavaScript Development,javascript development,entry-level / student,Chennai,20000,40000,Any
2025WSHP3301,Lead Generation,lead generation,senior / experienced,Bangalore,8000,9000,Any
2025WSHP3302,Corporate Relations & Outreach,corporate relations & outreach,entry-level / student,Mumbai,7500,10000,Any
2025WSHP3303,Nothing,nothing,entry-level / student,Not Available,0,0,Any
2025WSHP3304,Influencer Marketing,marketing,entry-level / student,Jaipur,7000,20000,Any
2025WSHP3305,Game Development,game development,entry-level / student,Chennai,25000,35000,Any
2025WSHP3306,Operations,operations,entry-level / student,Delhi,5001,15000,Any
2025WSHP3307,Backend Development,backend development,entry-level / student,Chennai,20000,30000,Any
2025WSHP3308,Video Editing/Making,video editing/making,entry-level / student,Mumbai,10000,20000,Any
2025WSHP3309,Mechanical Engineering,mechanical engineering,entry-level / student,Bangalore,10000,10000,Any
2025WSHP3310,Social Media Marketing,marketing,entry-level / student,Bangalore,8000,10000,Any
2025WSHP3311,Teaching,teaching,entry-level / student,Bangalore,8500,14000,Any
2025WSHP3312,Online Tutor For Business Mathematics,online tutor for business mathematics,entry-level / student,Remote,1000,8000,Any
2025WSHP3313,Digital Marketing,marketing,entry-level / student,Mumbai,10000,15000,Any
2025WSHP3314,Social Media Marketing,marketing,entry-level / student,Kolkata,4000,12000,Any
2025WSHP3315,Business Development Coordination,business development coordination,entry-level / student,Remote,4000,4500,Any
2025WSHP3316,Flutter Development,mobile development,entry-level / student,Remote,10000,10000,Any
2025WSHP3317,Embedded Systems,embedded systems,entry-level / student,Chennai,20000,35000,Any
2025WSHP3318,Social Media Marketing,marketing,entry-level / student,Remote,5000,6000,Any
2025WSHP3319,Marketing & Social Media,marketing,entry-level / student,Delhi,5000,10000,Any
2025WSHP3320,Customer Service/Customer Support,customer service/customer support,entry-level / student,Mumbai,10000,15000,Any
2025WSHP3321,Human Resources (HR),human resources (hr),entry-level / student,Remote,3000,3000,Any
2025WSHP3322,Digital Marketing,marketing,entry-level / student,Jaipur,5000,8000,Any
2025WSHP3323,Content Writing,content writing,entry-level / student,Bangalore,12000,15000,Any
2025WSHP3324,Accounting & Taxation,accounting & taxation,entry-level / student,Chennai,30000,40000,Any
2025WSHP3325,Content and Social Media Marketing,marketing,entry-level / student,Remote,6000,10000,Any
2025WSHP3326,Digital Marketing,marketing,entry-level / student,Pune,10000,14000,Any
2025WSHP3327,NGO Coordinator,ngo coordinator,entry-level / student,Faridabad,2000,6000,Any
2025WSHP3328,E-Commerce Listing,e-commerce listing,entry-level / student,Mumbai,5000,5000,Any
2025WSHP3329,Business Development Assosiate (Female),business development assosiate (female),entry-level / student,Jaipur,10000,10000,Any
2025WSHP3330,Graphic Design,design,entry-level / student,Remote,1000,1000,Any
2025WSHP3331,Accounting & Tally,accounting & tally,entry-level / student,Delhi,7500,15000,Any
2025WSHP3332,Business Development (Sales),business development (sales),entry-level / student,Delhi,11000,17000,Any
2025WSHP3333,PHP & WordPress Developer,php & wordpress developer,entry-level / student,Remote,5000,10000,Any
2025WSHP3334,Marketing,marketing,entry-level / student,Chennai,4000,5000,Any
2025WSHP3335,Python Development,python development,entry-level / student,Remote,10000,15000,Any
2025WSHP3336,Interim Engineering Intern (Software),interim engineering intern (software),entry-level / student,Noida,0,0,Any
2025WSHP3337,Human Resources (HR),human resources (hr),entry-level / student,Mumbai,11000,18000,Any
2025WSHP3338,Social Media Marketing (Education/NEET Prep),marketing,entry-level / student,Remote,3250,4500,Any
2025WSHP3339,"Summer Analyst – Asset Management, Private Investing (2026 APEJ Program)","summer analyst – asset management, private investi",entry-level / student,Mumbai,0,0,Any
2025WSHP3340,International Business Development,international business development,entry-level / student,Mumbai,9000,15000,Any
2025WSHP3341,Associate Consultant,associate consultant,entry-level / student,Chennai,20000,35000,Any
2025WSHP3342,Inside Sales,inside sales,entry-level / student,Mumbai,15000,15000,Any
2025WSHP3343,Accounting & Taxation,accounting & taxation,entry-level / student,Chennai,30000,40000,Any
2025WSHP3344,Nothing,nothing,entry-level / student,Not Available,0,0,Any
2025WSHP3345,Content and Social Media Marketing,marketing,entry-level / student,Delhi,2000,3000,Any
2025WSHP3346,Software Development Engineering (Web),software development engineering (web),entry-level / student,Remote,1000,2000,Diploma
2025WSHP3347,Full Stack Development,full stack development,entry-level / student,Remote,12000,25000,Any
2025WSHP3348,Digital Marketing,marketing,entry-level / student,Delhi,10000,12000,Any
2025WSHP3349,Marketing & Onboarding Of Clients,marketing,entry-level / student,Delhi,8250,20000,Any
2025WSHP3350,Customer Support- Calling,customer support- calling,entry-level / student,Remote,12000,15000,Any
2025WSHP3351,Video Editing/Making,video editing/making,entry-level / student,Delhi,6000,16000,Any
2025WSHP3352,Content and Social Media Marketing,marketing,entry-level / student,Remote,1000,2000,Any
2025WSHP3353,Google & Facebook Ads,google & facebook ads,entry-level / student,Jaipur,5000,6000,Any
2025WSHP3354,Hospitality,hospitality,entry-level / student,Jaipur,12000,18000,Any
2025WSHP3355,Robotics,robotics,entry-level / student,Delhi,2710,2811,Any
2025WSHP3356,Construction Site Engineering,construction site engineering,entry-level / student,Chennai,30000,40000,Any
2025WSHP3357,Telecalling,telecalling,entry-level / student,Remote,8000,8000,Any
2025WSHP3358,Copywriting & Engagement Associate,copywriting & engagement associate,entry-level / student,Remote,6999,10000,Any
2025WSHP3359,Client Servicing,client servicing,entry-level / student,Mumbai,5001,15000,Any
2025WSHP3360,Construction Site Engineering,construction site engineering,entry-level / student,Pune,8000,13000,Any
2025WSHP3361,Marketing & Communication Trends FMCG,marketing,entry-level / student,Mumbai,5000,10000,MBA
2025WSHP3362,Partnerships & Outreach,partnerships & outreach,entry-level / student,Bhubaneswar,8000,15000,Any
2025WSHP3363,Fundraising,machine learning / ai,entry-level / student,Chandigarh,10500,15500,Any
2025WSHP3364,Human Resources (HR),human resources (hr),entry-level / student,Kolkata,15000,20000,Any
2025WSHP3365,Product Management,product management,entry-level / student,Gurgaon,15000,20000,Any
2025WSHP3366,Artificial Intelligence (AI),machine learning / ai,entry-level / student,Remote,12500,15000,Any
2025WSHP3367,Human Resources (HR),human resources (hr),entry-level / student,Pune,10000,15000,Any
2025WSHP3368,Operations,operations,entry-level / student,Hyderabad,5000,10000,Any
2025WSHP3369,Lead Generation,lead generation,senior / experienced,Delhi,5000,8000,Any
2025WSHP3370,Content and Social Media Marketing,marketing,entry-level / student,Delhi,5000,20000,Any
2025WSHP3371,Tournament Management,tournament management,entry-level / student,Thane,5000,10000,MBA
2025WSHP3372,Voice Over AI Agent Developer (AI & Voice Tech),machine learning / ai,entry-level / student,Remote,4000,5000,Any
2025WSHP3373,Video Editing/Making,video editing/making,entry-level / student,Remote,5000,5500,Any
2025WSHP3374,Video Editing/Making,video editing/making,entry-level / student,Mumbai,10000,13000,Any
2025WSHP3375,Graphic Design,design,entry-level / student,Mumbai,15000,20000,Any
2025WSHP3376,Business Development (Sales),business development (sales),entry-level / student,Chennai,5000,10000,Any
2025WSHP3377,Business Development (Not A Sales Role),business development (not a sales role),entry-level / student,Remote,10000,12000,Any
2025WSHP3378,Flutter Development,mobile development,entry-level / student,Delhi,2000,2000,Any
2025WSHP3379,Event Management,event management,entry-level / student,Bangalore,15000,20000,Any
2025WSHP3380,Digital Marketing,marketing,entry-level / student,Chennai,3000,5000,Any
2025WSHP3381,Customer Service/Customer Support,customer service/customer support,entry-level / student,Thane,15000,20000,MBA
2025WSHP3382,Copywriting,copywriting,entry-level / student,Delhi,10000,20000,Any
2025WSHP3383,Business Development,business development,entry-level / student,Bangalore,22000,30000,Any
2025WSHP3384,Product Marketing,marketing,entry-level / student,Remote,1500,15000,Any
2025WSHP3385,Marketing,marketing,entry-level / student,Mumbai,501,5500,MBA
2025WSHP3386,Store customer service advisor,store customer service advisor,entry-level / student,Bangalore,0,0,Any
2025WSHP3387,Operations,operations,entry-level / student,Delhi,10000,15000,Any
2025WSHP3388,sales,sales,entry-level / student,Bangalore,10000,10000,Any
2025WSHP3389,Corporate Sales,corporate sales,entry-level / student,Chennai,30000,40000,Any
2025WSHP3390,Campaign Coordinator (online),machine learning / ai,entry-level / student,Remote,5000,6000,Any
2025WSHP3391,Nothing,nothing,entry-level / student,Not Available,0,0,Any
2025WSHP3392,Human Resources (HR),human resources (hr),entry-level / student,Hyderabad,5000,8000,MBA
2025WSHP3393,Digital Marketing,marketing,entry-level / student,Kolkata,5000,5000,Any
2025WSHP3394,Data Analytics,data analytics,entry-level / student,Remote,3000,3500,Any
2025WSHP3395,Design (Creative & Engagement Collateral),design,entry-level / student,Mumbai,8000,12000,Any
2025WSHP3396,Web Development,web development,entry-level / student,Chennai,30000,40000,Any
2025WSHP3397,Nothing,nothing,entry-level / student,Not Available,0,0,Any
2025WSHP3398,Videography,videography,entry-level / student,Chennai,2000,2500,Any
2025WSHP3399,Sales & Marketing,marketing,entry-level / student,Remote,9000,10000,Any
2025WSHP3400,Google Adsense Expert,google adsense expert,entry-level / student,Remote,6000,6000,Any
2025WSHP3401,Business Development (Sales),business development (sales),entry-level / student,Remote,25000,35000,MBA
2025WSHP3402,Inside Sales,inside sales,entry-level / student,Pune,10000,17000,Any
2025WSHP3403,Content Writing,content writing,entry-level / student,Chennai,2000,3000,Any
2025WSHP3404,Social Media Marketing,marketing,entry-level / student,Remote,5000,15000,Any
2025WSHP3405,Business Development (Sales),business development (sales),entry-level / student,Hyderabad,17000,17000,Any
2025WSHP3406,sales,sales,entry-level / student,Mumbai,10000,15000,Any
2025WSHP3407,Graphic Design,design,entry-level / student,Noida,8000,8000,Any
2025WSHP3408,Digital Marketing,marketing,entry-level / student,Gurgaon,14000,15000,Any
2025WSHP3409,Sales,sales,entry-level / student,Jaipur,12000,15000,Any
2025WSHP3410,Animation,animation,entry-level / student,Remote,6000,10000,Any
2025WSHP3411,Marketing,marketing,entry-level / student,Remote,1100,9000,Any
2025WSHP3412,Meta Ads,meta ads,entry-level / student,Delhi,3000,5000,Any
2025WSHP3413,Video Editor/Motion Designer,design,entry-level / student,Bangalore,15000,30000,Any
2025WSHP3414,Veterinary Anatomy (BVSc & AH),veterinary anatomy (bvsc & ah),entry-level / student,Remote,20000,25000,Any
2025WSHP3415,Content Creator/Social Media Marketer,marketing,entry-level / student,Remote,10000,20000,Any
2025WSHP3416,Communications,communications,entry-level / student,Delhi,10000,10000,Any
2025WSHP3417,Social Media & Growth,marketing,entry-level / student,Remote,1000,2000,Any
2025WSHP3418,Wealth Management,wealth management,entry-level / student,Delhi,5000,12500,Any
2025WSHP3419,Business Development (Sales),business development (sales),entry-level / student,Bangalore,14000,28000,Any
2025WSHP3420,Event Management,event management,entry-level / student,Bangalore,2000,5000,Any
2025WSHP3421,Company Secretary (CS),company secretary (cs),entry-level / student,Noida,10000,10000,Any
2025WSHP3422,Service Engineer,service engineer,entry-level / student,Coimbatore,8000,12000,MBA
2025WSHP3423,Digital Marketing,marketing,entry-level / student,Remote,1000,2000,Any
2025WSHP3424,Event & Fundraising,machine learning / ai,entry-level / student,Mumbai,0,0,MBA
2025WSHP3425,Study Abroad Internship  (Exclusive For NMIMS & SVKM Students),study abroad internship  (exclusive for nmims & sv,entry-level / student,Mumbai,8000,14000,Any
2025WSHP3426,Nothing,nothing,entry-level / student,Not Available,0,0,Any
2025WSHP3427,Human Resources (HR),human resources (hr),entry-level / student,Jaipur,8000,10000,Any
2025WSHP3428,Business Development (Sales),business development (sales),entry-level / student,Remote,5000,6000,Any
2025WSHP3429,Customer Service/Customer Support,customer service/customer support,entry-level / student,Thane,5000,7000,MBA
2025WSHP3430,Hospital Audit,hospital audit,entry-level / student,Pune,5000,10000,MBA
2025WSHP3431,Human Resources (HR),human resources (hr),entry-level / student,Delhi,5000,5000,Any
2025WSHP3432,Travel Consultant,travel consultant,entry-level / student,Delhi,15000,45000,Any
2025WSHP3433,Video Editing/Making,video editing/making,entry-level / student,Remote,5000,10000,Any
2025WSHP3434,Social Media Marketing,marketing,entry-level / student,Jaipur,12000,15000,Any
2025WSHP3435,Online German Faculty For School Kids.,online german faculty for school kids.,entry-level / student,Remote,6000,9000,Any
2025WSHP3436,Nothing,nothing,entry-level / student,Not Available,0,0,Any
2025WSHP3437,Content Marketing Executive (Female),marketing,entry-level / student,Jaipur,12000,12000,Any
2025WSHP3438,Sales & Marketing,marketing,entry-level / student,Remote,15000,20000,MBA
2025WSHP3439,Video Editing/Making,video editing/making,entry-level / student,Gurgaon,5000,8000,Any
2025WSHP3440,Operations,operations,entry-level / student,Bangalore,5000,10000,Any
2025WSHP3441,Video Editing/Making,video editing/making,entry-level / student,Delhi,15000,25000,Any
2025WSHP3442,Fashion Design,design,entry-level / student,Mumbai,10000,12000,Any
2025WSHP3443,Video Editing/Making,video editing/making,entry-level / student,Remote,3000,5000,Any
2025WSHP3444,Sales and Marketing,marketing,entry-level / student,Remote,1000,2000,Any
2025WSHP3445,Business Development (Sales),business development (sales),entry-level / student,Remote,30000,45000,Any
2025WSHP3446,Wealth Management,wealth management,entry-level / student,Delhi,5000,12500,Any
2025WSHP3447,Quality Analyst,quality analyst,entry-level / student,Remote,3000,5000,Any
2025WSHP3448,Graphic Design,design,entry-level / student,Delhi,2000,4000,Any
2025WSHP3449,Content and Social Media Marketing,marketing,entry-level / student,Gurgaon,25000,30000,Any
2025WSHP3450,Talent Acquisition,frontend development,entry-level / student,Noida,8000,8000,Any
2025WSHP3451,Inside Sales,inside sales,entry-level / student,Hyderabad,8000,23000,Any
2025WSHP3452,Zoho Developer,zoho developer,entry-level / student,Remote,5000,7500,Any
2025WSHP3453,AI Video And Content Creator,machine learning / ai,entry-level / student,Ghaziabad,5000,10000,Any
2025WSHP3454,Business Development (Sales),business development (sales),entry-level / student,Bangalore,12000,12000,Any
2025WSHP3455,Accounts,accounts,entry-level / student,Delhi,10000,12000,Any
2025WSHP3456,Social Media Marketing,marketing,entry-level / student,Pune,5500,6001,Any
2025WSHP3457,Graphic Design,design,entry-level / student,Remote,0,0,Any
2025WSHP3458,Founders Content Creator,founders content creator,entry-level / student,Mumbai,5000,7500,Any
2025WSHP3459,Business Development (Sales),business development (sales),entry-level / student,Pimpri-Chinchwad,6000,11000,Any
2025WSHP3460,Social Media Marketing,marketing,entry-level / student,Thane,5000,6000,Any
2025WSHP3461,Social Media Marketing,marketing,entry-level / student,Gurgaon,10000,10000,Any
2025WSHP3462,Mobile App Development,mobile development,entry-level / student,Remote,9000,12000,Any
2025WSHP3463,Business Development (Sales),business development (sales),entry-level / student,Delhi,12000,35000,Any
2025WSHP3464,Business Development (Sales),business development (sales),entry-level / student,Noida,10000,12000,Any
2025WSHP3465,Business Development (Sales),business development (sales),entry-level / student,Remote,15000,15000,Any
2025WSHP3466,Influencer Marketing,marketing,entry-level / student,Delhi,15000,25000,Any
2025WSHP3467,Back-office,back-office,entry-level / student,Hyderabad,50000,50000,Any
2025WSHP3468,Business Development (Sales),business development (sales),entry-level / student,Remote,8000,10000,Any
2025WSHP3469,Digital Marketing,marketing,entry-level / student,Gurgaon,5000,10000,Any
2025WSHP3470,Event Producer,event producer,entry-level / student,Chennai,2000,35000,Any
2025WSHP3471,Business Development (Sales),business development (sales),entry-level / student,Remote,2000,3000,Any
2025WSHP3472,Sales - Bangalore,sales - bangalore,entry-level / student,Bangalore,15000,15000,Any
2025WSHP3473,Marketing,marketing,entry-level / student,Mumbai,5000,5000,Any
2025WSHP3474,Mechanical Engineering,mechanical engineering,entry-level / student,Noida,20000,35000,Any
2025WSHP3475,Photography,photography,entry-level / student,Delhi,2000,3000,Any
2025WSHP3476,Accounting & Taxation,accounting & taxation,entry-level / student,Thane,4000,20000,MBA
2025WSHP3477,Recruitment,frontend development,entry-level / student,Mumbai,10000,12000,Any
2025WSHP3478,Human Resources (HR),human resources (hr),entry-level / student,Delhi,5000,6000,Any
2025WSHP3479,Assistant Director,assistant director,entry-level / student,Mumbai,4000,4000,Any
2025WSHP3480,Graphic Design,design,entry-level / student,Gurgaon,5000,10000,Any
2025WSHP3481,Campus Ambassador,campus ambassador,entry-level / student,Remote,0,0,MBA
2025WSHP3482,Email Marketing,machine learning / ai,entry-level / student,Kolkata,5000,10000,Any
2025WSHP3483,Digital Marketing And SEO,marketing,entry-level / student,Remote,1000,3000,Any
2025WSHP3484,Merchandising,merchandising,entry-level / student,Gurgaon,12000,20000,Diploma
2025WSHP3485,Sales Executive,sales executive,entry-level / student,Remote,2000,6000,Any
2025WSHP3486,Marketing Executive,marketing,entry-level / student,Remote,4000,15000,Any
2025WSHP3487,Nothing,nothing,entry-level / student,Not Available,0,0,Any
2025WSHP3488,Business Development (Sales),business development (sales),entry-level / student,Remote,7700,9700,Any
2025WSHP3489,Recruitment,frontend development,entry-level / student,Delhi,2000,6000,MBA
2025WSHP3490,Fundraising,machine learning / ai,entry-level / student,Chandigarh,10500,15500,Any
2025WSHP3491,Business Development (Sales),business development (sales),entry-level / student,Bangalore,15000,31000,Any
2025WSHP3492,Search Engine Optimization (SEO),marketing,entry-level / student,Delhi,5000,8000,Any
2025WSHP3493,Supply Chain Management (SCM),machine learning / ai,entry-level / student,Pune,2000,4000,Any
2025WSHP3494,Communication And Outreach,communication and outreach,entry-level / student,Mumbai,7000,10000,Any
2025WSHP3495,Design & Creative,design,entry-level / student,Noida,5000,10000,Any
2025WSHP3496,Business Development (Sales),business development (sales),entry-level / student,Delhi,8000,12000,Any
2025WSHP3497,Video Editing/Making,video editing/making,entry-level / student,Faridabad,8000,13500,Any
2025WSHP3498,Electronics Engineering,electronics engineering,entry-level / student,Remote,22000,22000,Any
2025WSHP3499,Content Creators and UGC,content creators and ugc,entry-level / student,Remote,9000,15000,Any
2025WSHP3500,Customer Service/Customer Support,customer service/customer support,entry-level / student,Bangalore,12000,35000,Any
2025WSHP3501,Consultant,consultant,entry-level / student,Remote,11000,30000,Any
2025WSHP3502,Content and Social Media Marketing,marketing,entry-level / student,Noida,5000,10000,Any
2025WSHP3503,Flutter Development,mobile development,entry-level / student,Remote,8000,15000,Any
2025WSHP3504,Video Editing/Making,video editing/making,entry-level / student,Remote,4000,5000,Any
2025WSHP3505,Nothing,nothing,entry-level / student,Not Available,0,0,Any
2025WSHP3506,Community Influencing,community influencing,entry-level / student,Remote,1500,10000,Any
2025WSHP3507,Business Development (Sales),business development (sales),entry-level / student,Delhi,8000,15000,Any
2025WSHP3508,Technical (UAV Systems),technical (uav systems),entry-level / student,Mumbai,5000,7000,Any
2025WSHP3509,IOT Intern,iot intern,entry-level / student,Bangalore,10000,11000,Any
2025WSHP3510,Travel Content Creation,travel content creation,entry-level / student,Remote,5000,7000,MBA
2025WSHP3511,Corporate Sales,corporate sales,entry-level / student,Mumbai,12000,18000,MBA
2025WSHP3512,Mechanical/Electrical Interns (For Supply Chain Management),machine learning / ai,entry-level / student,Chennai,10000,15000,Any
2025WSHP3513,Real Estate Tech Investments,real estate tech investments,entry-level / student,Delhi,15000,25000,Any
2025WSHP3514,Social Media Marketing,marketing,entry-level / student,Mumbai,0,0,MBA
2025WSHP3515,Digital Marketing (SEO),marketing,entry-level / student,Remote,3000,5000,Any
2025WSHP3516,Anchoring,anchoring,entry-level / student,Mumbai,13000,18000,Any
2025WSHP3517,Marketing And Strategy (Founders Office),marketing,entry-level / student,Delhi,8000,12000,Any
2025WSHP3518,Business Development (Sales),business development (sales),entry-level / student,Remote,6500,55001,Any
2025WSHP3519,Business Development (Sales),business development (sales),entry-level / student,Remote,8000,11500,MBA
2025WSHP3520,Digital Marketing,marketing,entry-level / student,Delhi,4000,7000,Any
2025WSHP3521,Front End Development,front end development,entry-level / student,Remote,8000,15000,Any
2025WSHP3522,Business Development (Sales),business development (sales),entry-level / student,Chennai,27000,32000,Any
2025WSHP3523,Recruitment,frontend development,entry-level / student,Pune,10000,15000,Any
2025WSHP3524,Human Resources (HR),human resources (hr),entry-level / student,Delhi,2000,3000,Any
2025WSHP3525,Copywriting,copywriting,entry-level / student,Remote,10000,22000,Any
2025WSHP3526,Market Research,market research,entry-level / student,Mumbai,6500,9500,MBA
2025WSHP3527,Human Resources (HR),human resources (hr),entry-level / student,Delhi,20000,33000,Any
2025WSHP3528,Visual Design,design,entry-level / student,Delhi,4500,11000,Any
2025WSHP3529,Animation,animation,entry-level / student,Mumbai,15000,25000,Any
2025WSHP3530,Video Editing/Making,video editing/making,entry-level / student,Chennai,2000,3000,Any
2025WSHP3531,Corporate Sales,corporate sales,entry-level / student,Noida,10000,12000,Any
2025WSHP3532,Inside Sales,inside sales,entry-level / student,Remote,3000,5000,Any
2025WSHP3533,Videography,videography,entry-level / student,Bangalore,7000,15000,MBA
2025WSHP3534,Project Management,project management,entry-level / student,Delhi,10000,12000,Any
2025WSHP3535,Data Entry,data entry,entry-level / student,Chennai,10000,25000,Any
2025WSHP3536,Content and Social Media Marketing,marketing,entry-level / student,Remote,15000,20000,Any
2025WSHP3537,Digital Marketing,marketing,entry-level / student,Delhi,10000,15000,Any
2025WSHP3538,Executive Leader,executive leader,senior / experienced,Remote,3000,6000,Any
2025WSHP3539,Automation Testing,automation testing,entry-level / student,Remote,1000,1000,Any
2025WSHP3540,Business Development Associate,business development associate,entry-level / student,Remote,1000,1500,Any
2025WSHP3541,Field Sales,field sales,entry-level / student,Delhi,15000,15000,Any
2025WSHP3542,Database Building/Management,frontend development,entry-level / student,Remote,4000,5000,Any
2025WSHP3543,Android App Development,mobile development,entry-level / student,Remote,2000,35000,Any
2025WSHP3544,Social Media Marketing,marketing,entry-level / student,Delhi,16000,30000,Any
2025WSHP3545,PCB & Embedded Systems,pcb & embedded systems,entry-level / student,Bangalore,5000,15000,Any
2025WSHP3546,Content Writing,content writing,entry-level / student,Bangalore,5000,5001,Any
2025WSHP3547,Content Writing,content writing,entry-level / student,Bangalore,10000,10000,Any
2025WSHP3548,Video Editing/Making,video editing/making,entry-level / student,Remote,10000,20000,Any
2025WSHP3549,Business Development (Sales),business development (sales),entry-level / student,Noida,10000,12000,Any
2025WSHP3550,Market Research,market research,entry-level / student,Pune,8000,10000,Any
2025WSHP3551,Sales Telecaller,sales telecaller,entry-level / student,Delhi,20000,25000,MBA
2025WSHP3552,Video Editing & Social Media,marketing,entry-level / student,Remote,1000,1000,Any
2025WSHP3553,Animation,animation,entry-level / student,Thane,9500,10000,Any
2025WSHP3554,Video Editing/Making,video editing/making,entry-level / student,Remote,2500,5000,Any
2025WSHP3555,Company Secretary (CS),company secretary (cs),entry-level / student,Mumbai,9000,12500,Any
2025WSHP3556,Media & Content Operations (News & Content Aggregator App),media & content operations (news & content aggrega,entry-level / student,Remote,3000,5000,Any
2025WSHP3557,Business Development (Sales),business development (sales),entry-level / student,Remote,11000,55000,Any
2025WSHP3558,Web Development,web development,entry-level / student,Remote,5000,10000,Any
2025WSHP3559,Creative Design,design,entry-level / student,Noida,5000,7000,Any
2025WSHP3560,Business Development,business development,entry-level / student,Bangalore,10000,12000,Any
2025WSHP3561,ReactJS Development,reactjs development,entry-level / student,Remote,5000,5001,Any
2025WSHP3562,Creative Design,design,entry-level / student,Thane,12000,20000,MBA
2025WSHP3563,Business Development (Sales),business development (sales),entry-level / student,Chennai,15000,15000,Any
2025WSHP3564,Talent Management,talent management,entry-level / student,Thane,10000,15000,MBA
2025WSHP3565,Graphic Design,design,entry-level / student,Delhi,5000,8000,Any
2025WSHP3566,Video Editing/Making,video editing/making,entry-level / student,Remote,4000,6000,Any
2025WSHP3567,Search Visibility Optimization,search visibility optimization,entry-level / student,Remote,2000,3000,Any
2025WSHP3568,Content and Social Media Marketing,marketing,entry-level / student,Bangalore,20000,25000,Any
2025WSHP3569,Cinematography,cinematography,entry-level / student,Bangalore,3000,5000,Any
2025WSHP3570,Growth & Operations,growth & operations,entry-level / student,Faridabad,15000,20000,Any
2025WSHP3571,Mechanical Engineering,mechanical engineering,entry-level / student,Mumbai,3000,15000,Any
2025WSHP3572,Campus Ambassador,campus ambassador,entry-level / student,Remote,0,0,Any
2025WSHP3573,Graphic Design,design,entry-level / student,Bangalore,5000,10000,Any
2025WSHP3574,Video Editing/Making,video editing/making,entry-level / student,Ghaziabad,3000,5000,Any
2025WSHP3575,Business Analytics,business analytics,entry-level / student,Chennai,20000,30000,Any
2025WSHP3576,Game Development,game development,entry-level / student,Remote,1000,5000,Any
2025WSHP3577,Software Development Engineering (Web),software development engineering (web),entry-level / student,Chennai,20000,35000,Any
2025WSHP3578,Business Development (Sales),business development (sales),entry-level / student,Delhi,4001,12500,Any
2025WSHP3579,Telecalling,telecalling,entry-level / student,Remote,2000,5000,Any
2025WSHP3580,Business Development (Sales),business development (sales),entry-level / student,Remote,2000,5000,Any
2025WSHP3581,Telecalling,telecalling,entry-level / student,Remote,10000,10000,Any
2025WSHP3582,Search Engine Optimization (SEO),marketing,entry-level / student,Delhi,8000,15000,Any
2025WSHP3583,Video Editing/Making,video editing/making,entry-level / student,Remote,5000,10000,Any
2025WSHP3584,Client Servicing,client servicing,entry-level / student,Mumbai,8000,10000,Any
2025WSHP3585,Associate Real Estate Consultant,associate real estate consultant,entry-level / student,Pune,30000,110000,Any
2025WSHP3586,Machine Learning,machine learning / ai,entry-level / student,Pune,15000,15000,Any
2025WSHP3587,Teaching,teaching,entry-level / student,Mumbai,7000,10000,Any
2025WSHP3588,Video Editing/Making,video editing/making,entry-level / student,Remote,4000,5000,Any
2025WSHP3589,Human Resources (HR),human resources (hr),entry-level / student,Noida,10000,18000,Any
2025WSHP3590,Business Strategy,business strategy,entry-level / student,Remote,3000,15000,Any
2025WSHP3591,Influencer Marketing,marketing,entry-level / student,Mumbai,7000,9000,Any
2025WSHP3592,Teaching Science,teaching science,entry-level / student,Remote,1000,2000,Any
2025WSHP3593,Changemaker’s Collective,changemaker’s collective,entry-level / student,Remote,1500,15000,Any
2025WSHP3594,UPSC Content Curator For UPSC Coaching,upsc content curator for upsc coaching,entry-level / student,Remote,6000,8000,Any
2025WSHP3595,Product Development,product development,entry-level / student,Mumbai,10000,10000,Any
2025WSHP3596,Marketing,marketing,entry-level / student,Kolkata,5000,7000,Any
2025WSHP3597,Marketing,marketing,entry-level / student,Mumbai,10000,15000,Any
2025WSHP3598,Web Developer (Frontend / Backend / Full-Stack),backend development,entry-level / student,Remote,4000,8000,Any
2025WSHP3599,Business Analytics,business analytics,entry-level / student,Jaipur,10000,11000,Any
2025WSHP3600,Social Media Marketing,marketing,entry-level / student,Mumbai,5000,5000,MBA
2025WSHP3601,Graphic Design,design,entry-level / student,Ahmedabad,3000,5000,Any
2025WSHP3602,Online Chinese (Mandarin)Tutoring,online chinese (mandarin)tutoring,entry-level / student,Remote,1000,8000,Any
2025WSHP3603,Business Development (Sales),business development (sales),entry-level / student,Bangalore,21000,26000,Any
2025WSHP3604,Interior Design,design,entry-level / student,Bangalore,5000,15000,Any
2025WSHP3605,Recruitment,frontend development,entry-level / student,Jaipur,5000,8000,Any
2025WSHP3606,Summer Analyst – Global Investment Research,summer analyst – global investment research,entry-level / student,Mumbai,0,0,Any
2025WSHP3607,Full-Stack Developer (Node.js + Flutter),mobile development,entry-level / student,Remote,12000,13000,Any
2025WSHP3608,Video Editing/Making,video editing/making,entry-level / student,Remote,5000,5000,Any
2025WSHP3609,Corporate Sales,corporate sales,entry-level / student,Gurgaon,15000,18000,Any
2025WSHP3610,Video Editing/Making,video editing/making,entry-level / student,Gurgaon,7000,10000,Any
2025WSHP3611,HR – Recruitment & Sourcing,frontend development,entry-level / student,Noida,10000,15000,Any
2025WSHP3612,Marketing,marketing,entry-level / student,Kolkata,10000,11000,Any
2025WSHP3613,Marketing/Advertising,marketing,entry-level / student,Remote,5000,5000,Any
2025WSHP3614,Photography,photography,entry-level / student,Delhi,5000,8000,Any
2025WSHP3615,Motion Graphics Designer & Video Editor,design,entry-level / student,Remote,6000,12000,Any
2025WSHP3616,Social Media Marketing,marketing,entry-level / student,Jaipur,16000,24000,Any
2025WSHP3617,Agentic AI,machine learning / ai,entry-level / student,Gurgaon,5000,15000,Any
2025WSHP3618,Digital Marketing,marketing,entry-level / student,Kolkata,7000,7000,Any
2025WSHP3619,Video Editing/Making,video editing/making,entry-level / student,Remote,12000,15000,Any
2025WSHP3620,Grant Filing Specialist,grant filing specialist,entry-level / student,Remote,0,0,Any
2025WSHP3621,HTML Developer,machine learning / ai,entry-level / student,Hyderabad,2000,3000,Any
2025WSHP3622,Field Sales,field sales,entry-level / student,Remote,20000,20000,Any
2025WSHP3623,Search Engine Optimization (SEO),marketing,entry-level / student,Remote,8000,10000,Any
2025WSHP3624,Campus Ambassador,campus ambassador,entry-level / student,Remote,0,0,Any
2025WSHP3625,Big Data,big data,entry-level / student,Chennai,20000,30000,Any
2025WSHP3626,E-Commerce Operations,e-commerce operations,entry-level / student,Remote,7000,7000,Any
2025WSHP3627,Social Media Marketing,marketing,entry-level / student,Delhi,5000,5500,Any
2025WSHP3628,Content Editor,content editor,entry-level / student,Remote,9000,15000,Any
2025WSHP3629,Interior Design,design,entry-level / student,Gurgaon,10000,10000,Any
2025WSHP3630,Business Development (Sales),business development (sales),entry-level / student,Secunderabad,6000,7500,Any
2025WSHP3631,Content and Social Media Marketing,marketing,entry-level / student,Mumbai,13000,20000,Any
2025WSHP3632,Data Entry,data entry,entry-level / student,Gohana Sub-District,2010,2010,Any
2025WSHP3633,Operations And Management,operations and management,entry-level / student,Remote,2000,2000,Any
2025WSHP3634,Business Development & Operations,business development & operations,entry-level / student,Kolkata,9000,15000,Any
2025WSHP3635,Full Stack Development (MERN Migration),full stack development,entry-level / student,Remote,2000,3000,Any
2025WSHP3636,Telecalling,telecalling,entry-level / student,Delhi,10000,11000,Any
2025WSHP3637,Graphic Design,design,entry-level / student,Remote,7000,12000,Any
2025WSHP3638,Talent Acquisition,frontend development,entry-level / student,Mumbai,8500,10000,Any
2025WSHP3639,Corporate Sales,corporate sales,entry-level / student,Pune,15000,15000,MBA
2025WSHP3640,Digital Marketing,marketing,entry-level / student,Bangalore,10000,15000,MBA
2025WSHP3641,VFX Artist (Matchmove),vfx artist (matchmove),entry-level / student,Mumbai,10000,10000,Any
2025WSHP3642,Human Resources (HR),human resources (hr),entry-level / student,Pune,5000,10000,Any
2025WSHP3643,Social Media Marketing,marketing,entry-level / student,Chennai,14000,19000,Any
2025WSHP3644,Graphic Design,design,entry-level / student,Remote,0,0,Any
2025WSHP3645,Law/Legal,law/legal,entry-level / student,Pune,10000,15000,Any
2025WSHP3646,Full Stack Development,full stack development,entry-level / student,Pune,10000,15000,MBA
2025WSHP3647,Java Development,java development,entry-level / student,Chennai,20000,30000,Any
2025WSHP3648,Administrative,administrative,entry-level / student,Remote,4999,5000,Any
2025WSHP3649,Business Development (Sales),business development (sales),entry-level / student,Remote,12000,17000,Any
2025WSHP3650,Graphic Design,design,entry-level / student,Bangalore,12000,15000,Any
2025WSHP3651,Operations,operations,entry-level / student,Kolkata,5000,8000,Any
2025WSHP3652,Telecalling,telecalling,entry-level / student,Delhi,10000,15000,Any
2025WSHP3653,Video Editing/Making (Male),video editing/making (male),entry-level / student,Noida,10000,20000,Any
2025WSHP3654,Software Development,software development,entry-level / student,Chennai,30000,40000,Any
2025WSHP3655,Social Media Marketing,marketing,entry-level / student,Noida,4000,8000,Any
2025WSHP3656,Social Media Marketing,marketing,entry-level / student,Jaipur,7000,7000,Any
2025WSHP3657,Customer Service/Customer Support,customer service/customer support,entry-level / student,Bangalore,25000,40000,Any
2025WSHP3658,Content Creator (Video),content creator (video),entry-level / student,Noida,10000,10000,Any
2025WSHP3659,Business Development,business development,entry-level / student,Remote,1500,10000,Any
2025WSHP3660,Anchoring,anchoring,entry-level / student,Mira Bhayandar,6000,9000,Any
2025WSHP3661,Customer Service/Customer Support,customer service/customer support,entry-level / student,Jaipur,15000,15000,Any
2025WSHP3662,Brand Strategy & Marketing,marketing,entry-level / student,Remote,5000,7500,Any
2025WSHP3663,Graphic Design,design,entry-level / student,Remote,3000,5000,Any
2025WSHP3664,Office Associate,office associate,entry-level / student,Kolkata,0,0,Any
2025WSHP3665,Relationship Manager,relationship manager,entry-level / student,Remote,5000,5000,Any
2025WSHP3666,Customer Service/Customer Support,customer service/customer support,entry-level / student,Mumbai,10000,15000,Any
2025WSHP3667,Brand Coordination & Social Media,marketing,entry-level / student,Hyderabad,8000,12000,Any
2025WSHP3668,Marketing,marketing,entry-level / student,Noida,10000,12000,Any
2025WSHP3669,Product Supply Internship,product supply internship,entry-level / student,Mumbai,0,0,Any
2025WSHP3670,Journalism,journalism,entry-level / student,Remote,5000,20000,Any
2025WSHP3671,Data Entry,data entry,entry-level / student,Secunderabad,30000,30000,Any
2025WSHP3672,Inside Sales,inside sales,entry-level / student,Delhi,8500,11000,Any
2025WSHP3673,Business Development (Sales),business development (sales),entry-level / student,Remote,1000,1000,Any
2025WSHP3674,Business Development (Sales),business development (sales),entry-level / student,Hyderabad,9500,11001,Any
2025WSHP3675,Manufacturing Engineering,manufacturing engineering,entry-level / student,Chennai,30000,40000,Any
2025WSHP3676,Content and Social Media Marketing,marketing,entry-level / student,Bangalore,15000,20000,Any
2025WSHP3677,Scrum Master,scrum master,entry-level / student,Aurangabad,5000,10000,Any
2025WSHP3678,Influencer Marketing,marketing,entry-level / student,Gurgaon,10000,15000,Any
2025WSHP3679,Human Resources (HR),human resources (hr),entry-level / student,Noida,7000,15000,Any
2025WSHP3680,Social Media Marketing,marketing,entry-level / student,Hyderabad,8000,12000,Any
2025WSHP3681,Business Development (Sales),business development (sales),entry-level / student,Bangalore,5000,20000,Any
2025WSHP3682,Machine Learning,machine learning / ai,entry-level / student,Remote,1000,1200,Diploma
2025WSHP3683,Content Writing,content writing,entry-level / student,Gurgaon,8000,15000,Any
2025WSHP3684,AI Fine Tuning,machine learning / ai,entry-level / student,Remote,0,0,Any
2025WSHP3685,Data Analytics,data analytics,entry-level / student,Remote,20000,20000,Any
2025WSHP3686,Interior Designer,design,entry-level / student,Thane,8000,10000,MBA
2025WSHP3687,Interior Design,design,entry-level / student,Bangalore,3000,5000,Any
2025WSHP3688,Business Development (Sales),business development (sales),entry-level / student,Remote,3000,4000,Any
2025WSHP3689,Video Editing/Making,video editing/making,entry-level / student,Kolkata,8000,9000,Any
2025WSHP3690,Full Stack Development,full stack development,entry-level / student,Remote,6000,10000,Any
2025WSHP3691,Nothing,nothing,entry-level / student,Not Available,0,0,Any
2025WSHP3692,Business Analyst (Female),business analyst (female),entry-level / student,Jaipur,10000,10000,Any
2025WSHP3693,Event Management,event management,entry-level / student,Hyderabad,20000,55000,Any
2025WSHP3694,Travel Consultant,travel consultant,entry-level / student,Delhi,8000,10000,Any
2025WSHP3695,UI/UX Design,frontend development,entry-level / student,Remote,5000,10000,Any
2025WSHP3696,Digital Marketing,marketing,entry-level / student,Remote,2000,2000,Any
2025WSHP3697,E-Commerce Listing,e-commerce listing,entry-level / student,Delhi,8000,14000,Any
2025WSHP3698,Content and Social Media Marketing,marketing,entry-level / student,Delhi,6000,10000,Any
2025WSHP3699,Chief Manager,chief manager,entry-level / student,Remote,3500,3500,Any
2025WSHP3700,Content Writing,content writing,entry-level / student,Mumbai,11000,15000,Any
2025WSHP3701,Graphic Design,design,entry-level / student,Remote,10000,10000,Any
2025WSHP3702,Brand,brand,entry-level / student,Bangalore,6000,8000,Any
2025WSHP3703,Motion Editor,motion editor,entry-level / student,Mumbai,8500,10000,Any
2025WSHP3704,Business Development - Mandate Acquisition,frontend development,entry-level / student,Pune,8000,10000,Any
2025WSHP3705,Fashion Styling,fashion styling,entry-level / student,Amritsar,3000,11000,MBA
2025WSHP3706,Digital Marketing,marketing,entry-level / student,Remote,1000,1000,Any
2025WSHP3707,Unreal Engine,unreal engine,entry-level / student,Delhi,5000,5000,Any
2025WSHP3708,Operations,operations,entry-level / student,Delhi,5000,7000,Any
2025WSHP3709,Angular Development,angular development,entry-level / student,Delhi,5000,5000,Any
2025WSHP3710,Video Data Annotator,video data annotator,entry-level / student,Remote,8000,15000,Any
2025WSHP3711,Business Development (Sales),business development (sales),entry-level / student,Bangalore,28000,35000,MBA
2025WSHP3712,Search Engine Optimization (SEO),marketing,entry-level / student,Delhi,5000,10000,Any
2025WSHP3713,Graphic Design,design,entry-level / student,Bangalore,15000,15000,Any
2025WSHP3714,Content Writing,content writing,entry-level / student,Remote,2000,3500,Any
2025WSHP3715,Human Resources (HR),human resources (hr),entry-level / student,Remote,8000,10000,Any
2025WSHP3716,Product Management,product management,entry-level / student,Thane,12000,18000,Any
2025WSHP3717,NGO Coordinator,ngo coordinator,entry-level / student,Delhi,5000,15000,Any
2025WSHP3718,Marketing Executive,marketing,entry-level / student,Bangalore,5000,15000,Any
2025WSHP3719,Event Management,event management,entry-level / student,Hyderabad,15000,18000,Any
2025WSHP3720,"Digital Marketing & Ad Campaign  (Remote, Paid)",machine learning / ai,entry-level / student,Remote,1000,1000,Any
2025WSHP3721,Field Sales,field sales,entry-level / student,Pune,2100,2300,MBA
2025WSHP3722,Community Management,community management,entry-level / student,Chennai,20000,35000,Any
2025WSHP3723,Digital Marketing,marketing,entry-level / student,Bangalore,8000,8000,Any
2025WSHP3724,E-Commerce,e-commerce,entry-level / student,Chennai,30000,40000,Any
2025WSHP3725,Content - Kraya,content - kraya,entry-level / student,Delhi,15000,15000,Any
2025WSHP3726,Tech & Logistics Support,tech & logistics support,entry-level / student,Remote,2000,3500,Any
2025WSHP3727,Front End Development,front end development,entry-level / student,Gurgaon,10000,40000,Any
2025WSHP3728,Operations,operations,entry-level / student,Mumbai,10000,15000,Any
2025WSHP3729,Business Development (Sales),business development (sales),entry-level / student,Mumbai,7000,20000,Any
2025WSHP3730,Electronics Engineering,electronics engineering,entry-level / student,Delhi,12000,15000,Any
2025WSHP3731,Customer Service/Customer Support,customer service/customer support,entry-level / student,Pune,10000,10500,Any
2025WSHP3732,Human Resources (HR),human resources (hr),entry-level / student,Pune,15000,20000,Any
2025WSHP3733,Business Development (Sales),business development (sales),entry-level / student,Mumbai,10000,25000,Any
2025WSHP3734,Business Development (Sales),business development (sales),entry-level / student,Kolkata,10000,10000,Any
2025WSHP3735,Content and Social Media Marketing,marketing,entry-level / student,Remote,1000,1000,Any
2025WSHP3736,Nothing,nothing,entry-level / student,Not Available,0,0,Any
2025WSHP3737,Back Office,back office,entry-level / student,Faridabad,15000,20000,Any
2025WSHP3738,Graphic Design,design,entry-level / student,Delhi,8000,12000,Diploma
2025WSHP3739,Event Management,event management,entry-level / student,Delhi,20000,30000,Any
2025WSHP3740,Online Operating System (B.tech) Tutoring,online operating system (b.tech) tutoring,entry-level / student,Remote,1000,8000,Any
2025WSHP3741,iOS App Development,mobile development,entry-level / student,Chennai,25000,35000,Any
2025WSHP3742,Social Media Marketing,marketing,entry-level / student,Mumbai,3000,5000,Any
2025WSHP3743,GenAI Platform Automation Tester,machine learning / ai,entry-level / student,Bangalore,8000,11000,Any
2025WSHP3744,Business Development Specialist,business development specialist,entry-level / student,Bangalore,10000,15000,Any
2025WSHP3745,Android App Development,mobile development,entry-level / student,Remote,15001,30000,Any
2025WSHP3746,Content and Social Media Marketing,marketing,entry-level / student,Remote,0,0,Any
2025WSHP3747,Flutter Development,mobile development,entry-level / student,Remote,10000,10000,Any
2025WSHP3748,Nothing,nothing,entry-level / student,Not Available,0,0,Any
2025WSHP3749,Business Development (Sales),business development (sales),entry-level / student,Remote,3000,7000,Any
2025WSHP3750,Law/Legal,law/legal,entry-level / student,Ghaziabad,2000,4000,Any
2025WSHP3751,Mechanical Engineering,mechanical engineering,entry-level / student,Remote,4000,4000,Any
2025WSHP3752,Digital Marketing,marketing,entry-level / student,Thane,15000,20000,MBA
2025WSHP3753,Content and Social Media Marketing,marketing,entry-level / student,Remote,6000,6001,Any
2025WSHP3754,Market Research,market research,entry-level / student,Pune,5000,5000,Any
2025WSHP3755,Human Resources (HR),human resources (hr),entry-level / student,Pune,17000,38000,Any
2025WSHP3756,Lunch Bag Design,design,entry-level / student,Remote,10000,10000,Any
2025WSHP3757,Customer Service/Customer Support,customer service/customer support,entry-level / student,Delhi,10000,15000,Any
2025WSHP3758,AI/ML Engineer,machine learning / ai,entry-level / student,Remote,10141,20282,Any
2025WSHP3759,Business Development (Sales),business development (sales),entry-level / student,Delhi,8000,8000,Any
2025WSHP3760,UI/UX Design,frontend development,entry-level / student,Remote,12000,16000,Any
2025WSHP3761,Business Development (Sales),business development (sales),entry-level / student,Remote,5000,10000,Any
2025WSHP3762,Media Sales,media sales,entry-level / student,Chennai,10000,12000,Any
2025WSHP3763,Sales and Marketing,marketing,entry-level / student,Noida,15000,65000,Any
2025WSHP3764,Alumni Relations,alumni relations,entry-level / student,Gurgaon,10000,15000,Any
2025WSHP3765,Subject Matter Expert (Instrumentation & Electronics Engineering ),subject matter expert (instrumentation & electroni,entry-level / student,Remote,9000,12000,Any
2025WSHP3766,Marketing– Lead Generation & Email Marketing,machine learning / ai,senior / experienced,Pune,15000,15000,MBA
2025WSHP3767,Digital Marketing (SEO & Social Media),marketing,entry-level / student,Remote,5000,6000,Any
2025WSHP3768,Business Development (Sales),business development (sales),entry-level / student,Remote,6000,10000,Any
2025WSHP3769,Business Development (Sales),business development (sales),entry-level / student,Remote,3000,5000,Any
2025WSHP3770,Marketing,marketing,entry-level / student,Mumbai,7000,8000,Any
2025WSHP3771,3D Modeller & Animator,3d modeller & animator,entry-level / student,Delhi,8000,10000,Any
2025WSHP3772,Design & Presentation,design,entry-level / student,Mumbai,5000,7000,Any
2025WSHP3773,Digital Marketing,marketing,entry-level / student,Hyderabad,10000,15000,Any
2025WSHP3774,Equity Research Video Creator,frontend development,entry-level / student,Gurgaon,10000,10000,Any
2025WSHP3775,Trainee Software Engineer,machine learning / ai,entry-level / student,Remote,7500,20000,B.Tech
2025WSHP3776,Creative Design,design,entry-level / student,Jaipur,7000,10000,Any
2025WSHP3777,AI Curriculum Designer,machine learning / ai,entry-level / student,Remote,0,0,Any
2025WSHP3778,Content and Social Media Marketing,marketing,entry-level / student,Bangalore,6000,7000,Any
2025WSHP3779,Content Writing,content writing,entry-level / student,Mumbai,5000,10000,Any
2025WSHP3780,Social Media Marketing,marketing,entry-level / student,Delhi,8000,8000,MBA
2025WSHP3781,Video Editing/Making,video editing/making,entry-level / student,Bangalore,10000,15000,Any
2025WSHP3782,Operation Associate ( Non - Technical ),operation associate ( non - technical ),entry-level / student,Bangalore,15000,25000,Any
2025WSHP3783,Administration,administration,entry-level / student,Chennai,10000,15000,Any
2025WSHP3784,Key Account Manager - Amazon Ads,key account manager - amazon ads,entry-level / student,Mumbai,15000,20000,Any
2025WSHP3785,Influencer Marketing,marketing,entry-level / student,Mumbai,8000,15000,Any
2025WSHP3786,Accounts,accounts,entry-level / student,Chennai,20000,35000,Any
2025WSHP3787,Human Resources (HR),human resources (hr),entry-level / student,Remote,9500,12500,MBA
2025WSHP3788,Flutter Development,mobile development,entry-level / student,Bangalore,20000,35000,Any
2025WSHP3789,Graphic Design,design,entry-level / student,Ahmedabad,3000,5000,Any
2025WSHP3790,Telesales,telesales,entry-level / student,Delhi,10000,15000,Any
2025WSHP3791,Nothing,nothing,entry-level / student,Not Available,0,0,Any
2025WSHP3792,Performance Marketing & Ecommerce,marketing,entry-level / student,Remote,4000,10000,Any
2025WSHP3793,Client Relationship Management,client relationship management,entry-level / student,Hyderabad,4000,6000,Any
2025WSHP3794,Social Media,marketing,entry-level / student,Remote,2500,6000,Any
2025WSHP3795,"Prosthetics, Orthotics, And Podiatry (BPO/MPO)","prosthetics, orthotics, and podiatry (bpo/mpo)",entry-level / student,Gurgaon,5000,12000,Any
2025WSHP3796,Finance & Accounting,finance & accounting,entry-level / student,Mumbai,12000,15000,Any
2025WSHP3797,Data Analytics,data analytics,entry-level / student,Remote,15000,25000,Any
2025WSHP3798,Copywriting,copywriting,entry-level / student,Mumbai,14000,15000,Any
2025WSHP3799,Business Development (Sales),business development (sales),entry-level / student,Bangalore,10000,15000,Any
2025WSHP3800,Video Editing/Making,video editing/making,entry-level / student,Remote,5000,10000,Any
2025WSHP3801,Video Editor,video editor,entry-level / student,Faridabad,10000,15000,Any
2025WSHP3802,Creative Writing,creative writing,entry-level / student,Gurgaon,15000,20000,Any
2025WSHP3803,Graphic Design,design,entry-level / student,Pune,4000,5000,Any
2025WSHP3804,Recruitment,frontend development,entry-level / student,Bangalore,7000,10000,Any
2025WSHP3805,Operations,operations,entry-level / student,Bangalore,5000,5001,Any
2025WSHP3806,Business Development (Sales),business development (sales),entry-level / student,Noida,10000,20000,Any
2025WSHP3807,Video Editing/Making,video editing/making,entry-level / student,Remote,6000,6001,Any
2025WSHP3808,Recruitment,frontend development,entry-level / student,Kolkata,3500,26000,Any
2025WSHP3809,Email Marketing Specialist,machine learning / ai,entry-level / student,Remote,10000,15000,Any
2025WSHP3810,AI Project – iPhone Household Object Scanning,machine learning / ai,entry-level / student,Remote,16000,37000,Any
2025WSHP3811,Styling,styling,entry-level / student,Mumbai,10000,10001,Any
2025WSHP3812,Social Media Marketing,marketing,entry-level / student,Thane,8000,10000,Any
2025WSHP3813,Social Media Marketing (Telegram),marketing,entry-level / student,Remote,5000,5000,Any
2025WSHP3814,Subject Matter Expert (Mathematics),subject matter expert (mathematics),entry-level / student,Remote,9000,11000,Any
2025WSHP3815,Frontend Developer,frontend development,entry-level / student,Chennai,20000,20000,Any
2025WSHP3816,Email Marketing,machine learning / ai,entry-level / student,Mumbai,8000,9000,MBA
2025WSHP3817,Full Stack Developer,full stack development,entry-level / student,Remote,10000,10000,Any
2025WSHP3818,Client Servicing,client servicing,entry-level / student,Noida,10000,12000,Any
2025WSHP3819,Internshala Student Partner,internshala student partner,entry-level / student,Mumbai,2000,12000,Any
2025WSHP3820,Content and Social Media Marketing,marketing,entry-level / student,Mumbai,5000,10000,Any
2025WSHP3821,Search Engine Optimization (SEO),marketing,entry-level / student,Jaipur,6000,8000,Any
2025WSHP3822,Content and Social Media Marketing,marketing,entry-level / student,Remote,3000,5000,Any
2025WSHP3823,Aerospace Engineering,aerospace engineering,entry-level / student,Chennai,30000,40000,Any
2025WSHP3824,Creative (Filmmaking & Content),creative (filmmaking & content),entry-level / student,Hyderabad,15000,20000,Any
2025WSHP3825,Field Sales,field sales,entry-level / student,Remote,8000,40001,Any
2025WSHP3826,Supply Chain Management (SCM),machine learning / ai,entry-level / student,Gurgaon,8000,10000,Any
2025WSHP3827,sales,sales,entry-level / student,Noida,4000,5000,Any
2025WSHP3828,Operations,operations,entry-level / student,Mumbai,15000,25000,Any
2025WSHP3829,Web Development,web development,entry-level / student,Mumbai,7500,8500,Any
2025WSHP3830,Graphic Design,design,entry-level / student,Bangalore,12000,15000,Any
2025WSHP3831,Telecalling,telecalling,entry-level / student,Remote,25000,35000,Any
2025WSHP3832,Full Stack Development,full stack development,entry-level / student,Remote,10000,10000,Any
2025WSHP3833,Graphic Design,design,entry-level / student,Kasavanahalli,7000,8000,Any
2025WSHP3834,Brand Operations,brand operations,entry-level / student,Pune,5000,10000,Any
2025WSHP3835,Graphic Design,design,entry-level / student,Delhi,5000,6000,Any
2025WSHP3836,Content and Social Media Marketing,marketing,entry-level / student,Mumbai,5000,12000,Any
2025WSHP3837,Business Development (Sales),business development (sales),entry-level / student,Remote,15000,20000,Any
2025WSHP3838,Social Media Marketing,marketing,entry-level / student,Remote,0,0,Any
2025WSHP3839,AI Video Editing,machine learning / ai,entry-level / student,Remote,4000,4000,Any
2025WSHP3840,Digital Marketing,marketing,entry-level / student,Ghaziabad,3000,9000,Any
2025WSHP3841,Environmental Sciences,environmental sciences,entry-level / student,Jaipur,10000,13000,Any
2025WSHP3842,Nothing,nothing,entry-level / student,Not Available,0,0,Any
2025WSHP3843,Educational Consultant,educational consultant,entry-level / student,Gurgaon,35000,60000,Any
2025WSHP3844,Photo & Video Editing (Fashion),photo & video editing (fashion),entry-level / student,Remote,4000,6000,Any
2025WSHP3845,UI/UX Design,frontend development,entry-level / student,Pune,12000,15000,Any
2025WSHP3846,UI/UX Design,frontend development,entry-level / student,Remote,8000,15000,B.Tech
2025WSHP3847,Nothing,nothing,entry-level / student,Not Available,0,0,Any
2025WSHP3848,Graphic Design,design,entry-level / student,Remote,12000,18000,Any
2025WSHP3849,Fundraising,machine learning / ai,entry-level / student,Chandigarh,10500,15500,Any
2025WSHP3850,Management Trainee,machine learning / ai,entry-level / student,Bangalore,8001,8001,Any
2025WSHP3851,Sales and Marketing,marketing,entry-level / student,Delhi,30001,80001,Any
2025WSHP3852,Operations,operations,entry-level / student,Bangalore,12000,13500,Any
2025WSHP3853,Social Media Marketing,marketing,entry-level / student,Noida,12000,15000,Any
2025WSHP3854,Photo & Video Editing + Brand Assistance,photo & video editing + brand assistance,entry-level / student,Delhi,10000,10000,Any
2025WSHP3855,Web Development(Full Stack),full stack development,entry-level / student,Mumbai,7000,10000,Any
2025WSHP3856,HR Trainee,machine learning / ai,entry-level / student,Bangalore,15000,17000,Any
2025WSHP3857,Business Development (Sales),business development (sales),entry-level / student,Pune,20000,45000,Any
2025WSHP3858,Operations,operations,entry-level / student,Remote,5000,12000,Any
2025WSHP3859,Architecture,architecture,senior / experienced,Bangalore,5000,7000,Diploma
2025WSHP3860,Graphic Design,design,entry-level / student,Bangalore,10000,20000,Any
2025WSHP3861,Search Engine Optimization (SEO),marketing,entry-level / student,Remote,7000,10000,Any
2025WSHP3862,Human Resources (HR),human resources (hr),entry-level / student,Remote,12000,12000,Any
2025WSHP3863,Auditing & Accounting,auditing & accounting,entry-level / student,Delhi,3000,20000,Any
2025WSHP3864,Business Development (Sales),business development (sales),entry-level / student,Mumbai,10000,15000,Any
2025WSHP3865,Architecture & Visualisation Manager,architecture & visualisation manager,senior / experienced,Remote,5000,12000,Any
2025WSHP3866,Micro Influencer Instagram,micro influencer instagram,entry-level / student,Mumbai,7000,13000,Any
2025WSHP3867,Artificial Intelligence (AI),machine learning / ai,entry-level / student,Bangalore,20000,40000,Any
2025WSHP3868,Graphic Design,design,entry-level / student,Bangalore,18000,25000,Any
2025WSHP3869,Animation,animation,entry-level / student,Remote,10000,15000,Any
2025WSHP3870,Graphic Design,design,entry-level / student,Mumbai,5001,9500,Any
2025WSHP3871,Nothing,nothing,entry-level / student,Not Available,0,0,Any
2025WSHP3872,Search Engine Optimization (SEO),marketing,entry-level / student,Chennai,30000,40000,Any
2025WSHP3873,Search Engine Optimization (SEO),marketing,entry-level / student,Delhi,5000,6000,Any
2025WSHP3874,Content and Social Media Marketing,marketing,entry-level / student,Ghaziabad,2500,3500,Any
2025WSHP3875,Inside Sales,inside sales,entry-level / student,Pune,12000,18000,MBA
2025WSHP3876,Nothing,nothing,entry-level / student,Not Available,0,0,Any
2025WSHP3877,Social Media Marketing,marketing,entry-level / student,Mumbai,10000,15000,Any
2025WSHP3878,Sales and Marketing,marketing,entry-level / student,Pune,10000,25000,Any
2025WSHP3879,Business Development (Sales),business development (sales),entry-level / student,Noida,12000,15000,Any
2025WSHP3880,Trainee - Marketing (Live Events),machine learning / ai,entry-level / student,Mumbai,0,0,Any
2025WSHP3881,Equity Analyst,frontend development,entry-level / student,Noida,8500,10000,Any
2025WSHP3882,Front End Development,front end development,entry-level / student,Remote,7000,10000,Any
2025WSHP3883,Digital Marketing,marketing,entry-level / student,Remote,1000,1200,Any
2025WSHP3884,Business Development (Sales),business development (sales),entry-level / student,Remote,11000,52000,Any
2025WSHP3885,Chartered Accountancy (CA),chartered accountancy (ca),entry-level / student,Remote,25000,25000,Any
2025WSHP3886,Backend Developer,backend development,entry-level / student,Faridabad,3000,12500,Any
2025WSHP3887,Video Editing/Making,video editing/making,entry-level / student,Remote,1000,2000,Any
2025WSHP3888,Campus Ambassador,campus ambassador,entry-level / student,Mumbai,0,0,Any
2025WSHP3889,Content and Social Media Marketing,marketing,entry-level / student,Delhi,3000,6000,Any
2025WSHP3890,Associate Consultant,associate consultant,entry-level / student,Chennai,20000,35000,Any
2025WSHP3891,UI/UX Design,frontend development,entry-level / student,Remote,20000,30000,Any
2025WSHP3892,Graphic Design,design,entry-level / student,Bangalore,10000,15000,Any
2025WSHP3893,Digital Marketing,marketing,entry-level / student,Hyderabad,10000,20000,Any
2025WSHP3894,Operations,operations,entry-level / student,Gurgaon,5000,5000,Any
2025WSHP3895,Video Editing/Making,video editing/making,entry-level / student,Delhi,6000,6001,Any
2025WSHP3896,Content Writing,content writing,entry-level / student,Remote,5000,10000,Any
2025WSHP3897,Supply Chain Management (SCM),machine learning / ai,entry-level / student,Pune,10000,10001,Any
2025WSHP3898,Cybersecurity Specialist – Penetration Testing & Vulnerability Assessment,cybersecurity specialist – penetration testing & v,entry-level / student,Remote,6000,12900,Any
2025WSHP3899,Content and Social Media Marketing,marketing,entry-level / student,Delhi,5000,7000,Any
2025WSHP3900,International Business Development,international business development,entry-level / student,Mumbai,15000,22000,Any
2025WSHP3901,Accounting,accounting,entry-level / student,Gurgaon,10000,12000,Any
2025WSHP3902,Nothing,nothing,entry-level / student,Not Available,0,0,Any
2025WSHP3903,Video Editing/Making,video editing/making,entry-level / student,Bangalore,2000,6000,Any
2025WSHP3904,Business Development (Sales),business development (sales),entry-level / student,Delhi,12000,25000,Any
2025WSHP3905,Artificial Intelligence (AI),machine learning / ai,entry-level / student,Remote,1000,1000,Any
2025WSHP3906,Event Reachout Executive And Marketing,marketing,entry-level / student,Mumbai,5000,5000,Any
2025WSHP3907,AI Agent Development,machine learning / ai,entry-level / student,Chennai,30000,40000,Any
2025WSHP3908,Video Editing/Making,video editing/making,entry-level / student,Mumbai,10000,15000,Any
2025WSHP3909,Business Development (Sales),business development (sales),entry-level / student,Remote,2500,2500,Any
2025WSHP3910,Recruitment,frontend development,entry-level / student,Remote,10000,10000,Any
2025WSHP3911,Student Engagement - Physics,student engagement - physics,entry-level / student,Hyderabad,15000,15000,Any
2025WSHP3912,Associate - Client Service,associate - client service,entry-level / student,Chennai,0,0,MBA
2025WSHP3913,Fundraising & Communications,machine learning / ai,entry-level / student,Delhi,3000,6000,Any
2025WSHP3914,Content and Social Media Marketing,marketing,entry-level / student,Bangalore,9000,21000,Any
2025WSHP3915,Online Marketing,marketing,entry-level / student,Remote,1500,10000,Any
2025WSHP3916,Business Development (Sales),business development (sales),entry-level / student,Hyderabad,20000,35000,Any
2025WSHP3917,Web Development,web development,entry-level / student,Chennai,30000,40000,Any
2025WSHP3918,Recruitment Consultant,frontend development,entry-level / student,Mumbai,10000,15000,Any
2025WSHP3919,Content and Social Media Marketing,marketing,entry-level / student,Delhi,2000,2500,Any
2025WSHP3920,Telecalling,telecalling,entry-level / student,Gurgaon,7000,15000,Any
2025WSHP3921,Video Editing/Making,video editing/making,entry-level / student,Remote,6000,11000,Any
2025WSHP3922,Human Resources (HR),human resources (hr),entry-level / student,Remote,5000,7000,Any
2025WSHP3923,SEO Content,marketing,entry-level / student,Gurgaon,15000,15000,Any
2025WSHP3924,Real Estate Inspection Executive,real estate inspection executive,entry-level / student,Mumbai,8000,10000,Any
2025WSHP3925,Relationship Trainee,machine learning / ai,entry-level / student,Delhi,10700,17000,Any
2025WSHP3926,Digital Illustrator,digital illustrator,entry-level / student,Mumbai,8500,10000,Any
2025WSHP3927,Finance & Accounting,finance & accounting,entry-level / student,Pune,2000,2500,Any
2025WSHP3928,Legal Research,legal research,entry-level / student,Delhi,2500,2500,Any
2025WSHP3929,Marketing,marketing,entry-level / student,Chennai,5000,15000,Any
2025WSHP3930,Administration,administration,entry-level / student,Chennai,10000,15000,Any
2025WSHP3931,Graphic Design,design,entry-level / student,Remote,13000,13000,Any
2025WSHP3932,Social Media Marketing,marketing,entry-level / student,Delhi,8000,10000,Any
2025WSHP3933,Media & Public Relations (PR),media & public relations (pr),entry-level / student,Chennai,20000,30000,Any
2025WSHP3934,Digital Marketing,marketing,entry-level / student,Delhi,6000,10000,Any
2025WSHP3935,Content Writing,content writing,entry-level / student,Bangalore,20000,21001,Any
2025WSHP3936,Nothing,nothing,entry-level / student,Not Available,0,0,Any
2025WSHP3937,Visual Design,design,entry-level / student,Thane,9500,10000,MBA
2025WSHP3938,Empowering Social Entrepreneurs,empowering social entrepreneurs,entry-level / student,Remote,1500,10000,Any
2025WSHP3939,Backend Development,backend development,entry-level / student,Bangalore,5000,5000,Any
2025WSHP3940,Social Media Content & Human Research,marketing,entry-level / student,Chandigarh,21000,25000,Any
2025WSHP3941,Operations,operations,entry-level / student,Pune,8500,12000,Any
2025WSHP3942,Search Engine Optimization (SEO),marketing,entry-level / student,Delhi,10000,10000,Any
2025WSHP3943,Project Management,project management,entry-level / student,Mumbai,15000,20000,Any
2025WSHP3944,Business Development – Influencer Marketing,marketing,entry-level / student,Remote,5000,5000,Any
2025WSHP3945,Fullstack (Python/Django) Developer,full stack development,entry-level / student,Remote,10000,15000,Any
2025WSHP3946,Social Media Marketing,marketing,entry-level / student,Pune,5000,7000,Any
2025WSHP3947,Mobile App Development,mobile development,entry-level / student,Delhi,5000,12000,Any
2025WSHP3948,Event Operations,event operations,entry-level / student,Gurgaon,10000,15000,Any
2025WSHP3949,Graphic Design,design,entry-level / student,Remote,1100,6500,Any
2025WSHP3950,Client & User Engagement,client & user engagement,entry-level / student,Remote,6000,10000,Any
2025WSHP3951,Nothing,nothing,entry-level / student,Not Available,0,0,Any
2025WSHP3952,"React Native, NextJS And Firebase Development",mobile development,entry-level / student,Remote,1000,12000,Any
2025WSHP3953,Influencer Marketing,marketing,entry-level / student,Remote,10000,15000,Any
2025WSHP3954,E-Commerce,e-commerce,entry-level / student,Mumbai,8000,10000,Any
2025WSHP3955,Content Creator,content creator,entry-level / student,Remote,3000,3000,Any
2025WSHP3956,Full Stack Development,full stack development,entry-level / student,Remote,3000,5000,Any
2025WSHP3957,Expert/Master In Data Science,data science / analytics,entry-level / student,Remote,6000,11000,Any
2025WSHP3958,Graphic Design,design,entry-level / student,Bangalore,16000,20000,Any
2025WSHP3959,Full Stack Development,full stack development,entry-level / student,Delhi,15000,15000,Any
2025WSHP3960,Video Editing/Making,video editing/making,entry-level / student,Delhi,5000,7000,Any
2025WSHP3961,E-Commerce Business Management,e-commerce business management,entry-level / student,Mumbai,15000,15000,Any
2025WSHP3962,Video Editing And Graphic Design,design,entry-level / student,Gurgaon,10000,15000,Any
2025WSHP3963,Blogs & Content Writer,blogs & content writer,entry-level / student,Remote,10000,10002,Any
2025WSHP3964,Designer,design,entry-level / student,Mumbai,3000,7000,Any
2025WSHP3965,Business Development (Sales),business development (sales),entry-level / student,Remote,3000,16000,Any
2025WSHP3966,Nothing,nothing,entry-level / student,Not Available,0,0,Any
2025WSHP3967,Digital Marketing,marketing,entry-level / student,Pune,10000,12000,Any
2025WSHP3968,Field Sales,field sales,entry-level / student,Delhi,2000,2000,Any
2025WSHP3969,Recruitment,frontend development,entry-level / student,Remote,12000,30000,Any
2025WSHP3970,Investment Analysis,investment analysis,entry-level / student,Remote,2000,40000,Any
2025WSHP3971,Corporate Relations-Campus,corporate relations-campus,entry-level / student,Remote,4000,20000,Any
2025WSHP3972,Graphic Design,design,entry-level / student,Bangalore,5000,10000,Any
2025WSHP3973,Content Writing,content writing,entry-level / student,Remote,7500,10000,Any
2025WSHP3974,Graphic Design,design,entry-level / student,Mumbai,3000,5000,MBA
2025WSHP3975,Digital Marketing,marketing,entry-level / student,Thane,5000,10000,Any
2025WSHP3976,Talent Acquisition Manager,frontend development,entry-level / student,Remote,10000,20000,Any
2025WSHP3977,Relationship Trainee,machine learning / ai,entry-level / student,Delhi,10700,17000,Any
2025WSHP3978,Flutter QA Expert,mobile development,entry-level / student,Remote,5000,5000,Any
2025WSHP3979,Event Management,event management,entry-level / student,Chennai,20000,30000,Any
2025WSHP3980,Climate Research And Communication,climate research and communication,entry-level / student,Delhi,3000,5000,Any
2025WSHP3981,Meta And Google Ads,meta and google ads,entry-level / student,Jaipur,12000,15000,Any
2025WSHP3982,Chartered Accountancy (CA) / (CMA),chartered accountancy (ca) / (cma),entry-level / student,Bangalore,30000,35000,Any
2025WSHP3983,Human Resources (HR),human resources (hr),entry-level / student,Thane,5000,7000,Any
2025WSHP3984,Accounts,accounts,entry-level / student,Jaipur,8000,10000,Any
2025WSHP3985,Process Coordinator,process coordinator,entry-level / student,Pune,11500,18000,Any
2025WSHP3986,Frontend - UX/UI Designer,frontend development,entry-level / student,Remote,3000,15000,Any
2025WSHP3987,sales,sales,entry-level / student,Mumbai,12000,15000,Any
2025WSHP3988,Social Media Marketing (Video Focus),marketing,entry-level / student,Gurgaon,5000,10000,Any
2025WSHP3989,Content and Social Media Marketing,marketing,entry-level / student,Thane,8000,10000,Any
2025WSHP3990,Marketing & Events,marketing,entry-level / student,Mumbai,8000,15000,Any
2025WSHP3991,Content and Social Media Marketing,marketing,entry-level / student,Delhi,5000,10000,Any
2025WSHP3992,Digital Marketing,marketing,entry-level / student,Bangalore,5000,10000,Any
2025WSHP3993,Market Research,market research,entry-level / student,Mumbai,3000,3000,MBA
2025WSHP3994,Business Development (B2B),business development (b2b),entry-level / student,Bangalore,11000,25000,Any
2025WSHP3995,Nothing,nothing,entry-level / student,Not Available,0,0,Any
2025WSHP3996,Cyber Security,cyber security,entry-level / student,Chennai,20000,30000,Any
2025WSHP3997,Product Management,product management,entry-level / student,Remote,15000,15000,Any
2025WSHP3998,Sales and Marketing,marketing,entry-level / student,Jaipur,6000,8000,Any
2025WSHP3999,Web Development,web development,entry-level / student,Remote,0,0,Any
2025WSHP4000,UPSC Telegram Group Marketing Manager,marketing,entry-level / student,Remote,6000,8000,Any
2025WSHP4001,Media & Public Relations (PR),media & public relations (pr),entry-level / student,Gurgaon,5000,10000,Any
2025WSHP4002,Field Sales,field sales,entry-level / student,Hyderabad,10000,15000,Any
2025WSHP4003,Graphic Design,design,entry-level / student,Bangalore,12000,12000,Any
2025WSHP4004,Content and Social Media Marketing,marketing,entry-level / student,Delhi,5000,8000,Any
2025WSHP4005,Marketing,marketing,entry-level / student,Bangalore,10000,15000,Any
2025WSHP4006,Content Creator / Youtube Anchor,content creator / youtube anchor,entry-level / student,Noida,10000,12000,Any
2025WSHP4007,Law/Legal,law/legal,entry-level / student,Delhi,2000,2000,Any
2025WSHP4008,"Content Creator For Java, Python, MySql, Cyber Security Using Canva","content creator for java, python, mysql, cyber sec",entry-level / student,Remote,6000,8000,Any
2025WSHP4009,Social Media Executive,marketing,entry-level / student,Delhi,5000,7000,Any
2025WSHP4010,Influencer Marketing,marketing,entry-level / student,Delhi,10000,12000,Any
2025WSHP4011,Business Development (Sales),business development (sales),entry-level / student,Remote,10000,12000,Any
2025WSHP4012,Sales,sales,entry-level / student,Remote,2000,5000,Any
2025WSHP4013,Marketing,marketing,entry-level / student,Mumbai,15000,15000,Any
2025WSHP4014,Social Media Marketing,marketing,entry-level / student,Mumbai,8500,10000,Any
2025WSHP4015,Volunteering,volunteering,entry-level / student,Remote,1500,10000,Any
2025WSHP4016,Nothing,nothing,entry-level / student,Not Available,0,0,Any
2025WSHP4017,Finance,finance,entry-level / student,Remote,2000,40000,Any
2025WSHP4018,Project Management,project management,entry-level / student,Chennai,30000,40000,Any
2025WSHP4019,Corporate Sales,corporate sales,entry-level / student,Pune,12000,18000,MBA
2025WSHP4020,Marketing,marketing,entry-level / student,Bangalore,12000,13000,Any
2025WSHP4021,Tele Fundraising,machine learning / ai,entry-level / student,Remote,1500,10000,Any
2025WSHP4022,Digital Marketing,marketing,entry-level / student,Kolkata,5000,10000,Any
2025WSHP4023,Digital Marketing,marketing,entry-level / student,Bangalore,8000,10000,Any
2025WSHP4024,Email Marketing,machine learning / ai,entry-level / student,Delhi,10000,12000,Any
2025WSHP4025,Product Explainer Animation Video Maker,machine learning / ai,entry-level / student,Remote,5000,5000,Any
2025WSHP4026,Law/Legal,law/legal,entry-level / student,Delhi,2000,2000,Any
2025WSHP4027,AI/ML,machine learning / ai,entry-level / student,Remote,5000,10000,Any
2025WSHP4028,Video Editing/Making,video editing/making,entry-level / student,Remote,3000,5000,Any
2025WSHP4029,Video Editor,video editor,entry-level / student,Mumbai,12000,15000,Any
2025WSHP4030,Business Development (Sales),business development (sales),entry-level / student,Kolkata,4000,5000,Any
2025WSHP4031,Digital Marketing,marketing,entry-level / student,Thane,6000,8000,Any
2025WSHP4032,Business Development (Sales),business development (sales),entry-level / student,Remote,2000,111000,Any
2025WSHP4033,Executive Assistant,executive assistant,entry-level / student,Noida,12000,18000,Any
2025WSHP4034,Sales,sales,entry-level / student,Remote,10000,10000,Any
2025WSHP4035,Content Writing,content writing,entry-level / student,Chennai,20000,25000,Any
2025WSHP4036,Human Resources (HR) - Recruitment (Females),frontend development,entry-level / student,Bangalore,35000,35000,Any
2025WSHP4037,Business Development (Sales),business development (sales),entry-level / student,Mumbai,18000,30000,Any
2025WSHP4038,Business Development (Sales),business development (sales),entry-level / student,Mumbai,6000,22000,Any
2025WSHP4039,Talent Acquisition,frontend development,entry-level / student,Noida,10000,12000,Any
2025WSHP4040,Agentic AI,machine learning / ai,entry-level / student,Remote,8000,10000,Any
2025WSHP4041,Video Editing/Making,video editing/making,entry-level / student,Delhi,10000,12000,Any
2025WSHP4042,Influencer Marketing,marketing,entry-level / student,Remote,3000,5000,Any
2025WSHP4043,Tele Caller (inbound And Outbound),tele caller (inbound and outbound),entry-level / student,Mumbai,10000,15000,Any
2025WSHP4044,Insurance Operation Analyst,insurance operation analyst,entry-level / student,Bangalore,10000,15000,Any
2025WSHP4045,Associate Software Developer,associate software developer,entry-level / student,Delhi,15000,18000,Any
2025WSHP4046,Inside Sales,inside sales,entry-level / student,Chennai,25000,32000,Any
2025WSHP4047,Graphic Designer,design,entry-level / student,Remote,2000,2000,Any
2025WSHP4048,Law/Legal,law/legal,entry-level / student,Delhi,5000,6000,Any
2025WSHP4049,sales,sales,entry-level / student,Kolkata,6500,12500,Any
2025WSHP4050,Community Management,community management,entry-level / student,Gurgaon,20000,20000,MBA
2025WSHP4051,Field Sales,field sales,entry-level / student,Chennai,7500,15000,Any
2025WSHP4052,Content and Social Media Marketing,marketing,entry-level / student,Remote,4000,5000,Any
2025WSHP4053,Sales and Marketing,marketing,entry-level / student,Gurgaon,20000,75000,Any
2025WSHP4054,Video Editing/Making,video editing/making,entry-level / student,Remote,7000,7000,Any
2025WSHP4055,Electronics Engineering,electronics engineering,entry-level / student,Bangalore,20000,20000,Any
2025WSHP4056,Nothing,nothing,entry-level / student,Not Available,0,0,Any
2025WSHP4057,Business Development,business development,entry-level / student,Noida,15000,18000,Any
2025WSHP4058,Digital Marketing,marketing,entry-level / student,Anekal,10000,15000,Any
2025WSHP4059,Campus Ambassador,campus ambassador,entry-level / student,Remote,0,0,Any
2025WSHP4060,Outreach & Business Development,outreach & business development,entry-level / student,Remote,3500,8000,Any
2025WSHP4061,Digital Marketing,marketing,entry-level / student,Delhi,5001,5001,Any
2025WSHP4062,Digital Marketing,marketing,entry-level / student,Gurgaon,7000,8500,Any
2025WSHP4063,Motion Graphics Video Editor,design,entry-level / student,Remote,5000,6000,Any
2025WSHP4064,Data Engineer,data engineer,entry-level / student,Mumbai,15000,15000,Any
2025WSHP4065,Content and Social Media Marketing,marketing,entry-level / student,Pune,8000,8000,Any
2025WSHP4066,Telecalling,telecalling,entry-level / student,Delhi,4000,30000,Any
2025WSHP4067,Social Media Marketing,marketing,entry-level / student,Remote,1000,1000,Any
2025WSHP4068,Corporate Sales,corporate sales,entry-level / student,Mumbai,15000,15000,MBA
2025WSHP4069,Law/Legal,law/legal,entry-level / student,Delhi,15000,15000,Any
2025WSHP4070,Telecalling,telecalling,entry-level / student,Remote,7000,12000,Any
2025WSHP4071,Business Research,business research,entry-level / student,Delhi,4000,20000,Any
2025WSHP4072,Graphic Design,design,entry-level / student,Jaipur,15000,20000,Any
2025WSHP4073,Business Development (Sales),business development (sales),entry-level / student,Remote,2000,2500,MBA
2025WSHP4074,Video Editing/Making,video editing/making,entry-level / student,Noida,15000,15000,Any
2025WSHP4075,Human Resources (HR),human resources (hr),entry-level / student,Mumbai,2000,5000,Any
2025WSHP4076,Graphic Design,design,entry-level / student,Mumbai,20000,20000,MBA
2025WSHP4077,Cyber Security,cyber security,entry-level / student,Mumbai,5000,10000,Any
2025WSHP4078,Video Editing/Making,video editing/making,entry-level / student,Remote,0,0,Any
2025WSHP4079,Artificial Intelligence (AI),machine learning / ai,entry-level / student,Remote,1000,3000,Diploma
2025WSHP4080,Creative & Event Support,creative & event support,entry-level / student,Kolkata,3000,4000,Any
2025WSHP4081,Business Development (Sales),business development (sales),entry-level / student,Chennai,15000,25000,Any
2025WSHP4082,Backend Development,backend development,entry-level / student,Remote,1000,1200,Diploma
2025WSHP4083,Finance,finance,entry-level / student,Pune,7000,7000,Any
2025WSHP4084,JavaScript Development,javascript development,entry-level / student,Remote,5000,20000,Any
2025WSHP4085,Admin & Office Staff,admin & office staff,entry-level / student,Mumbai,7500,10000,Any
2025WSHP4086,Digital Marketing,marketing,entry-level / student,Remote,1000,1500,Any
2025WSHP4087,Product Management,product management,entry-level / student,Chennai,20000,30000,Any
2025WSHP4088,Anchor/Script Writer,anchor/script writer,entry-level / student,Remote,7000,10000,Any
2025WSHP4089,Videography,videography,entry-level / student,Mumbai,15000,20000,Any
2025WSHP4090,Mobile Developer - React Native,mobile development,entry-level / student,Remote,5000,7000,B.Tech
2025WSHP4091,Human Resources (HR),human resources (hr),entry-level / student,Bangalore,0,0,Any
2025WSHP4092,Fashion Merchandising,fashion merchandising,entry-level / student,Mumbai,10000,10000,Any
2025WSHP4093,Accounting & Taxation,accounting & taxation,entry-level / student,Faridabad,10000,15000,Any
2025WSHP4094,Human Resources (HR),human resources (hr),entry-level / student,Thane,8000,13000,MBA
2025WSHP4095,1 Week Virtual Charity Drive (Fundraising),machine learning / ai,entry-level / student,Remote,1500,10000,Any
2025WSHP4096,Video Editing/Making,video editing/making,entry-level / student,Jaipur,5000,6000,Any
2025WSHP4097,Software Development,software development,entry-level / student,Noida,8000,10000,Any
2025WSHP4098,Digital Marketing,marketing,entry-level / student,Mumbai,10000,15000,MBA
2025WSHP4099,Finance & Accounting,finance & accounting,entry-level / student,Mumbai,7500,10000,Any
2025WSHP4100,Video Editing/Making,video editing/making,entry-level / student,Noida,8000,20000,Any
2025WSHP4101,Brand Management,brand management,entry-level / student,Remote,7000,12000,Any
2025WSHP4102,Information Technology,information technology,entry-level / student,Faridabad,15000,20000,Any
2025WSHP4103,Graphic Design,design,entry-level / student,Bangalore,12000,22500,Any
2025WSHP4104,Personal Assistant To Executive,personal assistant to executive,entry-level / student,Delhi,6000,20000,Any
2025WSHP4105,Video Editing/Making,video editing/making,entry-level / student,Remote,4000,9000,Any
2025WSHP4106,Dietetics/Nutrition,dietetics/nutrition,entry-level / student,Hyderabad,15000,18000,Any
2025WSHP4107,Inside Sales,inside sales,entry-level / student,Remote,5000,5000,Any
2025WSHP4108,Social Media Marketing,marketing,entry-level / student,Bangalore,12000,12000,Any
2025WSHP4109,Talent Acquisition,frontend development,entry-level / student,Bangalore,20000,24000,Any
2025WSHP4110,Business Development (Sales),business development (sales),entry-level / student,Thane,8000,10000,Any
2025WSHP4111,Graphic Design,design,entry-level / student,Mumbai,8000,10000,Any
2025WSHP4112,Business Development (Sales),business development (sales),entry-level / student,Bangalore,5000,5000,Any
2025WSHP4113,UI/UX Design,frontend development,entry-level / student,Pune,4000,5000,Any
2025WSHP4114,Full Stack Development,full stack development,entry-level / student,Remote,2000,3000,Any
2025WSHP4115,sales,sales,entry-level / student,Gurgaon,15000,15000,Any
2025WSHP4116,Complaint Coordinator,machine learning / ai,entry-level / student,Delhi,10000,15000,Any
2025WSHP4117,Social Media Marketing,marketing,entry-level / student,Delhi,5000,15000,Any
2025WSHP4118,UI/UX Design,frontend development,entry-level / student,Mumbai,5000,10000,Any
2025WSHP4119,Ads Concept Designer,design,entry-level / student,Remote,5000,20000,Any
2025WSHP4120,Electric Vehicle,electric vehicle,entry-level / student,Remote,22000,22000,Any
2025WSHP4121,Accounts,accounts,entry-level / student,Remote,13600,15000,Any
2025WSHP4122,Content Writing,content writing,entry-level / student,Gurgaon,10000,11000,Any
2025WSHP4123,Marketing,marketing,entry-level / student,Mumbai,10000,15000,MBA
2025WSHP4124,Anchoring,anchoring,entry-level / student,Noida,6000,6000,Any
2025WSHP4125,Content and Social Media Marketing,marketing,entry-level / student,Mumbai,5000,7500,Any
2025WSHP4126,HR Consultant,hr consultant,entry-level / student,Kolkata,3500,5000,Any
2025WSHP4127,Video Editing/Making,video editing/making,entry-level / student,Remote,1000,1001,Any
2025WSHP4128,Content Writing,content writing,entry-level / student,Remote,25000,35000,Any
2025WSHP4129,Frontend – Trading Indicators (React/Next.js),frontend development,entry-level / student,Remote,5000,18000,Any
2025WSHP4130,Social Media Marketing,marketing,entry-level / student,Gurgaon,8000,10000,Any
2025WSHP4131,Video Editing/Making,video editing/making,entry-level / student,Jaipur,5000,7000,Any
2025WSHP4132,sales,sales,entry-level / student,Delhi,20000,21000,Any
2025WSHP4133,Tech Lead - Full Stack (Web) & Mobile App (Android + IOS),full stack development,senior / experienced,Ghaziabad,15000,15000,Any
2025WSHP4134,Appointment Setter,appointment setter,entry-level / student,Remote,10000,22000,Any
2025WSHP4135,Project Management,project management,entry-level / student,Hyderabad,8000,10000,Any
2025WSHP4136,Sales and Marketing,marketing,entry-level / student,Pune,11000,18000,Any
2025WSHP4137,Field Sales,field sales,entry-level / student,Pune,7500,15000,Any
2025WSHP4138,Telecalling,telecalling,entry-level / student,Noida,2500,20000,Any
2025WSHP4139,Human Resources (HR),human resources (hr),entry-level / student,Remote,4000,5000,Any
2025WSHP4140,Site Engineering - Interior Design,design,entry-level / student,Chennai,30000,40000,Any
2025WSHP4141,Executive Assistant,executive assistant,entry-level / student,Remote,5000,5000,Any
2025WSHP4142,Social Media Marketing,marketing,entry-level / student,Thane,9500,10000,Any
2025WSHP4143,Digital Marketing,marketing,entry-level / student,Mumbai,5000,10000,Any
2025WSHP4144,Human Resource HR (Female),human resource hr (female),entry-level / student,Jaipur,12000,12000,Any
2025WSHP4145,Product Management,product management,entry-level / student,Pune,12000,12000,Any
2025WSHP4146,Nothing,nothing,entry-level / student,Not Available,0,0,Any
2025WSHP4147,Corporate Sales,corporate sales,entry-level / student,Bangalore,10000,92000,Any
2025WSHP4148,Full-Stack App Development,full-stack app development,entry-level / student,Mumbai,5000,10000,Any
2025WSHP4149,Sales and Marketing,marketing,entry-level / student,Mumbai,6000,10000,Any
2025WSHP4150,Human Resources (HR),human resources (hr),entry-level / student,Noida,2000,2000,Any
2025WSHP4151,Social Entrepreneurship,social entrepreneurship,entry-level / student,Remote,1500,15000,Any
2025WSHP4152,Field Sales,field sales,entry-level / student,Bangalore,18600,25000,Any
2025WSHP4153,Contract Management,contract management,entry-level / student,Secunderabad,8000,10000,Any
2025WSHP4154,Marketing & Event Promotions,marketing,entry-level / student,Pune,11000,25000,Any
2025WSHP4155,Digital Marketing,marketing,entry-level / student,Gurgaon,8000,10000,Any
2025WSHP4156,Administration,administration,entry-level / student,Kolkata,7000,10000,Any
2025WSHP4157,Video Editing/Making,video editing/making,entry-level / student,Remote,5000,10000,Any
2025WSHP4158,Flutter Development,mobile development,entry-level / student,Remote,7500,10000,Any
2025WSHP4159,International Business Development,international business development,entry-level / student,Remote,6000,6000,Any
2025WSHP4160,Business Development (Sales),business development (sales),entry-level / student,Faridabad,5000,15000,Any
2025WSHP4161,Cloud Computing,cloud computing,entry-level / student,Remote,1000,1200,Diploma
2025WSHP4162,Live Stream Trader,live stream trader,entry-level / student,Jaipur,15000,20000,Any
2025WSHP4163,Content and Social Media Marketing,marketing,entry-level / student,Mumbai,12000,15000,Any
2025WSHP4164,Business Development (Sales),business development (sales),entry-level / student,Bangalore,16000,25000,Any
2025WSHP4165,Nothing,nothing,entry-level / student,Not Available,0,0,Any
2025WSHP4166,Video Editing/Making,video editing/making,entry-level / student,Bangalore,15000,20000,Any
2025WSHP4167,Full Stack Development,full stack development,entry-level / student,Remote,7000,10000,Any
2025WSHP4168,Employee Health Benefits Guide,frontend development,entry-level / student,Mumbai,15000,15000,Any
2025WSHP4169,AI Content Trainee,machine learning / ai,entry-level / student,Noida,0,0,Any
2025WSHP4170,Cinematography,cinematography,entry-level / student,Delhi,5000,7000,Any
2025WSHP4171,Search Engine Optimization (SEO),marketing,entry-level / student,Delhi,9000,10000,Any
2025WSHP4172,Partnership,partnership,entry-level / student,Bangalore,20000,30000,Any
2025WSHP4173,Administration,administration,entry-level / student,Gurgaon,10000,15000,Any
2025WSHP4174,Human Resources (HR),human resources (hr),entry-level / student,Delhi,3000,5600,Any
2025WSHP4175,sales,sales,entry-level / student,Hyderabad,7500,15000,Any
2025WSHP4176,Business Development (Sales),business development (sales),entry-level / student,Bangalore,12000,15001,Any
2025WSHP4177,Admission Support,admission support,entry-level / student,Hyderabad,14000,15000,Any
2025WSHP4178,Business Development (Sales),business development (sales),entry-level / student,Mumbai,5000,10000,Any
2025WSHP4179,Online Roblox Tutor,online roblox tutor,entry-level / student,Remote,1000,8000,Any
2025WSHP4180,Founder’s Associate,founder’s associate,entry-level / student,Mumbai,8000,12000,Any
2025WSHP4181,Health Tech Sales,health tech sales,entry-level / student,Hyderabad,7000,9000,Any
2025WSHP4182,Company Secretary (CS),company secretary (cs),entry-level / student,Mumbai,14000,17500,Any
2025WSHP4183,Business Analytics,business analytics,entry-level / student,Remote,10000,10001,Any
2025WSHP4184,UI/UX Design,frontend development,entry-level / student,Mumbai,10000,10000,Any
2025WSHP4185,Graphic Design,design,entry-level / student,Remote,5000,10000,Any
2025WSHP4186,sales,sales,entry-level / student,Mumbai,12000,17000,MBA
2025WSHP4187,Growth,growth,entry-level / student,Remote,5000,12000,Any
2025WSHP4188,Content and Social Media Marketing,marketing,entry-level / student,Remote,1000,2000,Any
2025WSHP4189,Marketing,marketing,entry-level / student,Chennai,10000,20000,Any
2025WSHP4190,Human Resources (HR),human resources (hr),entry-level / student,Jaipur,7000,16000,Any
2025WSHP4191,Online Events Coordinator,online events coordinator,entry-level / student,Remote,15000,15000,Any
2025WSHP4192,Web Development,web development,entry-level / student,Remote,10000,10000,Any
2025WSHP4193,Recruitment,frontend development,entry-level / student,Delhi,7000,12000,Any
2025WSHP4194,"Founder’s Office(Operations, Finance & Business Development)","founder’s office(operations, finance & business de",entry-level / student,Bangalore,6000,12000,Any
2025WSHP4195,Marketing,marketing,entry-level / student,Pune,14000,15000,Any
2025WSHP4196,Experience Partner (Sales),experience partner (sales),entry-level / student,Chennai,10000,20000,Any
2025WSHP4197,Video Editing/Making,video editing/making,entry-level / student,Bangalore,6000,12000,Any
2025WSHP4198,iOS App Development,mobile development,entry-level / student,Chennai,25000,35000,Any
2025WSHP4199,Travel & Tourism,travel & tourism,entry-level / student,Ghaziabad,3500,7000,Any
2025WSHP4200,Interior Design,design,entry-level / student,Noida,8000,10000,Any
2025WSHP4201,Brand Design & Digital Illustration,design,entry-level / student,Remote,15000,30000,Any
2025WSHP4202,Content and Social Media Marketing,marketing,entry-level / student,Remote,12000,15000,Any
2025WSHP4203,Social Media Marketing,marketing,entry-level / student,Mumbai,7000,8000,Any
2025WSHP4204,Social Media Marketing,marketing,entry-level / student,Noida,4000,5000,Any
2025WSHP4205,Database Building/Management,frontend development,entry-level / student,Chennai,30000,40000,Any
2025WSHP4206,Inside Sales,inside sales,entry-level / student,Gurgaon,30000,50000,Any
2025WSHP4207,Content Writing,content writing,entry-level / student,Remote,7000,7000,Any
2025WSHP4208,Facebook Marketing,marketing,entry-level / student,Noida,15000,18000,Any
2025WSHP4209,Field Sales,field sales,entry-level / student,Thane,7500,12000,Any
2025WSHP4210,Business Development (Sales),business development (sales),entry-level / student,Noida,5000,12000,Any
2025WSHP4211,Crowdsourcing,crowdsourcing,entry-level / student,Remote,1500,8000,Any
2025WSHP4212,Content Creation,content creation,entry-level / student,Delhi,5000,7000,Any
2025WSHP4213,Social Media Marketing,marketing,entry-level / student,Remote,8000,8000,Any
2025WSHP4214,E-Commerce Business Management,e-commerce business management,entry-level / student,Bangalore,10000,10000,Any
2025WSHP4215,Product Management,product management,entry-level / student,Chennai,20000,30000,Any
2025WSHP4216,Off Page Search Engine Optimization (SEO),marketing,entry-level / student,Remote,1500,1500,Any
2025WSHP4217,Interior Designer,design,entry-level / student,Ahmedabad,15000,25000,Any
2025WSHP4218,Social Media Marketing,marketing,entry-level / student,Mumbai,7500,15000,Any
2025WSHP4219,Academic Counselor,academic counselor,entry-level / student,Remote,12000,12000,Any
2025WSHP4220,Founders Office,founders office,entry-level / student,Pune,12000,20000,Any
2025WSHP4221,Videography,videography,entry-level / student,Mumbai,5000,15000,Any
2025WSHP4222,Graphic & Video Editing,design,entry-level / student,Pune,15001,20001,Any
2025WSHP4223,Graphic Design,design,entry-level / student,Thane,8000,8000,Any
2025WSHP4224,Quality Control,quality control,entry-level / student,Bangalore,15000,18000,Diploma
2025WSHP4225,Affiliate Marketing,marketing,entry-level / student,Coimbatore,8000,10000,Any
2025WSHP4226,Digital Marketing,marketing,entry-level / student,Chennai,7000,8000,Any
2025WSHP4227,Social Media Marketing,marketing,entry-level / student,Remote,3000,6000,Any
2025WSHP4228,SAP,sap,entry-level / student,Chennai,20000,30000,Any
2025WSHP4229,UI/UX Design,frontend development,entry-level / student,Gurgaon,15000,25000,Any
2025WSHP4230,Civil Engineering,civil engineering,entry-level / student,Delhi,8000,12000,Any
2025WSHP4231,Digital Marketing,marketing,entry-level / student,Remote,5000,5000,Any
2025WSHP4232,Business Research,business research,entry-level / student,Noida,7000,17000,Any
2025WSHP4233,PPC,ppc,entry-level / student,Mumbai,10000,25000,Any
2025WSHP4234,Social Impact,social impact,entry-level / student,Remote,1500,10000,Any
2025WSHP4235,Digital Marketing,marketing,entry-level / student,Bangalore,2500,11500,Any
2025WSHP4236,Sales and Marketing,marketing,entry-level / student,Remote,3000,5000,Any
2025WSHP4237,Digital Marketing,marketing,entry-level / student,Jaipur,10000,20000,Any
2025WSHP4238,Software Development,software development,entry-level / student,Delhi,7000,10000,Any
2025WSHP4239,Graphic Design,design,entry-level / student,Bangalore,12000,12000,Any
2025WSHP4240,Inside Sales,inside sales,entry-level / student,Bangalore,5001,26000,Any
2025WSHP4241,Junior Marketing Associate,marketing,entry-level / student,Remote,6000,14000,Any
2025WSHP4242,Backend Development,backend development,entry-level / student,Chennai,4000,4200,Any
2025WSHP4243,Graphic Design,design,entry-level / student,Remote,2000,2000,Any
2025WSHP4244,Nothing,nothing,entry-level / student,Not Available,0,0,Any
2025WSHP4245,Marketing,marketing,entry-level / student,Hyderabad,15000,15000,Any
2025WSHP4246,Human Resources (HR),human resources (hr),entry-level / student,Remote,2000,2500,Any
2025WSHP4247,Customer Acquisition,frontend development,entry-level / student,Remote,3000,5000,Any
2025WSHP4248,CA Articleship,ca articleship,entry-level / student,Delhi,8000,10000,Any
2025WSHP4249,Content and Social Media Marketing,marketing,entry-level / student,Chennai,5000,13000,Any
2025WSHP4250,Telecalling,telecalling,entry-level / student,Kolkata,7000,7000,Any
2025WSHP4251,Client Sucess,client sucess,entry-level / student,Remote,8000,11000,Any
2025WSHP4252,Accounting & Taxation,accounting & taxation,entry-level / student,Delhi,5000,10000,Any
2025WSHP4253,Robotics Design Engineer And Mentor,design,entry-level / student,Mumbai,7000,12000,Any
2025WSHP4254,Business Development (Sales),business development (sales),entry-level / student,Delhi,9000,13000,Any
2025WSHP4255,Founders Associate,founders associate,entry-level / student,Remote,15000,15000,Any
2025WSHP4256,Nothing,nothing,entry-level / student,Not Available,0,0,Any
2025WSHP4257,Jio Home Service Intern,jio home service intern,entry-level / student,Kolkata,0,0,Any
2025WSHP4258,Social Media Marketing,marketing,entry-level / student,Remote,5000,10000,Any
2025WSHP4259,Sales and Marketing,marketing,entry-level / student,Noida,8000,12000,Any
2025WSHP4260,Logistics And Operations,logistics and operations,entry-level / student,Gurgaon,15000,15000,Any
2025WSHP4261,Digital Marketing,marketing,entry-level / student,Remote,5000,6000,Any
2025WSHP4262,Business Development (Sales),business development (sales),entry-level / student,Jaipur,7000,8000,Any
2025WSHP4263,Backend & AI Manager,backend development,entry-level / student,Jaipur,20000,25000,Any
2025WSHP4264,Credit,credit,entry-level / student,Mumbai,20000,25000,MBA
2025WSHP4265,Video Editing/Making,video editing/making,entry-level / student,Remote,5999,10000,Any
2025WSHP4266,Creative Writing,creative writing,entry-level / student,Thane,9500,10000,Any
2025WSHP4267,3D Animation,3d animation,entry-level / student,Gurgaon,5000,15000,Any
2025WSHP4268,Teaching,teaching,entry-level / student,Thane,10000,15000,Any
2025WSHP4269,Online Math Faculty For School Kids.,online math faculty for school kids.,entry-level / student,Remote,6000,9000,Any
2025WSHP4270,Full Stack Development,full stack development,entry-level / student,Remote,7000,10000,Any
2025WSHP4271,Python Development,python development,entry-level / student,Chennai,20000,30000,Any
2025WSHP4272,Human Resources (HR),human resources (hr),entry-level / student,Pune,5000,7000,Any
2025WSHP4273,Search Engine Optimization (SEO),marketing,entry-level / student,Bangalore,17000,20000,Any
2025WSHP4274,React Native Developer,mobile development,entry-level / student,Remote,1000,1000,Any
2025WSHP4275,Graphic Design,design,entry-level / student,Ahmedabad,3000,5000,Any
2025WSHP4276,Social Media Marketing,marketing,entry-level / student,Chennai,6000,15000,Any
2025WSHP4277,Market Research And Operations,market research and operations,entry-level / student,Remote,0,0,Any
2025WSHP4278,"Digital Marketing I – Social Media, SEO, SEM, Google & Meta Ads",marketing,entry-level / student,Hyderabad,5000,12000,Any
2025WSHP4279,Content and Social Media Marketing,marketing,entry-level / student,Bangalore,3000,5000,Any
2025WSHP4280,Product Marketing,marketing,entry-level / student,Chennai,10000,12000,Any
2025WSHP4281,Business Development (Sales),business development (sales),entry-level / student,Gurgaon,15000,25000,Any
2025WSHP4282,Content and Social Media Marketing,marketing,entry-level / student,Jaipur,5000,10000,Any
2025WSHP4283,Content Creator,content creator,entry-level / student,Bangalore,15000,20000,Any
2025WSHP4284,Human Resources (HR),human resources (hr),entry-level / student,Noida,6000,11000,Any
2025WSHP4285,sales,sales,entry-level / student,Mumbai,5000,10000,Any
2025WSHP4286,Business Operations and Negotiations,business operations and negotiations,entry-level / student,Gurgaon,9000,25000,Any
2025WSHP4287,Fashion Consultant,fashion consultant,entry-level / student,Hyderabad,8000,8000,Any
2025WSHP4288,Mechanical Engineering,mechanical engineering,entry-level / student,Faridabad,5000,12000,Any
2025WSHP4289,Business Development (Sales),business development (sales),entry-level / student,Pune,7000,8500,Any
2025WSHP4290,Machine Learning,machine learning / ai,entry-level / student,Chennai,20000,30000,Any
2025WSHP4291,Social Media Marketing,marketing,entry-level / student,Mumbai,10000,15000,Any
2025WSHP4292,Social Media,marketing,entry-level / student,Delhi,5000,10000,Any
2025WSHP4293,Telecalling,telecalling,entry-level / student,Remote,6000,35000,Any
2025WSHP4294,Founders Office,founders office,entry-level / student,Bangalore,8000,10000,Any
2025WSHP4295,Graphic Design,design,entry-level / student,Hyderabad,7000,15000,Any
2025WSHP4296,Business Research,business research,entry-level / student,Remote,3000,5000,Any
2025WSHP4297,Product Marketing,marketing,entry-level / student,Gurgaon,15000,18000,Any
2025WSHP4298,IT Support Engineer,it support engineer,entry-level / student,Mumbai,7500,10000,Any
2025WSHP4299,Human Resources (HR),human resources (hr),entry-level / student,Pune,8000,10000,Any
2025WSHP4300,Human Resources (HR),human resources (hr),entry-level / student,Remote,6500,11500,Any
2025WSHP4301,Project Management,project management,entry-level / student,Mumbai,8000,12000,Any
2025WSHP4302,Digital Marketing,marketing,entry-level / student,Kolkata,5000,5500,Any
2025WSHP4303,Software Projects Management,software projects management,entry-level / student,Remote,9999,10000,MBA
2025WSHP4304,Client Servicing,client servicing,entry-level / student,Mumbai,3000,5000,Any
2025WSHP4305,Junior Chess Coach,junior chess coach,entry-level / student,Bangalore,10000,15000,Any
2025WSHP4306,Unreal Engine Developer (Game),unreal engine developer (game),entry-level / student,Remote,11000,15000,Any
2025WSHP4307,Creative Content & Brand Operations Intern,creative content & brand operations intern,entry-level / student,Mumbai,10000,15000,Any
2025WSHP4308,Google Tag Manager,google tag manager,entry-level / student,Bangalore,20000,20000,Any
2025WSHP4309,3D Artist,3d artist,entry-level / student,Varanasi,5000,10000,Any
2025WSHP4310,Marketing,marketing,entry-level / student,Gurgaon,8000,10000,Any
2025WSHP4311,Construction Site Engineering,construction site engineering,entry-level / student,Bangalore,40000,47000,B.A
2025WSHP4312,Operations,operations,entry-level / student,Mumbai,5000,10000,Any
2025WSHP4313,Digital Marketing,marketing,entry-level / student,Gurgaon,12000,12000,Any
2025WSHP4314,Video Editor,video editor,entry-level / student,Remote,5000,5000,Any
2025WSHP4315,Front End Development,front end development,entry-level / student,Remote,6500,6500,Any
2025WSHP4316,Architecture,architecture,senior / experienced,Mumbai,6000,6001,Any
2025WSHP4317,Business Development (Sales),business development (sales),entry-level / student,Mumbai,13000,15000,Any
2025WSHP4318,Content Writing,content writing,entry-level / student,Remote,15000,15000,Any
2025WSHP4319,UI/UX & Graphic Designer (Founders Track),frontend development,entry-level / student,Remote,1000,1000,Any
2025WSHP4320,Content and Social Media Marketing,marketing,entry-level / student,Mumbai,10000,20000,Any
2025WSHP4321,Data Entry,data entry,entry-level / student,Pune,9000,10000,Any
2025WSHP4322,Talent Acquisition,frontend development,entry-level / student,Bangalore,20000,25000,Any
2025WSHP4323,Business Development (Sales),business development (sales),entry-level / student,Aurangabad,2000,7000,Any
2025WSHP4324,Field Sales,field sales,entry-level / student,Pune,2500,32000,Any
2025WSHP4325,Brand Development (Luxury Travel Film Production Company),frontend development,entry-level / student,Remote,10000,100000,Any
2025WSHP4326,Law/Legal,law/legal,entry-level / student,Remote,0,0,Any
2025WSHP4327,Community Management,community management,entry-level / student,Thane,5000,7000,MBA
2025WSHP4328,Inside Sales,inside sales,entry-level / student,Hyderabad,40000,275000,Any
2025WSHP4329,Video Editor,video editor,entry-level / student,Noida,10000,12000,Any
2025WSHP4330,Strategy Management,strategy management,entry-level / student,Mumbai,5000,7000,Any
2025WSHP4331,Social Media,marketing,entry-level / student,Mumbai,12000,16000,Any
2025WSHP4332,Software Development,software development,entry-level / student,Chennai,30000,40000,Any
2025WSHP4333,Marketing Role Study Abroad September 2026 Intake Students Only,marketing,entry-level / student,Mumbai,8000,14000,Any
2025WSHP4334,CS Articleship,cs articleship,entry-level / student,Pune,6000,10000,Any
2025WSHP4335,Social Media Marketing,marketing,entry-level / student,Bangalore,15000,15000,Any
2025WSHP4336,Video Editing/Making,video editing/making,entry-level / student,Bangalore,7000,12000,Any
2025WSHP4337,Subject Matter Expert- Microbiology,subject matter expert- microbiology,entry-level / student,Remote,8000,12000,Any
2025WSHP4338,Reel Editor,reel editor,entry-level / student,Remote,5000,10000,Any
2025WSHP4339,Content and Social Media Marketing,marketing,entry-level / student,Remote,4500,8000,Any
2025WSHP4340,Full Stack Development,full stack development,entry-level / student,Remote,3000,6000,Any
2025WSHP4341,Campus Ambassador,campus ambassador,entry-level / student,Pune,0,0,Any
2025WSHP4342,Content and Social Media Marketing,marketing,entry-level / student,Delhi,0,0,Any
2025WSHP4343,Business Development (Sales),business development (sales),entry-level / student,Mumbai,15000,20000,Any
2025WSHP4344,Digital Marketing,marketing,entry-level / student,Delhi,10000,15000,Any
2025WSHP4345,Brand Ambassador,brand ambassador,entry-level / student,Remote,1000,1000,Any
2025WSHP4346,Sales And Growth,sales and growth,entry-level / student,Mumbai,25000,35000,Any
2025WSHP4347,Finance & Accounting,finance & accounting,entry-level / student,Remote,2000,2000,Any
2025WSHP4348,Accounts,accounts,entry-level / student,Mumbai,10000,20000,Any
2025WSHP4349,Customer Service/Customer Support,customer service/customer support,entry-level / student,Remote,10000,12000,Any
2025WSHP4350,Electronics Engineering,electronics engineering,entry-level / student,Mumbai,5000,15000,Any
2025WSHP4351,Online Telugu And English Tutor,online telugu and english tutor,entry-level / student,Remote,1000,8000,Any
2025WSHP4352,Lead Generation,lead generation,senior / experienced,Delhi,8000,8000,Any
2025WSHP4353,Lead Generation,lead generation,senior / experienced,Remote,2000,2000,Any
2025WSHP4354,Inside sales (Female),inside sales (female),entry-level / student,Mumbai,15000,17000,Any
2025WSHP4355,Content Writing,content writing,entry-level / student,Chennai,15000,40000,Any
2025WSHP4356,Office Administration & Accounts,office administration & accounts,entry-level / student,Kolkata,4000,6000,Any
2025WSHP4357,Data And Content Manager,data and content manager,entry-level / student,Remote,6000,9000,Any
2025WSHP4358,Graphic Design,design,entry-level / student,Remote,1000,1000,Any
2025WSHP4359,Aide Supervisor,machine learning / ai,entry-level / student,Remote,1500,15000,Any
2025WSHP4360,Digital Marketing,marketing,entry-level / student,Noida,12000,20000,Any
2025WSHP4361,Graphic Designer,design,entry-level / student,Chennai,2000,2000,Any
2025WSHP4362,Business Development (Sales),business development (sales),entry-level / student,Remote,24000,30000,B.Tech
2025WSHP4363,Social Media & Content Marketing,marketing,entry-level / student,Remote,3000,5000,Any
2025WSHP4364,Mathematics Expert Doubt Solving,mathematics expert doubt solving,entry-level / student,Remote,5000,6000,Any
2025WSHP4365,Social Media Marketing,marketing,entry-level / student,Mumbai,5000,8000,Any
2025WSHP4366,Marketing,marketing,entry-level / student,Gurgaon,10000,30000,Any
2025WSHP4367,International Business Development,international business development,entry-level / student,Mumbai,3000,6000,Any
2025WSHP4368,Digital Marketing,marketing,entry-level / student,Ulhasnagar,15000,15000,Any
2025WSHP4369,Outbound SDR,outbound sdr,entry-level / student,Remote,5000,10000,Any
2025WSHP4370,Event Management,event management,entry-level / student,Pune,6000,8000,Any
2025WSHP4371,Growth and Marketing,marketing,entry-level / student,Mumbai,10000,15000,Any
2025WSHP4372,Graphic Design,design,entry-level / student,Remote,1000,1001,Any
2025WSHP4373,Database Building/Management,frontend development,entry-level / student,Noida,10000,12000,Any
2025WSHP4374,CRM,crm,entry-level / student,Mumbai,10000,15000,Any
2025WSHP4375,Content Writing,content writing,entry-level / student,Mumbai,2000,5000,Any
2025WSHP4376,React Native Development,mobile development,entry-level / student,Kolkata,8000,12000,Any
2025WSHP4377,Content and Social Media Marketing,marketing,entry-level / student,Delhi,8000,12000,Any
2025WSHP4378,AI Specialist (Image Generation),machine learning / ai,entry-level / student,Remote,8000,10000,Any
2025WSHP4379,Online Coaching Management & Content Designing,design,entry-level / student,Jaipur,10000,17000,Any
2025WSHP4380,Photography,photography,entry-level / student,Noida,4000,10000,Any
2025WSHP4381,Law/Legal,law/legal,entry-level / student,Remote,0,0,Any
2025WSHP4382,QA Testing,qa testing,entry-level / student,Hyderabad,7000,8000,Any
2025WSHP4383,Client Servicing,client servicing,entry-level / student,Thane,20000,23000,Any
2025WSHP4384,Content Writing,content writing,entry-level / student,Noida,5000,10000,Any
2025WSHP4385,AI Generative Video Creator,machine learning / ai,entry-level / student,Thane,15000,23000,MBA
2025WSHP4386,Content and Social Media Marketing,marketing,entry-level / student,Remote,1000,1000,Any
2025WSHP4387,Content and Social Media Marketing,marketing,entry-level / student,Delhi,5000,5000,Any
2025WSHP4388,Business Consultant,business consultant,entry-level / student,Dombivli,5000,11000,MBA
2025WSHP4389,Video Editing/Making,video editing/making,entry-level / student,Remote,2500,3000,Any
2025WSHP4390,Digital Marketing,marketing,entry-level / student,Mumbai,5000,10000,Any
2025WSHP4391,Content and Social Media Marketing,marketing,entry-level / student,Pune,8000,8000,Any
2025WSHP4392,College Community Lead,college community lead,senior / experienced,Remote,5000,20000,Any
2025WSHP4393,Video Editing/Making,video editing/making,entry-level / student,Delhi,10000,20000,Any
2025WSHP4394,Email Marketing,machine learning / ai,entry-level / student,Remote,1000,1000,Any
2025WSHP4395,Web Development,web development,entry-level / student,Delhi,4500,11000,Any
2025WSHP4396,Inside Sales,inside sales,entry-level / student,Noida,27000,34000,Any
2025WSHP4397,Recruitment,frontend development,entry-level / student,Noida,10000,12000,Any
2025WSHP4398,Experience Partners (Sales),experience partners (sales),entry-level / student,Pune,10000,20000,MBA
2025WSHP4399,Digital Marketing,marketing,entry-level / student,Pimpri-Chinchwad,8000,15000,Any
2025WSHP4400,Digital Marketing,marketing,entry-level / student,Jaipur,6000,15000,Any
2025WSHP4401,Business Development For Film Production House,business development for film production house,entry-level / student,Remote,10000,25000,Any
2025WSHP4402,Founders Associate,founders associate,entry-level / student,Remote,3000,4000,Any
2025WSHP4403,Social Media Marketing,marketing,entry-level / student,Remote,10000,15000,Any
2025WSHP4404,Data Collector,data collector,entry-level / student,Remote,21000,27000,Any
2025WSHP4405,Data & Reporting,data & reporting,entry-level / student,Remote,6000,7000,Any
2025WSHP4406,Marketing,marketing,entry-level / student,Bangalore,20000,20000,Any
2025WSHP4407,Digital Marketing,marketing,entry-level / student,Delhi,5000,6000,Any
2025WSHP4408,Video Editing/Making,video editing/making,entry-level / student,Jaipur,7000,15000,Any
2025WSHP4409,Sales and Marketing,marketing,entry-level / student,Kota,6000,8000,MBA
2025WSHP4410,Full Stack Development,full stack development,entry-level / student,Remote,2000,3000,Any
2025WSHP4411,Business Development (Sales),business development (sales),entry-level / student,Delhi,10000,12000,Any
2025WSHP4412,Business Development (Sales),business development (sales),entry-level / student,Pune,5000,5000,Any
2025WSHP4413,Social Media Marketing,marketing,entry-level / student,Delhi,5000,10000,Any
2025WSHP4414,Full Stack Development,full stack development,entry-level / student,Remote,5000,15000,Any
2025WSHP4415,Content and Social Media Marketing,marketing,entry-level / student,Mumbai,7000,13000,Any
2025WSHP4416,Nothing,nothing,entry-level / student,Not Available,0,0,Any
2025WSHP4417,Animation Expert (using AI Tool),machine learning / ai,entry-level / student,Remote,10000,15000,Any
2025WSHP4418,Business Development (Sales),business development (sales),entry-level / student,Mumbai,4000,16000,Any
2025WSHP4419,Digital Marketing,marketing,entry-level / student,Delhi,2000,3000,Any
2025WSHP4420,Telecalling,telecalling,entry-level / student,Remote,10000,10000,Any
2025WSHP4421,Video Editing (Reels For Instagram),video editing (reels for instagram),entry-level / student,Remote,5001,8000,Any
2025WSHP4422,Content and Social Media Marketing,marketing,entry-level / student,Hyderabad,5000,30000,Any
2025WSHP4423,Telesales,telesales,entry-level / student,Mumbai,3000,6000,Any
2025WSHP4424,Digital Marketing,marketing,entry-level / student,Kolkata,12000,20000,Any
2025WSHP4425,UI/UX Design,frontend development,entry-level / student,Remote,5000,6000,Any
2025WSHP4426,Android App Development,mobile development,entry-level / student,Mumbai,20000,30000,Any
2025WSHP4427,Content and Social Media Marketing,marketing,entry-level / student,Mumbai,5000,10000,Any
2025WSHP4428,Marketing,marketing,entry-level / student,Chandigarh,10000,12000,Any
2025WSHP4429,Marketing with Data Entry,marketing,entry-level / student,Remote,1000,1500,Any
2025WSHP4430,ReactJS Development,reactjs development,entry-level / student,Chennai,20000,30000,Any
2025WSHP4431,Corporate Sales,corporate sales,entry-level / student,Pune,15000,15000,MBA
2025WSHP4432,Nothing,nothing,entry-level / student,Not Available,0,0,Any
2025WSHP4433,Business Development (Sales),business development (sales),entry-level / student,Pune,7000,10000,Any
2025WSHP4434,Business Development-College Outreach (Male),business development-college outreach (male),entry-level / student,Delhi,15100,21000,Any
2025WSHP4435,Client Servicing,client servicing,entry-level / student,Gurgaon,18000,18000,Any
2025WSHP4436,Graphic Designer,design,entry-level / student,Mumbai,4000,5000,Any
2025WSHP4437,Digital Marketing,marketing,entry-level / student,Remote,1500,15000,Any
2025WSHP4438,Research Analyst,research analyst,entry-level / student,Jaipur,3000,5000,Any
2025WSHP4439,Finance,finance,entry-level / student,Remote,7500,15000,Any
2025WSHP4440,Search Engine Optimization (SEO),marketing,entry-level / student,Noida,2000,3000,Any
2025WSHP4441,Community Manager,community manager,entry-level / student,Remote,2000,2000,Any
2025WSHP4442,Social Media & Research,marketing,entry-level / student,Remote,5000,15000,Any
2025WSHP4443,Business Development (Sales),business development (sales),entry-level / student,Remote,6000,10000,Any
2025WSHP4444,Videography,videography,entry-level / student,Guntur,4000,8000,MBA
2025WSHP4445,Game Development,game development,entry-level / student,Remote,6000,8000,Any
2025WSHP4446,Full Stack Development,full stack development,entry-level / student,Hyderabad,5000,5000,Any
2025WSHP4447,Field Sales,field sales,entry-level / student,Remote,10000,10000,Any
2025WSHP4448,Human Resources (HR),human resources (hr),entry-level / student,Chennai,2000,3000,Any
2025WSHP4449,ReactJS Development,reactjs development,entry-level / student,Remote,17500,17500,Any
2025WSHP4450,Business Development (Sales),business development (sales),entry-level / student,Remote,3000,12000,Any
2025WSHP4451,Nothing,nothing,entry-level / student,Not Available,0,0,Any
2025WSHP4452,Artificial Intelligence (AI),machine learning / ai,entry-level / student,Remote,15000,15000,Any
2025WSHP4453,Business Development (Sales),business development (sales),entry-level / student,Remote,4000,7500,Any
2025WSHP4454,Backend Development,backend development,entry-level / student,Jaipur,5000,10000,Any
2025WSHP4455,Architecture,architecture,senior / experienced,Delhi,2000,5000,Any
2025WSHP4456,Accounting & Bookkeeping,accounting & bookkeeping,entry-level / student,Pune,3000,5000,Any
2025WSHP4457,Virtual Assistance,virtual assistance,entry-level / student,Remote,5000,5000,Any
2025WSHP4458,Marketing,marketing,entry-level / student,Kolkata,9000,13000,Any
2025WSHP4459,Workshop Facilitator & Leadership,workshop facilitator & leadership,senior / experienced,Remote,2000,25000,Any
2025WSHP4460,UI/UX Design,frontend development,entry-level / student,Remote,0,0,Any
2025WSHP4461,Business Transformation Consulting & Digital Outreach / Trainee,machine learning / ai,entry-level / student,Pune,15000,22000,Any
2025WSHP4462,Social Media Marketing,marketing,entry-level / student,Delhi,3000,5000,Any
2025WSHP4463,International Business Development,international business development,entry-level / student,Mumbai,10001,14000,MBA
2025WSHP4464,Digital Marketing,marketing,entry-level / student,Gurgaon,8000,10000,Any
2025WSHP4465,Unity Developer,unity developer,entry-level / student,Gurgaon,10000,10000,Any
2025WSHP4466,Graphic Design,design,entry-level / student,Mumbai,7000,15000,Any
2025WSHP4467,Sales Operation,sales operation,entry-level / student,Hyderabad,5000,5000,Any
2025WSHP4468,Email Marketing,machine learning / ai,entry-level / student,Remote,3000,5000,Any
2025WSHP4469,Video Editing/Making,video editing/making,entry-level / student,Remote,7000,8000,Any
2025WSHP4470,Human Resources (HR),human resources (hr),entry-level / student,Gurgaon,11000,15000,MBA
2025WSHP4471,Nothing,nothing,entry-level / student,Not Available,0,0,Any
2025WSHP4472,Influencer Manager,influencer manager,entry-level / student,Remote,8000,10000,Any
2025WSHP4473,Marketing,marketing,entry-level / student,Mumbai,20000,45000,Any
2025WSHP4474,Photo Editor,photo editor,entry-level / student,Remote,8000,12000,Any
2025WSHP4475,AI Product-Solutions,machine learning / ai,entry-level / student,Pune,10000,30000,MBA
2025WSHP4476,Sales and Marketing,marketing,entry-level / student,Remote,1000,1000,Any
2025WSHP4477,Fashion Design,design,entry-level / student,Hyderabad,10000,15000,Any
2025WSHP4478,Administration,administration,entry-level / student,Hyderabad,10000,10000,Any
2025WSHP4479,Software Testing,software testing,entry-level / student,Mumbai,5000,10000,Any
2025WSHP4480,Digital Marketing,marketing,entry-level / student,Pune,5000,10000,Any
2025WSHP4481,Field Sales,field sales,entry-level / student,Bangalore,20000,29000,Any
2025WSHP4482,Illustration & Creative Design,design,entry-level / student,Remote,11000,11000,Diploma
2025WSHP4483,Sales and Marketing,marketing,entry-level / student,Delhi,10000,12000,Any
2025WSHP4484,Interior Design,design,entry-level / student,Hyderabad,4000,6000,Any
2025WSHP4485,Digital Marketing,marketing,entry-level / student,Noida,10000,12000,Any
2025WSHP4486,Sales,sales,entry-level / student,Remote,10000,15000,MBA
2025WSHP4487,Video Editing/Making,video editing/making,entry-level / student,Remote,4000,7000,Any
2025WSHP4488,Business Development (Sales),business development (sales),entry-level / student,Kolkata,2000,2000,Any
2025WSHP4489,Nothing,nothing,entry-level / student,Not Available,0,0,Any
2025WSHP4490,Brand Management,brand management,entry-level / student,Chennai,6000,10000,Any
2025WSHP4491,Business Development (Sales),business development (sales),entry-level / student,Delhi,12000,19000,Any
2025WSHP4492,Business Development (Sales),business development (sales),entry-level / student,Faridabad,6000,10000,Any
2025WSHP4493,Business Development (Sales),business development (sales),entry-level / student,Pune,7500,15000,Any
2025WSHP4494,Influencer Marketing,marketing,entry-level / student,Remote,2000,10000,Any
2025WSHP4495,Search Engine Optimization (SEO) At Appbrew,marketing,entry-level / student,Remote,10000,15000,Any
2025WSHP4496,Canva Designer,design,entry-level / student,Remote,12000,40000,Any
2025WSHP4497,Financial Market Research,financial market research,entry-level / student,Remote,1500,2000,Any
2025WSHP4498,Robotics,robotics,entry-level / student,Chennai,18000,25000,Any
2025WSHP4499,DevOps,devops / infrastructure,entry-level / student,Hyderabad,8000,10000,Any
2025WSHP4500,Customer Services,customer services,entry-level / student,Mumbai,14000,23000,Any
2025WSHP4501,Sales and Marketing,marketing,entry-level / student,Remote,10000,40000,Any
2025WSHP4502,Business Development (Sales),business development (sales),entry-level / student,Remote,1500,5000,Any
2025WSHP4503,Chartered Accountancy (CA),chartered accountancy (ca),entry-level / student,Mumbai,4000,5000,Any
2025WSHP4504,Market Research Specialist,market research specialist,entry-level / student,Bangalore,5000,5000,Any
2025WSHP4505,Sales and Marketing,marketing,entry-level / student,Bangalore,18000,45000,Any
2025WSHP4506,Operation Executive,operation executive,entry-level / student,Hyderabad,14000,15000,Any
2025WSHP4507,Social Media Marketing,marketing,entry-level / student,Chennai,20000,30000,Any
2025WSHP4508,Inside Sales,inside sales,entry-level / student,Jaipur,13500,24000,Any
2025WSHP4509,Content Writing,content writing,entry-level / student,Remote,10000,10000,Any
2025WSHP4510,Legal Research,legal research,entry-level / student,Mumbai,10000,10000,Any
2025WSHP4511,Unity Developer,unity developer,entry-level / student,Remote,13000,25000,Any
2025WSHP4512,Business Development (Sales),business development (sales),entry-level / student,Gurgaon,5000,15000,Any
2025WSHP4513,Front End Development,front end development,entry-level / student,Chennai,20000,30000,Any
2025WSHP4514,Nothing,nothing,entry-level / student,Not Available,0,0,Any
2025WSHP4515,Product Design,design,entry-level / student,Chennai,8000,10000,Any
2025WSHP4516,Ecommerce Visual Merchandiser,ecommerce visual merchandiser,entry-level / student,Bangalore,20000,20000,Any
2025WSHP4517,Demand Gen Intern,demand gen intern,entry-level / student,Remote,12000,15000,Any
2025WSHP4518,Flutter Development,mobile development,entry-level / student,Kolkata,15000,25000,Any
2025WSHP4519,Content Writing,content writing,entry-level / student,Delhi,10000,12000,Any
2025WSHP4520,Anchoring,anchoring,entry-level / student,Delhi,3000,9000,Any
2025WSHP4521,Business Development (Sales),business development (sales),entry-level / student,Mumbai,7500,10000,Any
2025WSHP4522,Business Development (Sales),business development (sales),entry-level / student,Bangalore,8500,11000,Any
2025WSHP4523,Social Media Marketing,marketing,entry-level / student,Remote,15000,15000,Any
2025WSHP4524,Nothing,nothing,entry-level / student,Not Available,0,0,Any
2025WSHP4525,Business Development (Sales),business development (sales),entry-level / student,Remote,4000,8000,Any
2025WSHP4526,Digital Marketing,marketing,entry-level / student,Ghaziabad,5000,6000,Any
2025WSHP4527,Human Resources (HR),human resources (hr),entry-level / student,Noida,10001,12004,Any
2025WSHP4528,Interior Design,design,entry-level / student,Delhi,5000,7000,Any
2025WSHP4529,Human Resources (HR),human resources (hr),entry-level / student,Kolkata,10000,15000,Any
2025WSHP4530,Content Writing,content writing,entry-level / student,Kolkata,5000,10000,Any
2025WSHP4531,DevOps,devops / infrastructure,entry-level / student,Remote,1000,5000,Any
2025WSHP4532,Talent Acquisition,frontend development,entry-level / student,Remote,8000,10000,Any
2025WSHP4533,Product Marketing,marketing,entry-level / student,Remote,11000,44000,Any
2025WSHP4534,AI Tutor,machine learning / ai,entry-level / student,Remote,5200,10200,Any
2025WSHP4535,Interior Design,design,entry-level / student,Kolkata,10000,15000,Any
2025WSHP4536,Content & Curriculum Manager,content & curriculum manager,entry-level / student,Remote,5000,10000,Any
2025WSHP4537,Business Development (Sales),business development (sales),entry-level / student,Hyderabad,13000,17000,Any
2025WSHP4538,Business Development (Sales),business development (sales),entry-level / student,Pune,10000,12000,Any
2025WSHP4539,Telecalling,telecalling,entry-level / student,Remote,3000,6000,Any
2025WSHP4540,Social Work Coordinator,social work coordinator,entry-level / student,Delhi,5000,5000,MBA
2025WSHP4541,Event Management,event management,entry-level / student,Delhi,10000,15000,Any
2025WSHP4542,Sales  (Digital Marketing Leads),marketing,senior / experienced,Remote,7000,10000,Any
2025WSHP4543,Interior Design,design,entry-level / student,Gurgaon,20000,40001,Any
2025WSHP4544,Content and Social Media Marketing,marketing,entry-level / student,Bangalore,5000,12000,Any
2025WSHP4545,Operations,operations,entry-level / student,Thane,15000,20000,Any
2025WSHP4546,Social Media Marketing,marketing,entry-level / student,Remote,4000,5000,Any
2025WSHP4547,Automation Engineer,automation engineer,entry-level / student,Remote,12000,18000,Any
2025WSHP4548,AI Education Consultant,machine learning / ai,entry-level / student,Remote,21000,67500,Any
2025WSHP4549,Video Editing/Making,video editing/making,entry-level / student,Remote,6000,10000,Any
2025WSHP4550,Customer Service/Customer Support,customer service/customer support,entry-level / student,Thane,5000,8000,Any
2025WSHP4551,AI/ML– Applied Artificial Intelligence & Machine Learning,machine learning / ai,entry-level / student,Mumbai,5000,10000,B.Tech
2025WSHP4552,Business Development (Sales),business development (sales),entry-level / student,Bangalore,3000,5000,Any
2025WSHP4553,Business Development (Sales),business development (sales),entry-level / student,Remote,3000,22000,Any
2025WSHP4554,SAP,sap,entry-level / student,Mumbai,8000,12000,Any
2025WSHP4555,Graphic Design,design,entry-level / student,Kolkata,12000,15000,Any
2025WSHP4556,Photography,photography,entry-level / student,Delhi,6000,8000,Any
2025WSHP4557,Editorial,editorial,entry-level / student,Remote,4000,5500,Any
2025WSHP4558,Sales Development Representative (SDR),sales development representative (sdr),entry-level / student,Remote,15000,25000,Any
2025WSHP4559,Corporate Sales,corporate sales,entry-level / student,Remote,6000,7500,Any
2025WSHP4560,Machine Learning,machine learning / ai,entry-level / student,Chennai,20000,30000,Any
2025WSHP4561,IT Sales Consultant,it sales consultant,entry-level / student,Gurgaon,10000,10000,Any
2025WSHP4562,Graphic Design (UI/UX),frontend development,entry-level / student,Remote,4000,7000,Any
2025WSHP4563,Business Development (Sales),business development (sales),entry-level / student,Delhi,6000,8000,Any
2025WSHP4564,Sales and Marketing,marketing,entry-level / student,Mumbai,12000,15000,Any
2025WSHP4565,Business Development (Sales),business development (sales),entry-level / student,Mumbai,4000,7000,Any
2025WSHP4566,Digital Marketing,marketing,entry-level / student,Gurgaon,10000,15000,MBA
2025WSHP4567,Business Development (Sales),business development (sales),entry-level / student,Mumbai,20000,25000,Any
2025WSHP4568,IOT & Embedded Systems,iot & embedded systems,entry-level / student,Hyderabad,5000,6000,B.Tech
2025WSHP4569,Talent Acquisition,frontend development,entry-level / student,Mumbai,20000,30000,Any
2025WSHP4570,Inside Sales,inside sales,entry-level / student,Pune,15000,15000,MBA
2025WSHP4571,Content and Social Media Marketing,marketing,entry-level / student,Gurgaon,5000,5000,Any
2025WSHP4572,Business Development (Sales),business development (sales),entry-level / student,Remote,15000,20000,Any
2025WSHP4573,Video Editing/Making,video editing/making,entry-level / student,Secunderabad,10500,16000,Any
2025WSHP4574,Android App Development,mobile development,entry-level / student,Remote,6000,12000,Any
2025WSHP4575,Video Editing/Making,video editing/making,entry-level / student,Remote,2300,5000,Any
2025WSHP4576,Event Management,event management,entry-level / student,Delhi,10000,12000,Any
2025WSHP4577,Interior Design,design,entry-level / student,Pune,7000,12000,Any
2025WSHP4578,SEO Executive,marketing,entry-level / student,Pune,7001,10010,Any
2025WSHP4579,Research & Content,research & content,entry-level / student,Noida,4000,5000,Any
2025WSHP4580,Nesternship – Nestlé Internship Program 2024,nesternship – nestlé internship program 2024,entry-level / student,Chennai,10000,10000,Any
2025WSHP4581,Marketing,marketing,entry-level / student,Ghaziabad,6000,13000,Any
2025WSHP4582,Social Media Marketing,marketing,entry-level / student,Delhi,20000,30000,Any
2025WSHP4583,Growth Marketing Intern,marketing,entry-level / student,Noida,0,0,Any
2025WSHP4584,Video Editing/Making,video editing/making,entry-level / student,Delhi,10000,12000,Any
2025WSHP4585,Fashion Design,design,entry-level / student,Noida,15000,20000,Any
2025WSHP4586,Social Media Marketing,marketing,entry-level / student,Kolkata,2000,5000,Any
2025WSHP4587,Business Development (Sales),business development (sales),entry-level / student,Delhi,10000,12000,MBA
2025WSHP4588,Corporate Relations,corporate relations,entry-level / student,Mumbai,10000,12000,Any
2025WSHP4589,Digital Marketing,marketing,entry-level / student,Delhi,5000,7000,Any
2025WSHP4590,Relationship Manager,relationship manager,entry-level / student,Bangalore,18000,19000,Any
2025WSHP4591,Content and Social Media Marketing,marketing,entry-level / student,Delhi,10000,12000,Any
2025WSHP4592,Digital Marketing,marketing,entry-level / student,Remote,5000,10000,Any
2025WSHP4593,Sales Ops,sales ops,entry-level / student,Mumbai,8000,10000,Any
2025WSHP4594,Data Science,data science / analytics,entry-level / student,Remote,10000,15000,Any
2025WSHP4595,Recruitment,frontend development,entry-level / student,Thane,12000,15000,Any
2025WSHP4596,Content Writing,content writing,entry-level / student,Gurgaon,10000,15000,Any
2025WSHP4597,Nothing,nothing,entry-level / student,Not Available,0,0,Any
2025WSHP4598,Business Development (Sales),business development (sales),entry-level / student,Noida,7000,7000,Any
2025WSHP4599,Associate Consultant,associate consultant,entry-level / student,Chennai,20000,35000,Any
2025WSHP4600,Video Editing/Making,video editing/making,entry-level / student,Delhi,5000,10000,Any
2025WSHP4601,Backend Developer,backend development,entry-level / student,Pune,20000,20000,Any
2025WSHP4602,Telecalling,telecalling,entry-level / student,Ghaziabad,10000,12000,Any
2025WSHP4603,Digital Marketing(AI Enabled),machine learning / ai,entry-level / student,Remote,7000,7000,MBA
2025WSHP4604,Talent Acquisition,frontend development,entry-level / student,Gurgaon,8001,15000,Any
2025WSHP4605,Content and Social Media Marketing,marketing,entry-level / student,Mumbai,5000,15000,MBA
2025WSHP4606,Marketing,marketing,entry-level / student,Hyderabad,10000,16000,Any
2025WSHP4607,Project Manager,project manager,entry-level / student,Mangalore,25000,45000,Any
2025WSHP4608,Content and Social Media Marketing,marketing,entry-level / student,Jaipur,5000,8000,Any
2025WSHP4609,Business Development (Sales),business development (sales),entry-level / student,Remote,10000,21000,Any
2025WSHP4610,Nothing,nothing,entry-level / student,Not Available,0,0,Any
2025WSHP4611,UI Motion Designer,frontend development,entry-level / student,Remote,10000,11000,Any
2025WSHP4612,Administration,administration,entry-level / student,Kolkata,9000,12000,Any
2025WSHP4613,Field Sales,field sales,entry-level / student,Mumbai,5000,10000,Any
2025WSHP4614,SEO,marketing,entry-level / student,Kolkata,4000,5000,Any
2025WSHP4615,3D Printing,3d printing,entry-level / student,Pune,8500,12000,Any
2025WSHP4616,Graphic Design,design,entry-level / student,Remote,2000,2000,Any
2025WSHP4617,Digital Marketing,marketing,entry-level / student,Delhi,5000,10000,Diploma
2025WSHP4618,Graphic Design,design,entry-level / student,Remote,5000,10000,Any
2025WSHP4619,Field Operations,field operations,entry-level / student,Pune,8000,8000,Any
2025WSHP4620,Electronics Engineering,electronics engineering,entry-level / student,Hyderabad,12000,18000,Any
2025WSHP4621,Media & Public Relations (PR),media & public relations (pr),entry-level / student,Gurgaon,5000,6000,Any
2025WSHP4622,Client Relationship,client relationship,entry-level / student,Remote,5000,5000,Any
2025WSHP4623,Telecalling,telecalling,entry-level / student,Delhi,15000,18000,Any
2025WSHP4624,Campus Ambassador,campus ambassador,entry-level / student,Ahmedabad,0,0,MBA
2025WSHP4625,Jewelry Designer,design,entry-level / student,Remote,8000,8000,Any
2025WSHP4626,Manager - Business Relations,manager - business relations,entry-level / student,Bangalore,10000,10000,Any
2025WSHP4627,"Business Development At Global Event At BKC Bandra, Mumbai",machine learning / ai,entry-level / student,Mumbai,7500,10000,MBA
2025WSHP4628,Business Development (Sales),business development (sales),entry-level / student,Remote,5000,6000,Any
2025WSHP4629,Grant Research & Outreach,grant research & outreach,entry-level / student,Remote,0,0,Any
2025WSHP4630,Content Specialist (Content Writer),content specialist (content writer),entry-level / student,Remote,7000,10000,Any
2025WSHP4631,Digital Marketing Manager (Female),marketing,entry-level / student,Ahmedabad,21000,25000,Any
2025WSHP4632,Sales and Marketing,marketing,entry-level / student,Delhi,8000,14000,Any
2025WSHP4633,Learning & Development,learning & development,entry-level / student,Bangalore,10000,20000,Any
2025WSHP4634,Business Development (Sales),business development (sales),entry-level / student,Hyderabad,10000,20000,Any
2025WSHP4635,Graphic Design,design,entry-level / student,Gurgaon,20000,25000,Any
2025WSHP4636,Graphic Illustrator (Adobe Illustrator),design,entry-level / student,Remote,1000,5000,Any
2025WSHP4637,Academic Counsellor Trainee,machine learning / ai,entry-level / student,Noida,0,0,Any
2025WSHP4638,Data Entry,data entry,entry-level / student,Remote,15000,20000,Any
2025WSHP4639,Digital Marketing,marketing,entry-level / student,Aurangabad,0,0,Any
2025WSHP4640,Business Development (Sales),business development (sales),entry-level / student,Gurgaon,10000,17000,Any
2025WSHP4641,Email Marketing,machine learning / ai,entry-level / student,Virar,6500,12000,Any
2025WSHP4642,UI/UX Design,frontend development,entry-level / student,Remote,8000,12000,Any
2025WSHP4643,Performance Marketing Manager,marketing,entry-level / student,Remote,12000,15000,Any
2025WSHP4644,Crowdfunding,crowdfunding,entry-level / student,Remote,1500,15000,Any
2025WSHP4645,Business Development (Sales),business development (sales),entry-level / student,Delhi,30000,50000,MBA
2025WSHP4646,Digital Marketing,marketing,entry-level / student,Remote,4000,5000,Any
2025WSHP4647,Journalism,journalism,entry-level / student,Bangalore,10000,15000,Any
2025WSHP4648,Content Optimization SEO Manager,marketing,entry-level / student,Remote,2000,3000,Any
2025WSHP4649,Human Resources (HR),human resources (hr),entry-level / student,Remote,1000,1001,Any
2025WSHP4650,Video Editing/Making,video editing/making,entry-level / student,Bangalore,10000,10000,Any
2025WSHP4651,General Management,general management,entry-level / student,Remote,7000,7000,Any
2025WSHP4652,Influencer Marketing,marketing,entry-level / student,Delhi,15000,15000,Any
2025WSHP4653,Digital Marketing,marketing,entry-level / student,Delhi,5000,10000,Any
2025WSHP4654,Field Sales,field sales,entry-level / student,Chennai,10000,10000,Any
2025WSHP4655,Social Media Marketing,marketing,entry-level / student,Mumbai,7000,10000,Any
2025WSHP4656,Creative Marketing (Guerrilla Marketing Campaigns),machine learning / ai,entry-level / student,Remote,5000,5000,Any
2025WSHP4657,Business Development (Sales),business development (sales),entry-level / student,Kolkata,8000,10000,Any
2025WSHP4658,Marketing,marketing,entry-level / student,Mumbai,5000,10000,Any
2025WSHP4659,Content and Social Media Marketing,marketing,entry-level / student,Noida,6000,15000,Any
2025WSHP4660,Graphic Design,design,entry-level / student,Bangalore,5000,8000,Any
2025WSHP4661,Motion Graphics,design,entry-level / student,Remote,3000,5000,Any
2025WSHP4662,Product Marketing,marketing,entry-level / student,Kolkata,10000,15000,Any
2025WSHP4663,Event Management,event management,entry-level / student,Delhi,8000,10000,Any
2025WSHP4664,Front-Desk,front-desk,entry-level / student,Delhi,10000,12000,Any
2025WSHP4665,Market Research,market research,entry-level / student,Remote,7000,12000,Any
2025WSHP4666,Web Developer (Frontend),frontend development,entry-level / student,Remote,7500,12500,Any
2025WSHP4667,Business Development (Sales),business development (sales),entry-level / student,Remote,8000,16000,Any
2025WSHP4668,Human Resources (HR),human resources (hr),entry-level / student,Chennai,8000,10000,MBA
2025WSHP4669,Content Writing,content writing,entry-level / student,Gurgaon,10000,15000,Any
2025WSHP4670,Social Media Marketing,marketing,entry-level / student,Gurgaon,15000,18000,Any
2025WSHP4671,Cinematography,cinematography,entry-level / student,Gurgaon,10000,16000,Any
2025WSHP4672,Marketing,marketing,entry-level / student,Mumbai,7000,10000,Any
2025WSHP4673,Business Development (Sales),business development (sales),entry-level / student,Remote,5000,5000,Any
2025WSHP4674,Digital Marketing & Executive Assistant,marketing,entry-level / student,Delhi,5000,15000,Any
2025WSHP4675,Law/Legal,law/legal,entry-level / student,Thane,0,0,MBA
2025WSHP4676,Product Marketing,marketing,entry-level / student,Thane,6000,10000,MBA
2025WSHP4677,Influencer Marketing,marketing,entry-level / student,Delhi,8000,10000,Any
2025WSHP4678,Full Stack Development,full stack development,entry-level / student,Remote,1000,3000,Any
2025WSHP4679,Field Sales,field sales,entry-level / student,Pune,10000,20000,Any
2025WSHP4680,Law/Legal,law/legal,entry-level / student,Remote,0,0,Any
2025WSHP4681,Nothing,nothing,entry-level / student,Not Available,0,0,Any
2025WSHP4682,Junior Software Developer,junior software developer,entry-level / student,Delhi,15000,30000,Any
2025WSHP4683,Telecalling Sales & Marketing,marketing,entry-level / student,Remote,5000,5000,Any
2025WSHP4684,Digital Marketing & Content,marketing,entry-level / student,Remote,3000,3000,Any
2025WSHP4685,Marketing And Sales Support Executive,marketing,entry-level / student,Bangalore,8000,10000,Any
2025WSHP4686,Software Development,software development,entry-level / student,Remote,10000,10000,Any
2025WSHP4687,Mechanical Engineering,mechanical engineering,entry-level / student,Jaipur,7000,15000,Any
2025WSHP4688,Web Development,web development,entry-level / student,Chennai,10000,15000,Any
2025WSHP4689,Graphic Design,design,entry-level / student,Mumbai,14000,16000,Any
2025WSHP4690,Editorial,editorial,entry-level / student,Noida,10000,13000,Any
2025WSHP4691,Search Engine Optimization (SEO),marketing,entry-level / student,Pune,4000,5000,MBA
2025WSHP4692,Business Development (Sales),business development (sales),entry-level / student,Bangalore,9000,112000,Any
2025WSHP4693,AI Agent Development,machine learning / ai,entry-level / student,Chennai,30000,40000,Any
2025WSHP4694,Social Media Marketing,marketing,entry-level / student,Jaipur,8000,15000,MBA
2025WSHP4695,Planning,planning,entry-level / student,Noida,0,0,B.Tech
2025WSHP4696,Volunteering,volunteering,entry-level / student,Remote,1500,15000,Any
2025WSHP4697,Canva Presentation Designer ( PPT),design,entry-level / student,Remote,1500,1500,Any
2025WSHP4698,Pharmaceutical,pharmaceutical,entry-level / student,Pune,7000,12500,MBA
2025WSHP4699,Interior Design,design,entry-level / student,Bangalore,8000,10000,Any
2025WSHP4700,Digital Marketing,marketing,entry-level / student,Thane,8000,10000,MBA
2025WSHP4701,Software Developer,software developer,entry-level / student,Bangalore,18000,25000,Any
2025WSHP4702,Media & Public Relations (PR),media & public relations (pr),entry-level / student,Delhi,5000,8000,Any
2025WSHP4703,Design – Hospitality Equipment & Omakase Project,frontend development,entry-level / student,Delhi,10000,12000,Any
2025WSHP4704,Data Entry,data entry,entry-level / student,Mumbai,5000,10000,MBA
2025WSHP4705,Doubt Solving (Inorganic Chemistry),doubt solving (inorganic chemistry),entry-level / student,Remote,11000,11000,Any
2025WSHP4706,Data Entry,data entry,entry-level / student,Delhi,2000,8000,Any
2025WSHP4707,Business Development (Sales),business development (sales),entry-level / student,Bangalore,15000,18000,Any
2025WSHP4708,Sales,sales,entry-level / student,Remote,15000,21000,Any
2025WSHP4709,Cloud Computing,cloud computing,entry-level / student,Chennai,30000,40000,Any
2025WSHP4710,Blockchain Development,machine learning / ai,entry-level / student,Mumbai,7000,8000,Any
2025WSHP4711,Content and Social Media Marketing,marketing,entry-level / student,Gurgaon,7500,7500,Any
2025WSHP4712,Sales and Marketing,marketing,entry-level / student,Pune,5000,10000,Any
2025WSHP4713,Field Sales,field sales,entry-level / student,Chennai,30000,40000,Any
2025WSHP4714,Marketing,marketing,entry-level / student,Jaipur,5000,7000,Any
2025WSHP4715,Operations & Support Executive,operations & support executive,entry-level / student,Remote,4000,5000,Any
2025WSHP4716,Graphic Design,design,entry-level / student,Delhi,5000,7000,Any
2025WSHP4717,Graphic Design,design,entry-level / student,Faridabad,5000,15000,Any
2025WSHP4718,Video Editing/Making,video editing/making,entry-level / student,Remote,3000,5000,Any
2025WSHP4719,Social Media Marketing,marketing,entry-level / student,Hyderabad,2000,2001,Any
2025WSHP4720,Talent Acquisition,frontend development,entry-level / student,Thane,10000,12000,MBA
2025WSHP4721,Digital Marketing,marketing,entry-level / student,Gurgaon,25000,50000,Any
2025WSHP4722,Video Editing/Making,video editing/making,entry-level / student,Bangalore,15000,15000,Any
2025WSHP4723,Business Development (Sales),business development (sales),entry-level / student,Remote,8000,59000,Any
2025WSHP4724,Digital Marketing,marketing,entry-level / student,Kolkata,9000,13000,Any
2025WSHP4725,Human Resources (HR),human resources (hr),entry-level / student,Delhi,3000,5000,Any
2025WSHP4726,Business Development (Sales),business development (sales),entry-level / student,Delhi,15000,20000,Any
2025WSHP4727,Human Resources (HR),human resources (hr),entry-level / student,Bangalore,15000,20000,Any
2025WSHP4728,Content and Social Media Marketing,marketing,entry-level / student,Remote,3000,5000,Any
2025WSHP4729,Sales and Marketing,marketing,entry-level / student,Mumbai,10000,12000,Any
2025WSHP4730,HR Recruitment,frontend development,entry-level / student,Remote,0,0,Any
2025WSHP4731,Digital Marketing,marketing,entry-level / student,Remote,4000,5000,Any
2025WSHP4732,Social Media Marketing,marketing,entry-level / student,Remote,3000,5000,Any
2025WSHP4733,Video Editing/Making,video editing/making,entry-level / student,Remote,10000,10000,Any
2025WSHP4734,Graphic Design,design,entry-level / student,Mumbai,7000,10000,Any
2025WSHP4735,Mobile App Development,mobile development,entry-level / student,Remote,10000,10000,Any
2025WSHP4736,Software Engineering,software engineering,entry-level / student,Chennai,10000,15000,Any
2025WSHP4737,Human Resources (HR),human resources (hr),entry-level / student,Noida,10000,15000,MBA
2025WSHP4738,Financial Analyst,financial analyst,entry-level / student,Remote,9000,12000,Any
2025WSHP4739,E-Commerce Business Management,e-commerce business management,entry-level / student,Remote,3000,3501,Any
2025WSHP4740,Business Development (Sales),business development (sales),entry-level / student,Chennai,12000,14500,Any
2025WSHP4741,Motion & Graphics Design,design,entry-level / student,Remote,10000,10000,Any
2025WSHP4742,Content and Social Media Marketing,marketing,entry-level / student,Mumbai,3000,5000,MBA
2025WSHP4743,Operations,operations,entry-level / student,Delhi,20001,50000,Any
2025WSHP4744,Product Media Specialist,product media specialist,entry-level / student,Bangalore,10000,15000,Any
2025WSHP4745,Business Strategy,business strategy,entry-level / student,Remote,1000,1001,Any
2025WSHP4746,ReactJS Development,reactjs development,entry-level / student,Remote,4000,7000,Any
2025WSHP4747,Python Development,python development,entry-level / student,Chennai,20000,30000,Any
2025WSHP4748,Cyber Security,cyber security,entry-level / student,Delhi,5000,5000,B.Tech
2025WSHP4749,Administration,administration,entry-level / student,Mumbai,9000,14000,Any
2025WSHP4750,Content and Social Media Marketing,marketing,entry-level / student,Remote,15000,25000,Any
2025WSHP4751,Content and Social Media Marketing,marketing,entry-level / student,Delhi,6000,15000,Any
2025WSHP4752,Social Media Marketing,marketing,entry-level / student,Kolkata,5000,10000,Any
2025WSHP4753,Sales,sales,entry-level / student,Remote,27000,47000,Any
2025WSHP4754,E-commerce Associate,e-commerce associate,entry-level / student,Remote,1000,1500,Any
2025WSHP4755,Law/Legal,law/legal,entry-level / student,Remote,0,0,Any
2025WSHP4756,Sales and Marketing,marketing,entry-level / student,Agra,15000,65000,MBA
2025WSHP4757,Search Engine Optimization (SEO),marketing,entry-level / student,Jaipur,6000,10000,Any
2025WSHP4758,Digital Marketing,marketing,entry-level / student,Kolkata,5000,8000,Any
2025WSHP4759,Web Development,web development,entry-level / student,Remote,0,0,Any
2025WSHP4760,Digital Content Creator,digital content creator,entry-level / student,Gurgaon,14000,15000,Any
2025WSHP4761,Research,research,entry-level / student,Remote,0,0,Any
2025WSHP4762,Nothing,nothing,entry-level / student,Not Available,0,0,Any
2025WSHP4763,Human Resources (HR),human resources (hr),entry-level / student,Hyderabad,15000,20000,Any
2025WSHP4764,Sales and Marketing,marketing,entry-level / student,Gurgaon,13000,16000,Any
2025WSHP4765,Stock Market Technical Analyst,stock market technical analyst,entry-level / student,Thane,6000,20000,Any
2025WSHP4766,Java Development,java development,entry-level / student,Remote,10000,10000,Any
2025WSHP4767,Content and Social Media Marketing,marketing,entry-level / student,Mumbai,4000,10000,Any
2025WSHP4768,Content and Social Media Marketing,marketing,entry-level / student,Delhi,4000,8000,Any
2025WSHP4769,Business Development (Sales),business development (sales),entry-level / student,Pune,10000,12000,Any
2025WSHP4770,Graphic Design,design,entry-level / student,Bangalore,5000,10000,Any
2025WSHP4771,Nothing,nothing,entry-level / student,Not Available,0,0,Any
2025WSHP4772,Growth & Operations,growth & operations,entry-level / student,Faridabad,15000,20000,Any
2025WSHP4773,iOS App Development,mobile development,entry-level / student,Remote,8000,10000,Any
2025WSHP4774,Marketing,marketing,entry-level / student,Thane,6000,8000,MBA
2025WSHP4775,Brand & Events Associate,brand & events associate,entry-level / student,Delhi,5000,15000,Any
2025WSHP4776,Sales and Marketing,marketing,entry-level / student,Kolkata,5000,10000,Any
2025WSHP4777,Facebook Marketing,marketing,entry-level / student,Jaipur,8000,35000,Any
2025WSHP4778,Digital Marketing,marketing,entry-level / student,Pune,6500,10000,Any
2025WSHP4779,Inside Sales,inside sales,entry-level / student,Hyderabad,5000,10000,Any
2025WSHP4780,WordPress Development,wordpress development,entry-level / student,Jaipur,5000,10000,Any
2025WSHP4781,Gaming Sales,gaming sales,entry-level / student,Remote,5000,7000,Any
2025WSHP4782,Graphic Design,design,entry-level / student,Remote,20000,20000,Any
2025WSHP4783,Business Development (Sales),business development (sales),entry-level / student,Bangalore,7000,10000,Any
2025WSHP4784,Digital Marketing,marketing,entry-level / student,Chennai,4000,9000,Any
2025WSHP4785,Digital Marketing,marketing,entry-level / student,Delhi,10000,12000,Any
2025WSHP4786,Content and Social Media Marketing,marketing,entry-level / student,Remote,4000,7000,Any
2025WSHP4787,Paid Media Executive,machine learning / ai,entry-level / student,Remote,12000,15000,Any
2025WSHP4788,Business Development (Sales),business development (sales),entry-level / student,Delhi,8000,12000,Any
2025WSHP4789,Logistics Marketing & Business Development,marketing,entry-level / student,Mumbai,6000,10000,Any
2025WSHP4790,International Business Development Executive,international business development executive,entry-level / student,Remote,10000,10000,Any
2025WSHP4791,Business Development (Sales),business development (sales),entry-level / student,Bangalore,13000,25000,Any
2025WSHP4792,Business Development Associate,business development associate,entry-level / student,Remote,7000,15000,Any
2025WSHP4793,Human Resources (HR),human resources (hr),entry-level / student,Pune,7500,15000,Any
2025WSHP4794,sales,sales,entry-level / student,Chennai,8000,15000,Any
2025WSHP4795,CA Internship Program 2025 – Finance Intern,ca internship program 2025 – finance intern,entry-level / student,Mumbai,0,0,Any
2025WSHP4796,Fashion Design,design,entry-level / student,Gurgaon,10000,12000,Any
2025WSHP4797,Account Manager,account manager,entry-level / student,Remote,22026,30837,Any
2025WSHP4798,Video Editing/Making,video editing/making,entry-level / student,Delhi,5000,5000,Any
2025WSHP4799,Web And Mobile Apps Development,mobile development,entry-level / student,Remote,17000,30000,Any
2025WSHP4800,Digital Marketing,marketing,entry-level / student,Pune,5999,6000,Any
2025WSHP4801,Business Development (Sales),business development (sales),entry-level / student,Remote,6000,15000,Any
2025WSHP4802,Content Writing,content writing,entry-level / student,Gurgaon,15000,20000,Any
2025WSHP4803,Graphic Design,design,entry-level / student,Chennai,8000,12000,Any
2025WSHP4804,Content and Social Media Marketing,marketing,entry-level / student,Noida,7000,10000,Any
2025WSHP4805,Recruitment,frontend development,entry-level / student,Delhi,10000,13000,Any
2025WSHP4806,GenAI Engineer,machine learning / ai,entry-level / student,Remote,15000,15000,Any
2025WSHP4807,Interior Design,design,entry-level / student,Gurgaon,7000,10000,Any
2025WSHP4808,City Coordinator (Bangalore),city coordinator (bangalore),entry-level / student,Bangalore,16000,30000,Any
2025WSHP4809,Video Editing/Making,video editing/making,entry-level / student,Bangalore,6000,16000,Any
2025WSHP4810,Auditing & Accounting,auditing & accounting,entry-level / student,Bangalore,8000,10000,Any
2025WSHP4811,CAD Design,design,entry-level / student,Delhi,3000,10000,Any
2025WSHP4812,Graphic Design,design,entry-level / student,Bangalore,10000,20000,Any
2025WSHP4813,HR Generalist,hr generalist,entry-level / student,Remote,2000,2000,Any
2025WSHP4814,Service Engineer,service engineer,entry-level / student,Coimbatore,8000,12000,MBA
2025WSHP4815,UGC Content Making,ugc content making,entry-level / student,Remote,5000,5000,Any
2025WSHP4816,Machine Learning,machine learning / ai,entry-level / student,Remote,5000,6000,Any
2025WSHP4817,Software Development Engineering (Web),software development engineering (web),entry-level / student,Remote,8000,12000,Any
2025WSHP4818,Selenium Automation Developer,selenium automation developer,entry-level / student,Remote,6000,6500,Any
2025WSHP4819,Interior Design,design,entry-level / student,Remote,10000,10000,Any
2025WSHP4820,Campus Ambassador,campus ambassador,entry-level / student,Remote,0,0,Any
2025WSHP4821,Client/Partner Engagement & Insights,client/partner engagement & insights,entry-level / student,Noida,10000,15000,Any
2025WSHP4822,Administration,administration,entry-level / student,Delhi,10000,20000,Any
2025WSHP4823,Telesales,telesales,entry-level / student,Remote,3000,3000,Any
2025WSHP4824,Digital Marketing,marketing,entry-level / student,Remote,5000,5000,Any
2025WSHP4825,Business Development (Sales),business development (sales),entry-level / student,Remote,4000,10000,MBA
2025WSHP4826,Business Development (Sales),business development (sales),entry-level / student,Thane,9500,10000,Any
2025WSHP4827,Business Development,business development,entry-level / student,Remote,10000,15000,Any
2025WSHP4828,Human Resources (HR),human resources (hr),entry-level / student,Kolkata,5000,7000,MBA
2025WSHP4829,International Business Development,international business development,entry-level / student,Remote,33000,45000,Any
2025WSHP4830,Telecalling,telecalling,entry-level / student,Mumbai,5000,15000,Any
2025WSHP4831,Embedded System Engineer,embedded system engineer,entry-level / student,Mumbai,2000,15000,Any
2025WSHP4832,Corporate Sales,corporate sales,entry-level / student,Thane,9500,10000,Any
2025WSHP4833,Telecalling,telecalling,entry-level / student,Mohali,12000,15000,Any
2025WSHP4834,Content and Social Media Marketing,marketing,entry-level / student,Noida,10000,15000,Any
2025WSHP4835,Content Writing,content writing,entry-level / student,Bangalore,8000,8000,Any
2025WSHP4836,Nothing,nothing,entry-level / student,Not Available,0,0,Any
2025WSHP4837,Field Sales,field sales,entry-level / student,Bangalore,7500,15000,Any
2025WSHP4838,Data Entry,data entry,entry-level / student,Chennai,10000,25000,Any
2025WSHP4839,Accounting,accounting,entry-level / student,Remote,15000,20000,Any
2025WSHP4840,Executive Assistant To Founder,executive assistant to founder,entry-level / student,Remote,5001,10000,Any
2025WSHP4841,Automation Testing,automation testing,entry-level / student,Remote,8000,10000,Any
2025WSHP4842,MIS,mis,entry-level / student,Mumbai,15000,15000,Any
2025WSHP4843,Interim Engineering Intern – Hardware,interim engineering intern – hardware,entry-level / student,Bangalore,0,0,Any
2025WSHP4844,Female(Teaching & Classroom Management),female(teaching & classroom management),entry-level / student,Delhi,4000,7000,Any
2025WSHP4845,UI/UX Web Designer,frontend development,entry-level / student,Remote,2000,3000,Any
2025WSHP4846,Inside Sales,inside sales,entry-level / student,Chennai,6000,9000,Any
2025WSHP4847,Graphic Design,design,entry-level / student,Noida,5000,10000,Any
2025WSHP4848,Video Editing,video editing,entry-level / student,Mumbai,8000,12000,Any
2025WSHP4849,Creative Design,design,entry-level / student,Chennai,5000,8001,Any
2025WSHP4850,Interior Design,design,entry-level / student,Mumbai,4000,6000,Any
2025WSHP4851,Campus Ambassador,campus ambassador,entry-level / student,Ahmedabad,0,0,MBA
2025WSHP4852,Brand Management,brand management,entry-level / student,Chennai,20000,35000,Any
2025WSHP4853,Graphic Design,design,entry-level / student,Remote,10000,18000,Any
2025WSHP4854,Social Media Marketing,marketing,entry-level / student,Noida,10000,12000,Any
2025WSHP4855,Videography,videography,entry-level / student,Faridabad,12000,15000,Any
2025WSHP4856,Campus Ambassador,campus ambassador,entry-level / student,Ahmedabad,0,0,B.Com
2025WSHP4857,Agriculture & Food Engineering,agriculture & food engineering,entry-level / student,Chennai,30000,40000,Any
2025WSHP4858,Business Analytics,business analytics,entry-level / student,Hyderabad,15000,20000,Any
2025WSHP4859,Backend Development,backend development,entry-level / student,Remote,15000,20000,Any
2025WSHP4860,Fashion Stylist (Creative & Shoot Planning),fashion stylist (creative & shoot planning),entry-level / student,Jaipur,5000,12000,Diploma
2025WSHP4861,Field Executive,field executive,entry-level / student,Kolkata,10000,15000,Any
2025WSHP4862,Business Development (Sales),business development (sales),entry-level / student,Chennai,17000,35000,MBA
2025WSHP4863,Project Management,project management,entry-level / student,Remote,7000,8000,Any
2025WSHP4864,Market Research ( female only) - field work,market research ( female only) - field work,entry-level / student,Delhi,8000,15000,Any
2025WSHP4865,Nothing,nothing,entry-level / student,Not Available,0,0,Any
2025WSHP4866,Content Writing,content writing,entry-level / student,Mumbai,7500,10000,Any
2025WSHP4867,Video Editing/Making,video editing/making,entry-level / student,Remote,3000,3000,Any
2025WSHP4868,UI/UX Design,frontend development,entry-level / student,Remote,5000,5000,Any
2025WSHP4869,Social Entrepreneurship,social entrepreneurship,entry-level / student,Remote,1000,4500,Any
2025WSHP4870,Social Media Marketing,marketing,entry-level / student,Noida,10000,10000,Any
2025WSHP4871,Data Analytics,data analytics,entry-level / student,Remote,2000,2000,Any
2025WSHP4872,Student Networking,student networking,entry-level / student,Remote,3000,15000,Any
2025WSHP4873,Telecalling,telecalling,entry-level / student,Hyderabad,15000,15000,Any
2025WSHP4874,Accounts,accounts,entry-level / student,Delhi,5000,7000,Any
2025WSHP4875,Fundraising,machine learning / ai,entry-level / student,Hyderabad,0,0,Any
2025WSHP4876,Telecalling,telecalling,entry-level / student,Remote,4000,8000,Any
2025WSHP4877,Telecalling,telecalling,entry-level / student,Remote,2000,2000,Any
2025WSHP4878,Business Development (Sales),business development (sales),entry-level / student,Bangalore,15000,15000,Any
2025WSHP4879,Business Development (Sales),business development (sales),entry-level / student,Noida,7000,15000,Any
2025WSHP4880,Nothing,nothing,entry-level / student,Not Available,0,0,Any
2025WSHP4881,Creative Writing,creative writing,entry-level / student,Mumbai,8000,15000,Any
2025WSHP4882,Digital Marketing,marketing,entry-level / student,Gurgaon,10000,15000,Any
2025WSHP4883,Human Resources (HR),human resources (hr),entry-level / student,Pune,4000,6000,MBA
2025WSHP4884,Full Stack Development,full stack development,entry-level / student,Remote,5000,10000,Any
2025WSHP4885,Social Media Manager,marketing,entry-level / student,Remote,2000,2000,Any
2025WSHP4886,Volunteering,volunteering,entry-level / student,Remote,0,0,Any
2025WSHP4887,Car Advisor,car advisor,entry-level / student,Pune,17000,20000,Any
2025WSHP4888,Cyber Security,cyber security,entry-level / student,Remote,3000,5000,Any
2025WSHP4889,Sales And Marketing Associate,marketing,entry-level / student,Delhi,3200,24000,Any
2025WSHP4890,Telecalling,telecalling,entry-level / student,Pune,9000,14000,Any
2025WSHP4891,Graphic Design,design,entry-level / student,Delhi,10000,15000,Any
2025WSHP4892,Video Editing/Making,video editing/making,entry-level / student,Delhi,10000,20000,Any
2025WSHP4893,Lead Generation,lead generation,senior / experienced,Remote,4000,5000,Any
2025WSHP4894,HR,hr,entry-level / student,Delhi,2000,5000,Any
2025WSHP4895,Campus Ambassador,campus ambassador,entry-level / student,Ahmedabad,0,0,MBA
2025WSHP4896,Business Development (Sales),business development (sales),entry-level / student,Remote,1000,10001,Any
2025WSHP4897,E-Commerce Business Management,e-commerce business management,entry-level / student,Jaipur,13000,17000,Any
2025WSHP4898,Pharmaceutical,pharmaceutical,entry-level / student,Gurgaon,8000,15000,Any
2025WSHP4899,Field Sales Executive,field sales executive,entry-level / student,Mumbai,12500,27500,Any
2025WSHP4900,Business Development (Sales),business development (sales),entry-level / student,Remote,1000,1000,Any
2025WSHP4901,Graphic Design,design,entry-level / student,Remote,1000,1001,Any
2025WSHP4902,Digital Marketing,marketing,entry-level / student,Remote,2000,2000,Any
2025WSHP4903,Sales and Marketing,marketing,entry-level / student,Delhi,10000,18000,Any
2025WSHP4904,Procurement,procurement,entry-level / student,Chennai,8500,11000,Any
2025WSHP4905,Sales And Marketing Associate,marketing,entry-level / student,Delhi,3200,24000,Any
2025WSHP4906,Marketing & Outreach,marketing,entry-level / student,Remote,5000,15000,Any
2025WSHP4907,CMA Articleship,cma articleship,entry-level / student,Pune,5000,8000,Any
2025WSHP4908,AI Agent Development,machine learning / ai,entry-level / student,Mumbai,8000,10000,Any
2025WSHP4909,Product Market Fit Testing,product market fit testing,entry-level / student,Remote,1000,1000,Any
2025WSHP4910,Hospitality,hospitality,entry-level / student,Mumbai,13000,15000,Any
2025WSHP4911,Inside Sales,inside sales,entry-level / student,Pune,12000,18000,MBA
2025WSHP4912,Digital Marketing,marketing,entry-level / student,Ghaziabad,5000,10000,Any
2025WSHP4913,Tax Preparation Officer,tax preparation officer,entry-level / student,Remote,2500,36000,Any
2025WSHP4914,Architecture,architecture,senior / experienced,Remote,3000,5000,Any
2025WSHP4915,Project Management,project management,entry-level / student,Noida,7000,7000,Any
2025WSHP4916,Social Media Strategist,marketing,entry-level / student,Remote,5000,5000,Any
2025WSHP4917,Human Resources (HR),human resources (hr),entry-level / student,Remote,0,0,Any
2025WSHP4918,UAV Design,design,entry-level / student,Mumbai,5000,7000,Any
2025WSHP4919,Marketing,marketing,entry-level / student,Thane,5000,5000,MBA
2025WSHP4920,Sales and Marketing,marketing,entry-level / student,Remote,3000,5000,Any
2025WSHP4921,Buddy Counselor,buddy counselor,entry-level / student,Bangalore,7000,10000,Any
2025WSHP4922,Influencer Marketing,marketing,entry-level / student,Delhi,5000,5000,Any
2025WSHP4923,Inside Sales,inside sales,entry-level / student,Jaipur,13500,24000,Any
2025WSHP4924,Social Work Coordinator,social work coordinator,entry-level / student,Delhi,5000,5000,MBA
2025WSHP4925,Business Development (Sales),business development (sales),entry-level / student,Delhi,3000,65000,Any
2025WSHP4926,Digital Marketing,marketing,entry-level / student,Mumbai,5000,10000,Any
2025WSHP4927,Business Development (Sales),business development (sales),entry-level / student,Remote,1000,10001,Any
2025WSHP4928,Graphic Design,design,entry-level / student,Remote,0,0,Any
2025WSHP4929,AWS DevOps Engineer,devops / infrastructure,entry-level / student,Indore,5000,5000,Any
2025WSHP4930,Telecalling,telecalling,entry-level / student,Remote,12000,15000,Any
2025WSHP4931,Media & Public Relations (PR),media & public relations (pr),entry-level / student,Mumbai,5000,7000,Any
2025WSHP4932,Interim Engineering Intern (Software),interim engineering intern (software),entry-level / student,Bangalore,0,0,Any
2025WSHP4933,Sales and Marketing,marketing,entry-level / student,Remote,5000,10000,Any
2025WSHP4934,ERP Software Training,machine learning / ai,entry-level / student,Noida,10000,12000,Any
2025WSHP4935,Photography,photography,entry-level / student,Noida,5000,10000,Any
2025WSHP4936,Human Resources (HR),human resources (hr),entry-level / student,Delhi,10000,15000,Any
2025WSHP4937,Online Piano Tutoring,online piano tutoring,entry-level / student,Remote,1000,8000,Any
2025WSHP4938,Android App Development,mobile development,entry-level / student,Pimpri-Chinchwad,10000,17000,Any
2025WSHP4939,HR & Marketing,marketing,entry-level / student,Remote,1000,1001,Any
2025WSHP4940,Project Management,project management,entry-level / student,Thane,12000,18000,MBA
2025WSHP4941,Video Editing/Making,video editing/making,entry-level / student,Delhi,8000,12000,Any
2025WSHP4942,UX/UI Design,frontend development,entry-level / student,Remote,18000,25000,Any
2025WSHP4943,Sales and Marketing,marketing,entry-level / student,Anantapur,25000,29000,Any
2025WSHP4944,Nothing,nothing,entry-level / student,Not Available,0,0,Any
2025WSHP4945,Placement,placement,entry-level / student,Mumbai,8000,8000,Any
2025WSHP4946,Full Stack Development,full stack development,entry-level / student,Delhi,15000,15000,Any
2025WSHP4947,Front Desk Executive,front desk executive,entry-level / student,Ghaziabad,5500,8000,Any
2025WSHP4948,Product Listing,product listing,entry-level / student,Remote,3000,4500,Any
2025WSHP4949,Marketing,marketing,entry-level / student,Remote,20000,25000,MBA
2025WSHP4950,Graphic Design,design,entry-level / student,Noida,10000,12000,Diploma
2025WSHP4951,Business Development (Sales),business development (sales),entry-level / student,Remote,5000,5000,Any
2025WSHP4952,Cold Calling (Pre Sales),cold calling (pre sales),entry-level / student,Remote,11500,11500,Any
2025WSHP4953,Book Marketing,marketing,entry-level / student,Remote,0,0,Any
2025WSHP4954,Artificial Intelligence (AI),machine learning / ai,entry-level / student,Remote,20000,55000,Any
2025WSHP4955,Content and Social Media Marketing,marketing,entry-level / student,Remote,2000,2500,Any
2025WSHP4956,N8N Developer,n8n developer,entry-level / student,Remote,18000,20000,Any
2025WSHP4957,Social Media Marketing,marketing,entry-level / student,Remote,2000,2500,Any
2025WSHP4958,Video Editing/Making,video editing/making,entry-level / student,Remote,1000,1100,Any
2025WSHP4959,Real Estate Inside Sales,real estate inside sales,entry-level / student,Mumbai,15000,15000,MBA
2025WSHP4960,Game Development,game development,entry-level / student,Remote,12000,15000,Any
2025WSHP4961,Content Writing,content writing,entry-level / student,Mumbai,10000,12000,Any
2025WSHP4962,Digital Marketing,marketing,entry-level / student,Hyderabad,15000,20000,Any
2025WSHP4963,Human Resources (HR),human resources (hr),entry-level / student,Mumbai,5000,8000,Any
2025WSHP4964,Data Entry - Hyderabad,data entry - hyderabad,entry-level / student,Secunderabad,55000,80000,Any
2025WSHP4965,Hardware & Firmware Engineer,hardware & firmware engineer,entry-level / student,Hyderabad,12000,12000,B.Tech
2025WSHP4966,Artificial Neural Networks,artificial neural networks,entry-level / student,Remote,1000,1200,Diploma
2025WSHP4967,Travel Sales,travel sales,entry-level / student,Remote,3000,8000,Any
2025WSHP4968,Executive Assistant,executive assistant,entry-level / student,Remote,12000,12000,Any
2025WSHP4969,Graphic Designer - Canva,design,entry-level / student,Remote,5000,15000,Any
2025WSHP4970,Law/Legal,law/legal,entry-level / student,Mumbai,15000,30000,Any
2025WSHP4971,Operations,operations,entry-level / student,Hyderabad,9000,10000,Any
2025WSHP4972,Field Sales,field sales,entry-level / student,Bangalore,9000,11000,Any
2025WSHP4973,Social Media Marketing,marketing,entry-level / student,Jaipur,10000,15000,Any
2025WSHP4974,Software Development,software development,entry-level / student,Remote,12000,15000,Any
2025WSHP4975,Luxury Marketing,frontend development,entry-level / student,Mumbai,5000,5500,Any
2025WSHP4976,Human Resources (HR),human resources (hr),entry-level / student,Jaipur,8000,10000,Any
2025WSHP4977,HR Consultant,hr consultant,entry-level / student,Remote,1000,2000,Any
2025WSHP4978,Nothing,nothing,entry-level / student,Not Available,0,0,Any
2025WSHP4979,Telecalling (Female),telecalling (female),entry-level / student,Noida,11000,18000,Any
2025WSHP4980,Administration,administration,entry-level / student,Pune,3000,3000,Any
2025WSHP4981,Content Creator Internship,content creator internship,entry-level / student,Remote,3000,7000,Any
2025WSHP4982,Business Analytics,business analytics,entry-level / student,Chennai,20000,30000,Any
2025WSHP4983,Sales and Marketing,marketing,entry-level / student,Bangalore,2000,5000,Any
2025WSHP4984,Business Development (Sales),business development (sales),entry-level / student,Remote,2500,3000,Any
2025WSHP4985,Product Management,product management,entry-level / student,Remote,8000,10000,Any
2025WSHP4986,Human Resources (HR),human resources (hr),entry-level / student,Delhi,5000,5001,Any
2025WSHP4987,Business Development (Sales),business development (sales),entry-level / student,Pune,10000,15000,Any
2025WSHP4988,Business Development (Sales),business development (sales),entry-level / student,Remote,10000,10000,Any
2025WSHP4989,Business Development (Sales),business development (sales),entry-level / student,Mumbai,8000,12000,Any
2025WSHP4990,Mathematics and Computing,mathematics and computing,entry-level / student,Noida,9000,12500,Any
2025WSHP4991,Sales and Marketing,marketing,entry-level / student,Gurgaon,4000,10000,Any
2025WSHP4992,Content Writing,content writing,entry-level / student,Remote,2000,2000,Any
2025WSHP4993,Telecalling,telecalling,entry-level / student,Pune,8000,12000,Any
2025WSHP4994,Social Media Marketing,marketing,entry-level / student,Remote,1000,1100,Any
2025WSHP4995,Video Editing/Making,video editing/making,entry-level / student,Remote,3000,12000,Any
2025WSHP4996,Management Trainee,machine learning / ai,entry-level / student,Remote,5000,5000,Any
2025WSHP4997,Human Resources (HR),human resources (hr),entry-level / student,Pune,6000,6000,Any
2025WSHP4998,Human Resources (HR),human resources (hr),entry-level / student,Mumbai,2500,35000,Any
2025WSHP4999,Digital Marketing,marketing,entry-level / student,Remote,3000,5000,Any
2025WSHP5000,ESG Platform Coordinator,esg platform coordinator,entry-level / student,Chennai,9000,15000,Any
2025WSHP5001,Python Development,python development,entry-level / student,Chennai,20000,30000,Any
2025WSHP5002,Business Development (Sales),business development (sales),entry-level / student,Delhi,6000,10000,Any
2025WSHP5003,Content and Social Media Marketing,marketing,entry-level / student,Chennai,20000,30000,Any
2025WSHP5004,Recruitment,frontend development,entry-level / student,Gurgaon,15001,20000,Any
2025WSHP5005,Content and Social Media Marketing,marketing,entry-level / student,Pune,12000,23500,Any
2025WSHP5006,Video Editing/Making,video editing/making,entry-level / student,Mumbai,2000,5000,MBA
2025WSHP5007,Content and Social Media Marketing,marketing,entry-level / student,Noida,12000,16000,Any
2025WSHP5008,Off Page SEO,marketing,entry-level / student,Remote,7001,10500,Any
2025WSHP5009,Performance Marketing,marketing,entry-level / student,Mumbai,4000,12000,Any
2025WSHP5010,Supply Chain & Logistics Operations,machine learning / ai,entry-level / student,Remote,10000,30000,Any
2025WSHP5011,Business Development (Sales),business development (sales),entry-level / student,Noida,2000,5000,MBA
2025WSHP5012,International Business Development,international business development,entry-level / student,Noida,4000,10000,Any
2025WSHP5013,Graphic Design,design,entry-level / student,Mumbai,10000,15000,Any
2025WSHP5014,Human Resources (HR),human resources (hr),entry-level / student,Mumbai,8000,10000,Any
2025WSHP5015,Computer Science (Research) Expert,computer science (research) expert,entry-level / student,Remote,6000,11000,Any
2025WSHP5016,Financial Markets Research,financial markets research,entry-level / student,Mumbai,2000,2001,Any
2025WSHP5017,Business Development Trainee,machine learning / ai,entry-level / student,Bangalore,13000,20000,Any
2025WSHP5018,UX/UI Design,frontend development,entry-level / student,Mumbai,6001,6502,Any
2025WSHP5019,Content and Social Media Marketing,marketing,entry-level / student,Remote,5000,7000,Any
2025WSHP5020,Digital Marketing Outreach,marketing,entry-level / student,Delhi,5000,7000,Any
2025WSHP5021,Marketing,marketing,entry-level / student,Kolkata,5000,7000,Any
2025WSHP5022,Business Research,business research,entry-level / student,Remote,7500,15000,Any
2025WSHP5023,Audio Recording Expert (Native Telugu Speakers),audio recording expert (native telugu speakers),entry-level / student,Remote,1000,1000,Any
2025WSHP5024,Digital Marketing,marketing,entry-level / student,Remote,1000,1001,Any
2025WSHP5025,sales,sales,entry-level / student,Chennai,18000,25000,Any
2025WSHP5026,Business Development (Sales),business development (sales),entry-level / student,Remote,1000,1000,Any
2025WSHP5027,Marketing,marketing,entry-level / student,Noida,10000,12000,Any
2025WSHP5028,Sales and Marketing,marketing,entry-level / student,Delhi,2000,3000,Any
2025WSHP5029,Cloud Computing,cloud computing,entry-level / student,Chennai,20000,25000,Any
2025WSHP5030,Product Owner,product owner,entry-level / student,Gurgaon,8000,8001,MBA
2025WSHP5031,Nothing,nothing,entry-level / student,Not Available,0,0,Any
2025WSHP5032,Full Stack Development,full stack development,entry-level / student,Remote,15000,25000,Any
2025WSHP5033,iOS App Development,mobile development,entry-level / student,Chennai,25000,35000,Any
2025WSHP5034,Graphic Design,design,entry-level / student,Bangalore,3000,7500,Any
2025WSHP5035,Content Writer-MBA-Career Launcher,content writer-mba-career launcher,entry-level / student,Delhi,9000,10000,Any
2025WSHP5036,sales,sales,entry-level / student,Gurgaon,10000,10000,Any
2025WSHP5037,Nothing,nothing,entry-level / student,Not Available,0,0,Any
2025WSHP5038,SME Mathematics,sme mathematics,entry-level / student,Remote,5000,5000,Any
2025WSHP5039,Social Media,marketing,entry-level / student,Mumbai,7000,10000,Any
2025WSHP5040,Human Resources (HR),human resources (hr),entry-level / student,Jaipur,7000,10000,Any
2025WSHP5041,Project Management,project management,entry-level / student,Mumbai,10000,12000,Any
2025WSHP5042,Technical SEO Manager,marketing,entry-level / student,Remote,2000,2700,Any
2025WSHP5043,Legal Content Curator (Judiciary Mains Question Bank),machine learning / ai,entry-level / student,Remote,6000,8000,Any
2025WSHP5044,Business Development (Sales),business development (sales),entry-level / student,Thane,16000,20000,MBA
2025WSHP5045,Law/Legal,law/legal,entry-level / student,Noida,7000,7000,Any
2025WSHP5046,Accounting & Taxation,accounting & taxation,entry-level / student,Mumbai,5000,7000,Any
2025WSHP5047,Business Development (Sales),business development (sales),entry-level / student,Delhi,8000,30000,Any
2025WSHP5048,Campus CEO,campus ceo,entry-level / student,Remote,3500,30000,Any
2025WSHP5049,Jewellery Designer,design,entry-level / student,Jaipur,5000,7000,Diploma
2025WSHP5050,Nothing,nothing,entry-level / student,Not Available,0,0,Any
2025WSHP5051,Video Editing/Making,video editing/making,entry-level / student,Delhi,3000,9000,Any
2025WSHP5052,Content and Social Media Marketing,marketing,entry-level / student,Bangalore,2000,10000,Any
2025WSHP5053,Telecalling,telecalling,entry-level / student,Remote,7000,7000,Any
2025WSHP5054,Accounts,accounts,entry-level / student,Noida,15000,18000,Any
2025WSHP5055,Web Development,web development,entry-level / student,Bangalore,10000,10000,Any
2025WSHP5056,Commodity Technical Research Analyst - Stock Market,commodity technical research analyst - stock marke,entry-level / student,Thane,6000,60000,Any
2025WSHP5057,Marketing,marketing,entry-level / student,Chennai,6000,10000,Any
2025WSHP5058,Student Community,student community,entry-level / student,Remote,34000,46000,Any
2025WSHP5059,Content and Social Media Marketing,marketing,entry-level / student,Chennai,20000,30000,Any
2025WSHP5060,Digital Marketing,marketing,entry-level / student,Remote,2500,4000,Any
2025WSHP5061,Graphic Design And Video Editing,design,entry-level / student,Remote,8000,10000,Any
2025WSHP5062,CS Articleship,cs articleship,entry-level / student,Mumbai,10000,20000,Any
2025WSHP5063,Customer Operations,customer operations,entry-level / student,Delhi,8000,12000,Any
2025WSHP5064,Content and Social Media Marketing,marketing,entry-level / student,Remote,2000,2000,Any
2025WSHP5065,Creative Design,design,entry-level / student,Bangalore,0,0,Any
2025WSHP5066,Video Editing/Making,video editing/making,entry-level / student,Gurgaon,15000,15000,Any
2025WSHP5067,Recruitment,frontend development,entry-level / student,Remote,6000,18000,Any
2025WSHP5068,Mobile App Development,mobile development,entry-level / student,Remote,10000,20000,Any
2025WSHP5069,Sales and Marketing,marketing,entry-level / student,Remote,12000,15000,Any
2025WSHP5070,Field Sales,field sales,entry-level / student,Delhi,2500,8000,Any
2025WSHP5071,Social Entrepreneurship,social entrepreneurship,entry-level / student,Remote,1500,8000,Any
2025WSHP5072,Telecalling Assistant Coordinator,telecalling assistant coordinator,entry-level / student,Remote,1000,10000,Any
2025WSHP5073,iOS App Development,mobile development,entry-level / student,Chennai,25000,35000,Any
2025WSHP5074,Graphic Design,design,entry-level / student,Noida,15000,20000,Any
2025WSHP5075,Nothing,nothing,entry-level / student,Not Available,0,0,Any
2025WSHP5076,Sales and Marketing,marketing,entry-level / student,Hyderabad,35000,118000,Any
2025WSHP5077,Social Media Marketing,marketing,entry-level / student,Remote,2500,3000,Any
2025WSHP5078,Video Editing/Making,video editing/making,entry-level / student,Remote,4000,9000,Any
2025WSHP5079,Marketing,marketing,entry-level / student,Bangalore,15000,15001,Any
2025WSHP5080,Video Editing/Making,video editing/making,entry-level / student,Remote,5000,10000,Any
2025WSHP5081,Digital Marketing,marketing,entry-level / student,Delhi,10000,15000,Any
2025WSHP5082,Grant Writer (Remote),grant writer (remote),entry-level / student,Remote,0,0,Any
2025WSHP5083,Content and Social Media Marketing,marketing,entry-level / student,Remote,15000,22500,Any
2025WSHP5084,Graphic Design,design,entry-level / student,Remote,5000,10000,Any
2025WSHP5085,Social Impact,social impact,entry-level / student,Remote,1500,15000,Any
2025WSHP5086,Digital Marketing,marketing,entry-level / student,Hyderabad,8000,12000,Any
2025WSHP5087,E-Commerce Marketing,marketing,entry-level / student,Delhi,10000,15000,Any
2025WSHP5088,Sales and Marketing,marketing,entry-level / student,Mumbai,8000,10000,Any
2025WSHP5089,Graphic Designer,design,entry-level / student,Remote,0,0,Any
2025WSHP5090,Backend Development,backend development,entry-level / student,Gurgaon,35000,50000,Any
2025WSHP5091,Apparel Merchandising,apparel merchandising,entry-level / student,Delhi,5000,8000,Any
2025WSHP5092,Web Development,web development,entry-level / student,Remote,15000,15000,Any
2025WSHP5093,Founders Office,founders office,entry-level / student,Remote,20000,30000,Any
2025WSHP5094,Full Stack Development,full stack development,entry-level / student,Chennai,12000,15000,Any
2025WSHP5095,Flutter Development,mobile development,entry-level / student,Remote,1000,1000,Any
2025WSHP5096,Social Media Marketing,marketing,entry-level / student,Mumbai,8000,8000,Any
2025WSHP5097,Marketing,marketing,entry-level / student,Remote,8000,8000,Any
2025WSHP5098,Full-Time Virtual Assistant – Email Outreach & LinkedIn Engagement,machine learning / ai,entry-level / student,Remote,15000,35000,Any
2025WSHP5099,Chemical Engineering & Biotechnology,chemical engineering & biotechnology,entry-level / student,Pune,2000,2500,MBA
2025WSHP5100,Influencer Outreach & Brand Engagement Internship (Content Creation Using AI Tools),machine learning / ai,entry-level / student,Remote,8000,10000,Any
2025WSHP5101,Video Editing/Making,video editing/making,entry-level / student,Kolkata,7000,15000,Any
2025WSHP5102,Sales Associate,sales associate,entry-level / student,Delhi,8000,12000,Any
2025WSHP5103,Social Media Marketing,marketing,entry-level / student,Mumbai,5000,10000,Any
2025WSHP5104,sales,sales,entry-level / student,Gurgaon,10001,20000,Any
2025WSHP5105,Digital Marketing,marketing,entry-level / student,Remote,3000,3000,Any
2025WSHP5106,Online Master Level Advanced Econometrics Tutoring,online master level advanced econometrics tutoring,entry-level / student,Remote,1000,8000,Any
2025WSHP5107,Marketing,marketing,entry-level / student,Remote,25000,30000,Any
2025WSHP5108,Business Development (Sales),business development (sales),entry-level / student,Mumbai,8000,10000,Any
2025WSHP5109,Business Development (Sales),business development (sales),entry-level / student,Noida,5000,15000,Any
2025WSHP5110,Telecalling (Odia & Bengali),telecalling (odia & bengali),entry-level / student,Remote,8000,8000,Any
2025WSHP5111,Video Editing/Making,video editing/making,entry-level / student,Remote,9000,12000,Any
2025WSHP5112,Full Stack Development,full stack development,entry-level / student,Remote,5000,5000,Any
2025WSHP5113,Backend Developer,backend development,entry-level / student,Pune,20000,20000,Any
2025WSHP5114,Digital Marketing,marketing,entry-level / student,Bangalore,5000,19000,Any
2025WSHP5115,Product Management,product management,entry-level / student,Remote,10000,15000,MBA
2025WSHP5116,Search Engine Optimization (SEO),marketing,entry-level / student,Delhi,5000,6000,Any
2025WSHP5117,Human Resources (HR),human resources (hr),entry-level / student,Remote,8000,8001,Any
2025WSHP5118,Stock Market Technical Analyst,stock market technical analyst,entry-level / student,Thane,6000,20000,Any
2025WSHP5119,Business Development (Sales),business development (sales),entry-level / student,Jaipur,9000,17000,Any
2025WSHP5120,Administration Associate,administration associate,entry-level / student,Bangalore,12000,12000,Any
2025WSHP5121,Nothing,nothing,entry-level / student,Not Available,0,0,Any
2025WSHP5122,Founders Office,founders office,entry-level / student,Pune,12500,15000,Any
2025WSHP5123,Business Development (Sales),business development (sales),entry-level / student,Bangalore,15001,15002,Any
2025WSHP5124,Artificial Intelligence (AI),machine learning / ai,entry-level / student,Remote,6500,11000,Any
2025WSHP5125,Event Management,event management,entry-level / student,Chennai,5000,10000,Any
2025WSHP5126,Graphic Design,design,entry-level / student,Jaipur,5000,10000,Any
2025WSHP5127,WordPress Development,wordpress development,entry-level / student,Remote,10000,10000,Any
2025WSHP5128,Computer Vision,machine learning / ai,entry-level / student,Remote,25000,30000,Any
2025WSHP5129,sales,sales,entry-level / student,Pune,10001,15000,MBA
2025WSHP5130,General Management,general management,entry-level / student,Kolkata,4000,6000,Any
2025WSHP5131,Business Development (Sales),business development (sales),entry-level / student,Chennai,10000,12000,MBA
2025WSHP5132,Digital Marketing,marketing,entry-level / student,Noida,4000,4000,Any
2025WSHP5133,Operations,operations,entry-level / student,Pune,7000,12000,Any
2025WSHP5134,Tech,tech,entry-level / student,Gurgaon,7500,15000,Any
2025WSHP5135,HR Consultant,hr consultant,entry-level / student,Mumbai,5000,10000,Any
2025WSHP5136,Administration,administration,entry-level / student,Pune,7500,13000,Any
2025WSHP5137,Social Media Content Creation,marketing,entry-level / student,Remote,20000,25000,Any
2025WSHP5138,Educational Consultant,educational consultant,entry-level / student,Chennai,20000,35000,Any
2025WSHP5139,Data Engineering Mentor,data engineering mentor,entry-level / student,Remote,5000,7000,Any
2025WSHP5140,Finance,finance,entry-level / student,Chennai,2000,5000,Any
2025WSHP5141,Fashion Design And Merchandising,design,entry-level / student,Jaipur,2000,5000,Any
2025WSHP5142,Customer Service/Customer Support,customer service/customer support,entry-level / student,Noida,17000,21000,Any
2025WSHP5143,Data Entry,data entry,entry-level / student,Chennai,10000,25000,Any
2025WSHP5144,Full Stack Development,full stack development,entry-level / student,Remote,18000,18000,Any
2025WSHP5145,Brand Management,brand management,entry-level / student,Delhi,4000,6000,Any
2025WSHP5146,Media & Public Relations (PR),media & public relations (pr),entry-level / student,Delhi,5000,7000,Any
2025WSHP5147,Video Creator,video creator,entry-level / student,Chennai,2001,25000,Any
2025WSHP5148,Business Development (Sales),business development (sales),entry-level / student,Remote,5000,7000,Any
2025WSHP5149,Graphic Design,design,entry-level / student,Kolkata,6000,6500,Any
2025WSHP5150,Sales and Marketing,marketing,entry-level / student,Remote,0,0,Any
2025WSHP5151,Artificial Intelligence Fellowship,artificial intelligence fellowship,entry-level / student,Remote,2000,2000,Any
2025WSHP5152,UI/UX Design,frontend development,entry-level / student,Remote,2000,2000,Any
2025WSHP5153,Telecalling,telecalling,entry-level / student,Remote,4000,4000,Any
2025WSHP5154,Nothing,nothing,entry-level / student,Not Available,0,0,Any
2025WSHP5155,Corporate Sales,corporate sales,entry-level / student,Thane,15000,15000,MBA
2025WSHP5156,Social Media Manager,marketing,entry-level / student,Noida,12000,18000,Any
2025WSHP5157,Video Editing/Making,video editing/making,entry-level / student,Remote,5000,5000,Any
2025WSHP5158,Data Analytics,data analytics,entry-level / student,Mumbai,25000,35000,Any
2025WSHP5159,Software Development,software development,entry-level / student,Chennai,30000,40000,Any
2025WSHP5160,Telecalling,telecalling,entry-level / student,Gurgaon,2000,5000,Any
2025WSHP5161,Nothing,nothing,entry-level / student,Not Available,0,0,Any
2025WSHP5162,Social Media Marketing,marketing,entry-level / student,Mumbai,7500,7500,Any
2025WSHP5163,Architecture,architecture,senior / experienced,Chennai,17000,25000,Any
2025WSHP5164,Digital Marketing,marketing,entry-level / student,Noida,5000,10000,Any
2025WSHP5165,Digital Marketing,marketing,entry-level / student,Pune,5000,10000,Any
2025WSHP5166,Lead Generation,lead generation,senior / experienced,Remote,8000,20000,Any
2025WSHP5167,Graphic Design,design,entry-level / student,Hyderabad,10000,10000,Any
2025WSHP5168,Operations,operations,entry-level / student,Remote,1100,1500,Any
2025WSHP5169,Virtual Assistant,virtual assistant,entry-level / student,Remote,3000,6000,Any
2025WSHP5170,Research & Lead Generation Intern,research & lead generation intern,senior / experienced,Remote,3000,6000,Any
2025WSHP5171,Graphic Design,design,entry-level / student,Mumbai,10000,150000,Any
2025WSHP5172,Full Stack Development,full stack development,entry-level / student,Remote,25000,30000,Any
2025WSHP5173,Marketing & Design (LinkedIn & Outreach),marketing,entry-level / student,Remote,2000,5000,Any
2025WSHP5174,Journalism,journalism,entry-level / student,Remote,9000,15000,Any
2025WSHP5175,Marketing,marketing,entry-level / student,Gurgaon,10000,15000,Any
2025WSHP5176,Human Resources (HR),human resources (hr),entry-level / student,Remote,2000,3000,Any
2025WSHP5177,Shadow Entrepreneurship,shadow entrepreneurship,entry-level / student,Remote,7000,11000,Any
2025WSHP5178,Relationship Manager,relationship manager,entry-level / student,Remote,2000,2000,Any
2025WSHP5179,Travel Consultant,travel consultant,entry-level / student,Kolkata,15000,15000,Any
2025WSHP5180,Marketing,marketing,entry-level / student,Remote,1000,1000,Any
2025WSHP5181,WordPress Development,wordpress development,entry-level / student,Remote,2500,4000,Any
2025WSHP5182,Marketing,marketing,entry-level / student,Chennai,6000,10000,Any
2025WSHP5183,Fashion Design,design,entry-level / student,Delhi,7000,12000,Any
2025WSHP5184,AWS Devops,devops / infrastructure,entry-level / student,Remote,15000,15000,Any
2025WSHP5185,Product Management,product management,entry-level / student,Bangalore,10000,10000,Any
2025WSHP5186,Front End Development,front end development,entry-level / student,Remote,8000,15000,Any
2025WSHP5187,Business Development (Sales),business development (sales),entry-level / student,Mumbai,6000,15000,Any
2025WSHP5188,EdTech Customer Support And Operations,edtech customer support and operations,entry-level / student,Remote,7000,7000,Any
2025WSHP5189,Web Development,web development,entry-level / student,Remote,7500,15000,Any
2025WSHP5190,Founders Office,founders office,entry-level / student,Remote,7000,7000,Any
2025WSHP5191,Social Media Marketing,marketing,entry-level / student,Pune,5000,5000,Any
2025WSHP5192,Client Acquisition,frontend development,entry-level / student,Remote,3000,3000,Any
2025WSHP5193,Content Writing,content writing,entry-level / student,Jaipur,10000,20000,Any
2025WSHP5194,Nothing,nothing,entry-level / student,Not Available,0,0,Any
2025WSHP5195,Digital Marketing,marketing,entry-level / student,Coimbatore,8000,10000,Any
2025WSHP5196,Content and Social Media Marketing,marketing,entry-level / student,Jaipur,8000,14000,Any
2025WSHP5197,Marathi Audio Recording Experts (Native Speakers),marathi audio recording experts (native speakers),entry-level / student,Remote,1000,1500,Any
2025WSHP5198,Digital Marketing,marketing,entry-level / student,Remote,12000,16000,Any
2025WSHP5199,Talent Acquisition,frontend development,entry-level / student,Thane,12000,15000,Any
2025WSHP5200,Social Media Marketing,marketing,entry-level / student,Remote,5000,5000,Any
2025WSHP5201,Content and Social Media Marketing,marketing,entry-level / student,Kolkata,10000,10000,Any
2025WSHP5202,Travel Consultant,travel consultant,entry-level / student,Remote,40000,60000,Any
2025WSHP5203,Corporate Sales,corporate sales,entry-level / student,Delhi,10000,15000,Any
2025WSHP5204,Advertising & Performance Marketing Associate,marketing,entry-level / student,Remote,10000,10000,Any
2025WSHP5205,Technical Content Writer,technical content writer,entry-level / student,Jaipur,8000,15000,Any
2025WSHP5206,Community And Social Media Manager,marketing,entry-level / student,Bangalore,8000,8000,Any
2025WSHP5207,Telecalling,telecalling,entry-level / student,Noida,10000,20000,Any
2025WSHP5208,Mechanical Engineering,mechanical engineering,entry-level / student,Delhi,10000,15000,Any
2025WSHP5209,Product Management,product management,entry-level / student,Remote,4001,4501,Any
2025WSHP5210,Digital Merchandiser Intern,digital merchandiser intern,entry-level / student,Bangalore,0,0,Any
2025WSHP5211,Content and Social Media Marketing,marketing,entry-level / student,Pune,17000,35000,Any
2025WSHP5212,Digital Marketing,marketing,entry-level / student,Remote,3000,3500,Any
2025WSHP5213,Research Analyst (Non-Tech),research analyst (non-tech),entry-level / student,Bangalore,15000,25000,Any
2025WSHP5214,Graphic Design,design,entry-level / student,Jaipur,11000,11000,Any
2025WSHP5215,Accounting & Taxation,accounting & taxation,entry-level / student,Thane,4000,8000,Any
2025WSHP5216,Field Associate,field associate,entry-level / student,Delhi,8000,13000,Any
2025WSHP5217,Video Editing/Making,video editing/making,entry-level / student,Remote,4500,5000,Any
2025WSHP5218,Human Resources (HR),human resources (hr),entry-level / student,Mumbai,7000,10000,Any
2025WSHP5219,Influencer Marketing,marketing,entry-level / student,Delhi,5000,10000,Any
2025WSHP5220,Campus Ambassador,campus ambassador,entry-level / student,Delhi,0,0,Any
2025WSHP5221,Social Media Marketing,marketing,entry-level / student,Delhi,5000,15000,Any
2025WSHP5222,Field Sales,field sales,entry-level / student,Gurgaon,20000,135000,Any
2025WSHP5223,Human Resources (HR),human resources (hr),entry-level / student,Delhi,8000,10000,Any
2025WSHP5224,Social Media Marketing,marketing,entry-level / student,Thane,12000,12000,Any
2025WSHP5225,Chemistry Teacher,chemistry teacher,entry-level / student,Jaipur,7000,8000,Any
2025WSHP5226,Digital Marketing & Sales Coordinator,marketing,entry-level / student,Bangalore,8000,10000,Any
2025WSHP5227,E-Commerce Operations,e-commerce operations,entry-level / student,Bangalore,10000,15000,Any
2025WSHP5228,Subject Matter Expert (Mechanical Engineering),subject matter expert (mechanical engineering),entry-level / student,Remote,9000,12000,Any
2025WSHP5229,Business Development (Sales),business development (sales),entry-level / student,Indore,6000,12000,Any
2025WSHP5230,Digital Marketing,marketing,entry-level / student,Pitampura,10000,12000,Any
2025WSHP5231,Data Entry,data entry,entry-level / student,Remote,1000,3000,Any
2025WSHP5232,Machine Learning,machine learning / ai,entry-level / student,Remote,10000,25000,Any
2025WSHP5233,Finance & Accounting,finance & accounting,entry-level / student,Gurgaon,10000,10001,Any
2025WSHP5234,Campus Ambassador,campus ambassador,entry-level / student,Chennai,0,0,Any
2025WSHP5235,Graphic Design,design,entry-level / student,Bangalore,25000,35000,Any
2025WSHP5236,Marketing,marketing,entry-level / student,Delhi,8000,12000,Any
2025WSHP5237,Social Media Marketing,marketing,entry-level / student,Delhi,8000,12000,MBA
2025WSHP5238,Female Content Creator,female content creator,entry-level / student,Delhi,10000,18000,Any
2025WSHP5239,Backend Operation,backend development,entry-level / student,Hyderabad,8000,10000,Any
2025WSHP5240,Nothing,nothing,entry-level / student,Not Available,0,0,Any
2025WSHP5241,DTH Business Management,dth business management,entry-level / student,Mumbai,5000,5000,MBA
2025WSHP5242,Chartered Accountancy (CA),chartered accountancy (ca),entry-level / student,Mumbai,7000,7500,MBA
2025WSHP5243,Graphic Design,design,entry-level / student,Gurgaon,10000,15000,Any
2025WSHP5244,Online Pharmacology (BSc)Tutoring,online pharmacology (bsc)tutoring,entry-level / student,Remote,1000,8000,Any
2025WSHP5245,Data Science Mentor,data science / analytics,entry-level / student,Remote,10000,10000,Any
2025WSHP5246,Human Resources (HR),human resources (hr),entry-level / student,Bangalore,10000,12000,Any
2025WSHP5247,Operations,operations,entry-level / student,Delhi,10000,15000,Any
2025WSHP5248,Product Management,product management,entry-level / student,Remote,0,0,Any
2025WSHP5249,Customer Service/Customer Support,customer service/customer support,entry-level / student,Noida,5000,7000,Any
2025WSHP5250,Business Development Associate Trainee,machine learning / ai,entry-level / student,Bangalore,12000,15000,Any
2025WSHP5251,Content and Social Media Marketing,marketing,entry-level / student,Jaipur,16000,24000,Any
2025WSHP5252,Content Coordinator,content coordinator,entry-level / student,Remote,5000,5000,Any
2025WSHP5253,MIS,mis,entry-level / student,Thane,9500,10000,Any
2025WSHP5254,Inside Sales,inside sales,entry-level / student,Mumbai,15000,15000,Any
2025WSHP5255,SAP,sap,entry-level / student,Chennai,20000,30000,Any
2025WSHP5256,MLA Office,machine learning / ai,entry-level / student,Delhi,5000,10000,Any
2025WSHP5257,Influencer Outreach,influencer outreach,entry-level / student,Remote,1000,5000,MBA
2025WSHP5258,Content and Social Media Marketing,marketing,entry-level / student,Delhi,10000,12500,Any
2025WSHP5259,AI Video Processing,machine learning / ai,entry-level / student,Chennai,4000,5000,Any
2025WSHP5260,Digital Marketing,marketing,entry-level / student,Remote,5000,5000,Any
2025WSHP5261,Blogging,blogging,entry-level / student,Chennai,30000,40000,Any
2025WSHP5262,Social Media Marketing,marketing,entry-level / student,Gurgaon,5000,10000,Any
2025WSHP5263,Recruitment,frontend development,entry-level / student,Mumbai,5000,7000,Any
2025WSHP5264,Graphic Design,design,entry-level / student,Remote,5000,5000,Any
2025WSHP5265,Learning and Development,learning and development,entry-level / student,Remote,10000,15000,Any
2025WSHP5266,Front End Development,front end development,entry-level / student,Remote,0,0,Any
2025WSHP5267,Video Editing/Making,video editing/making,entry-level / student,Kolkata,5000,7000,Any
2025WSHP5268,Digital Marketing,marketing,entry-level / student,Remote,30000,50000,Any
2025WSHP5269,Business Development (Sales),business development (sales),entry-level / student,Delhi,7000,27000,Any
2025WSHP5270,Data Analyst,data science / analytics,entry-level / student,Bangalore,17500,20500,Any
2025WSHP5271,Teaching,teaching,entry-level / student,Delhi,8000,8000,Any
2025WSHP5272,Graphic Design,design,entry-level / student,Gurgaon,25000,30000,Any
2025WSHP5273,Brand Marketing,marketing,entry-level / student,Delhi,3000,5000,Any
2025WSHP5274,Operations & Editorial Coordinator,operations & editorial coordinator,entry-level / student,Mumbai,5000,15000,MBA
2025WSHP5275,Site Engineering - Interior Design,design,entry-level / student,Chennai,30000,40000,Any
2025WSHP5276,Full Stack Development,full stack development,entry-level / student,Remote,10000,15000,Any
2025WSHP5277,Video Editing/Making,video editing/making,entry-level / student,Remote,2000,4000,Any
2025WSHP5278,Web Development,web development,entry-level / student,Remote,2000,5000,Any
2025WSHP5279,Data Entry,data entry,entry-level / student,Remote,16000,37000,Any
2025WSHP5280,Digital Marketing,marketing,entry-level / student,Mumbai,5000,12000,Any
2025WSHP5281,Marketing / Sales,marketing,entry-level / student,Noida,4000,6500,MBA
2025WSHP5282,Motion Graphics,design,entry-level / student,Remote,1000,2000,Any
2025WSHP5283,Human Resources (HR),human resources (hr),entry-level / student,Noida,7000,7000,Any
2025WSHP5284,Human Resources (HR),human resources (hr),entry-level / student,Delhi,10000,15000,Any
2025WSHP5285,Interior Design,design,entry-level / student,Bangalore,10001,20000,B.A
2025WSHP5286,Graphic Design,design,entry-level / student,Mumbai,5000,10000,Any
2025WSHP5287,sales,sales,entry-level / student,Bangalore,18000,30000,Any
2025WSHP5288,AI Software Engineering (Generative AI & Emerging Technologies),machine learning / ai,entry-level / student,Remote,6000,8000,Any
2025WSHP5289,Social Media Marketing,marketing,entry-level / student,Remote,1000,2000,Any
2025WSHP5290,Digital Marketing,marketing,entry-level / student,Jaipur,7000,10000,Any
2025WSHP5291,Business Development (Sales),business development (sales),entry-level / student,Remote,1000,1001,Any
2025WSHP5292,Motion Graphics,design,entry-level / student,Remote,20000,85000,Any
2025WSHP5293,Event Management,event management,entry-level / student,Chennai,5000,10000,Any
2025WSHP5294,Video Editing/Making,video editing/making,entry-level / student,Bangalore,30000,35000,Any
2025WSHP5295,Interior Design,design,entry-level / student,Pune,25000,40000,MBA
2025WSHP5296,Field Sales,field sales,entry-level / student,Pune,2100,2300,MBA
2025WSHP5297,Artificial Intelligence (AI),machine learning / ai,entry-level / student,Delhi,20000,25000,Any
2025WSHP5298,Video Editing/Making,video editing/making,entry-level / student,Jaipur,5000,6000,Any
2025WSHP5299,Full Stack Development,full stack development,entry-level / student,Remote,8500,17000,Any
2025WSHP5300,Equity Analyst,frontend development,entry-level / student,Jaipur,2000,2000,Any
2025WSHP5301,Prompt Engineering,prompt engineering,entry-level / student,Remote,10000,15000,Any
2025WSHP5302,NGO Internship – Climate & Sustainability Campaign,machine learning / ai,entry-level / student,Remote,0,0,Any
2025WSHP5303,Social Media Marketing,marketing,entry-level / student,Delhi,205000,308000,Any
2025WSHP5304,Human Resources (HR),human resources (hr),entry-level / student,Mumbai,10000,10000,Any
2025WSHP5305,Business Development (Sales),business development (sales),entry-level / student,Remote,3000,3000,Any
2025WSHP5306,Educational Consultant,educational consultant,entry-level / student,Chennai,20000,35000,Any
2025WSHP5307,Employer Branding,employer branding,entry-level / student,Mumbai,10000,15000,Any
2025WSHP5308,Business Research,business research,entry-level / student,Jaipur,5000,10000,Any
2025WSHP5309,Media & Public Relations (PR),media & public relations (pr),entry-level / student,Gurgaon,5000,10000,Any
2025WSHP5310,Digital Marketing,marketing,entry-level / student,Bangalore,9000,13000,Any
2025WSHP5311,AI Agent Development,machine learning / ai,entry-level / student,Remote,1000,3000,Any
2025WSHP5312,Sales and Marketing,marketing,entry-level / student,Remote,5000,5000,Any
2025WSHP5313,Technical Product Management,technical product management,entry-level / student,Remote,4000,4000,Any
2025WSHP5314,Fashion Design,design,entry-level / student,Delhi,5000,12000,Any
2025WSHP5315,Experience Partners (Sales),experience partners (sales),entry-level / student,Pune,10000,20000,MBA
2025WSHP5316,Law/Legal,law/legal,entry-level / student,Remote,0,0,Any
2025WSHP5317,Recruitment Consultant,frontend development,entry-level / student,Pune,7000,7000,Any
2025WSHP5318,Human Resources (HR),human resources (hr),entry-level / student,Pune,5000,7500,Any
2025WSHP5319,ADS SCRIPT WRITER,ads script writer,entry-level / student,Remote,5000,8000,Any
2025WSHP5320,Operations,operations,entry-level / student,Delhi,5000,10000,MBA
2025WSHP5321,Book Publishing Process Management,book publishing process management,entry-level / student,Remote,4000,5000,Any
2025WSHP5322,Energy Science and Engineering,energy science and engineering,entry-level / student,Bangalore,5000,7500,Any
2025WSHP5323,Talent Acquisition,frontend development,entry-level / student,Gurgaon,15000,22000,Any
2025WSHP5324,Social Research,social research,entry-level / student,Remote,0,0,Any
2025WSHP5325,Marketing,marketing,entry-level / student,Remote,2000,2000,Any
2025WSHP5326,Front End Development,front end development,entry-level / student,Jaipur,5000,10000,Any
2025WSHP5327,Social Media Marketing,marketing,entry-level / student,Delhi,8000,12000,MBA
2025WSHP5328,Social Media Marketing,marketing,entry-level / student,Mumbai,2000,4000,Any
2025WSHP5329,E-Commerce Listing,e-commerce listing,entry-level / student,Noida,13000,20000,Any
2025WSHP5330,Content and Social Media Marketing,marketing,entry-level / student,Mumbai,5000,15000,Any
2025WSHP5331,Finance & Accounting,finance & accounting,entry-level / student,Mumbai,8000,15000,MBA
2025WSHP5332,Hr Recruiter (Remote),frontend development,entry-level / student,Remote,1000,5000,Any
2025WSHP5333,WordPress Development,wordpress development,entry-level / student,Remote,4000,8000,Any
2025WSHP5334,Customer Service/Customer Support,customer service/customer support,entry-level / student,Jaipur,3000,5000,Any
2025WSHP5335,Content and Social Media Marketing,marketing,entry-level / student,Pune,12000,23500,Any
2025WSHP5336,Visual Design,design,entry-level / student,Remote,2500,4500,Any
2025WSHP5337,Digital Visibility Management,digital visibility management,entry-level / student,Remote,2000,2500,Any
2025WSHP5338,Sales Development Representative,sales development representative,entry-level / student,Chennai,12000,18000,Any
2025WSHP5339,ECommerce Merchandising,ecommerce merchandising,entry-level / student,Pune,5000,8000,Any
2025WSHP5340,Content and Social Media Marketing,marketing,entry-level / student,Delhi,5000,8000,Any
2025WSHP5341,Community Management,community management,entry-level / student,Remote,1500,15000,Any
2025WSHP5342,React Native Developer,mobile development,entry-level / student,Remote,15000,15000,Any
2025WSHP5343,Graphic Design,design,entry-level / student,Chakan,4000,5000,Any
2025WSHP5344,Java Development,java development,entry-level / student,Chennai,20000,30000,Any
2025WSHP5345,Nothing,nothing,entry-level / student,Not Available,0,0,Any
2025WSHP5346,Human Resources (HR),human resources (hr),entry-level / student,Delhi,10000,15000,Any
2025WSHP5347,Corporate Sales,corporate sales,entry-level / student,Remote,5000,20000,Any
2025WSHP5348,Product Design,design,entry-level / student,Bangalore,3000,5000,Any
2025WSHP5349,Cloud Computing,cloud computing,entry-level / student,Chennai,30000,40000,Any
2025WSHP5350,Project Management,project management,entry-level / student,Bangalore,5000,5000,Any
2025WSHP5351,Nothing,nothing,entry-level / student,Not Available,0,0,Any
2025WSHP5352,Executive Assistant,executive assistant,entry-level / student,Gurgaon,15000,15000,Any
2025WSHP5353,Company Secretary (CS),company secretary (cs),entry-level / student,Hyderabad,15000,15000,Any
2025WSHP5354,Human Resources (HR),human resources (hr),entry-level / student,Pune,7000,10000,Any
2025WSHP5355,Summer Analyst – Compliance Division,summer analyst – compliance division,entry-level / student,Bangalore,0,0,Any
2025WSHP5356,Store Fashion Consultant,store fashion consultant,entry-level / student,Bangalore,25000,45000,Any
2025WSHP5357,Graphic Design,design,entry-level / student,Remote,3000,3000,Any
2025WSHP5358,Blockchain Development,machine learning / ai,entry-level / student,Remote,20000,30000,Any
2025WSHP5359,Digital Marketing,marketing,entry-level / student,Noida,15000,15000,Any
2025WSHP5360,Influencer Marketing,marketing,entry-level / student,Bangalore,10000,12000,Any
2025WSHP5361,Business Development (Sales),business development (sales),entry-level / student,Mumbai,12000,25000,MBA
2025WSHP5362,AI Research,machine learning / ai,entry-level / student,Remote,8000,10000,Any
2025WSHP5363,Online Marketing,marketing,entry-level / student,Remote,4000,8000,Any
2025WSHP5364,Corporate Sales,corporate sales,entry-level / student,Pune,12000,18000,MBA
2025WSHP5365,Digital Marketing,marketing,entry-level / student,Mumbai,7500,10000,Any
2025WSHP5366,Administration,administration,entry-level / student,Bangalore,5000,10000,Any
2025WSHP5367,Graphic Designing– ChocoCraft,design,entry-level / student,Delhi,14999,15000,Any
2025WSHP5368,Business Development (Sales),business development (sales),entry-level / student,Mumbai,6000,22000,Any
2025WSHP5369,Accounting,accounting,entry-level / student,Mumbai,8000,10000,Any
2025WSHP5370,Human Resources Manager,human resources manager,entry-level / student,Remote,7000,7000,Any
2025WSHP5371,Business Development (Sales),business development (sales),entry-level / student,Remote,5500,20000,Any
2025WSHP5372,Business Development (Sales),business development (sales),entry-level / student,Remote,10000,30001,Any
2025WSHP5373,Graphic Design,design,entry-level / student,Remote,10000,10002,Any
2025WSHP5374,Digital Marketing,marketing,entry-level / student,Delhi,6000,8000,Any
2025WSHP5375,Graphic Design,design,entry-level / student,Noida,7000,10000,Any
2025WSHP5376,Video Editing/Making,video editing/making,entry-level / student,Noida,8000,10000,Any
2025WSHP5377,Animation,animation,entry-level / student,Chennai,30000,40000,Any
2025WSHP5378,Graphic Designer/Video Editor,design,entry-level / student,Remote,3000,6000,Any
2025WSHP5379,Business Development Management (Incubation Alliances),business development management (incubation allian,entry-level / student,Remote,10000,10001,Any
2025WSHP5380,Stock Market Analyst,stock market analyst,entry-level / student,Remote,1000,1100,Any
2025WSHP5381,Content Writing,content writing,entry-level / student,Remote,0,0,Any
2025WSHP5382,Business Development (Sales),business development (sales),entry-level / student,Hyderabad,5100,12000,Any
2025WSHP5383,Associate Consultant,associate consultant,entry-level / student,Chennai,20000,35000,Any
2025WSHP5384,Web Development,web development,entry-level / student,Remote,1000,1200,Diploma
2025WSHP5385,AWS DevOps Engineer,devops / infrastructure,entry-level / student,Remote,5000,13000,Any
2025WSHP5386,Research In Mental Health,research in mental health,entry-level / student,Remote,0,0,Any
2025WSHP5387,Human Resources (HR),human resources (hr),entry-level / student,Noida,5000,10000,Any
2025WSHP5388,Digital Marketing,marketing,entry-level / student,Delhi,7000,12000,Any
2025WSHP5389,Media & Public Relations (PR),media & public relations (pr),entry-level / student,Remote,3000,7000,Any
2025WSHP5390,Business Development (Sales),business development (sales),entry-level / student,Mumbai,15000,15001,Any
2025WSHP5391,Architecture,architecture,senior / experienced,Bangalore,4000,5000,B.A
2025WSHP5392,Business Development (Sales),business development (sales),entry-level / student,Noida,16000,18000,Any
2025WSHP5393,Content Creator,content creator,entry-level / student,Remote,8000,8000,Any
2025WSHP5394,Dietetics/Nutrition,dietetics/nutrition,entry-level / student,Delhi,18000,25000,Any
2025WSHP5395,Social Media Marketing,marketing,entry-level / student,Delhi,3000,5000,Any
2025WSHP5396,Graphic Design,design,entry-level / student,Remote,3000,5000,Any
2025WSHP5397,Digital Marketing,marketing,entry-level / student,Manesar,8000,10000,Any
2025WSHP5398,Content Writing,content writing,entry-level / student,Delhi,10000,15000,Any
2025WSHP5399,Machine Learning (Tier 1 University),machine learning / ai,entry-level / student,Remote,15000,25000,Any
2025WSHP5400,Marketing,marketing,entry-level / student,Remote,7000,10000,Any
2025WSHP5401,Volunteering,volunteering,entry-level / student,Gurgaon,0,0,Any
2025WSHP5402,Marketing,marketing,entry-level / student,Remote,35000,35000,Any
2025WSHP5403,Brand Launch Lead (Project Manager),brand launch lead (project manager),senior / experienced,Remote,5000,25000,Any
2025WSHP5404,Business Development (Sales),business development (sales),entry-level / student,Bangalore,8000,10000,Any
2025WSHP5405,Marketing Associate (Field),marketing,entry-level / student,Secunderabad,11800,11800,Any
2025WSHP5406,Digital Marketing,marketing,entry-level / student,Mumbai,6000,8000,Any
2025WSHP5407,Social Media,marketing,entry-level / student,Remote,15000,16000,Any
2025WSHP5408,Search Engine Optimization (SEO),marketing,entry-level / student,Gurgaon,10000,15000,Any
2025WSHP5409,Campus Ambassador,campus ambassador,entry-level / student,Remote,0,0,Any
2025WSHP5410,Business Development (Sales),business development (sales),entry-level / student,Remote,3000,5000,Any
2025WSHP5411,Nothing,nothing,entry-level / student,Not Available,0,0,Any
2025WSHP5412,Nothing,nothing,entry-level / student,Not Available,0,0,Any
2025WSHP5413,Telecalling,telecalling,entry-level / student,Mumbai,3001,3502,Any
2025WSHP5414,Content and Social Media Marketing,marketing,entry-level / student,Remote,2000,4000,Any
2025WSHP5415,Travel & Tourism,travel & tourism,entry-level / student,Faridabad,8000,10000,Any
2025WSHP5416,Brand Management,brand management,entry-level / student,Remote,5000,5001,Any
2025WSHP5417,Creative Design,design,entry-level / student,Remote,3000,5000,Any
2025WSHP5418,Assistant Project Manager,assistant project manager,entry-level / student,Mumbai,12500,20000,Any
2025WSHP5419,Teaching,teaching,entry-level / student,Noida,6000,12000,Any
2025WSHP5420,Content Writing,content writing,entry-level / student,Remote,6001,8002,Any
2025WSHP5421,Campus Ambassador,campus ambassador,entry-level / student,Chennai,0,0,Any
2025WSHP5422,Content and Social Media Marketing,marketing,entry-level / student,Remote,0,0,Any
2025WSHP5423,Human Resources (HR),human resources (hr),entry-level / student,Delhi,8000,8000,Any
2025WSHP5424,Partnerships & Outreach,partnerships & outreach,entry-level / student,Bhubaneswar,8000,15000,Any
2025WSHP5425,Digital Marketing,marketing,entry-level / student,Bangalore,5000,10000,Any
2025WSHP5426,Social Media Marketing,marketing,entry-level / student,Delhi,6000,15000,Any
2025WSHP5427,Policy Research,policy research,entry-level / student,Remote,5000,9000,Any
2025WSHP5428,Talent Acquisition,frontend development,entry-level / student,Noida,12000,15000,Any
2025WSHP5429,Founders Office,founders office,entry-level / student,Remote,6000,8000,Any
2025WSHP5430,Social Media Marketing,marketing,entry-level / student,Remote,1000,1000,Any
2025WSHP5431,Customer Service/Customer Support,customer service/customer support,entry-level / student,Delhi,7000,10000,Any
2025WSHP5432,Operations,operations,entry-level / student,Delhi,10000,15000,Any
2025WSHP5433,sales,sales,entry-level / student,Pune,12000,30000,Any
2025WSHP5434,Volunteering,volunteering,entry-level / student,Remote,1500,15000,Any
2025WSHP5435,Business Development (Sales),business development (sales),entry-level / student,Remote,4000,5000,Any
2025WSHP5436,Marketing,marketing,entry-level / student,Pune,5000,5000,Any
2025WSHP5437,Influencer Marketing,marketing,entry-level / student,Chennai,20000,30000,Any
2025WSHP5438,Market Research Data,market research data,entry-level / student,Delhi,10000,15000,Any
2025WSHP5439,Business Analytics Fellowship,business analytics fellowship,entry-level / student,Remote,4000,4000,Any
2025WSHP5440,Admin & HR,admin & hr,entry-level / student,Mumbai,10000,15000,Any
2025WSHP5441,Social Media Marketing,marketing,entry-level / student,Pune,10000,12000,Any
2025WSHP5442,Database Building/Management,frontend development,entry-level / student,Chennai,30000,40000,Any
2025WSHP5443,Fashion Stylist For Shoots,fashion stylist for shoots,entry-level / student,Mumbai,6000,14000,Any
2025WSHP5444,Mechanical Design,design,entry-level / student,Chennai,10000,15000,Any
2025WSHP5445,Business Development (Sales),business development (sales),entry-level / student,Remote,8000,12000,B.Tech
2025WSHP5446,Business Development (Sales),business development (sales),entry-level / student,Remote,2000,5000,Any
2025WSHP5447,Ai,machine learning / ai,entry-level / student,Hyderabad,5000,7000,Any
2025WSHP5448,Market Researcher,market researcher,entry-level / student,Remote,20000,25000,Any
2025WSHP5449,Digital Marketing,marketing,entry-level / student,Delhi,4000,5000,Any
2025WSHP5450,Social Media Marketing,marketing,entry-level / student,Thane,6000,8000,MBA
2025WSHP5451,Hotel Management (Food & Beverage Production),hotel management (food & beverage production),entry-level / student,Hyderabad,14000,15000,Any
2025WSHP5452,WordPress Development,wordpress development,entry-level / student,Pune,5999,6000,Diploma
2025WSHP5453,Video Editing/Making,video editing/making,entry-level / student,Remote,5000,5000,Any
2025WSHP5454,Game Development,game development,entry-level / student,Delhi,15000,20000,Any
2025WSHP5455,Graphic Design,design,entry-level / student,Gurgaon,10000,15000,Any
2025WSHP5456,Volunteering,volunteering,entry-level / student,Remote,1000,5000,Any
2025WSHP5457,UI/UX Design,frontend development,entry-level / student,Remote,10000,25000,Any
2025WSHP5458,Photography,photography,entry-level / student,Mumbai,10000,10000,Any
2025WSHP5459,Computer Vision,machine learning / ai,entry-level / student,Remote,1000,1500,Diploma
2025WSHP5460,Sales & Outreach – Ghumo Jaipur Promotions,machine learning / ai,entry-level / student,Jaipur,10000,13000,Any
2025WSHP5461,Sales and Marketing,marketing,entry-level / student,Remote,15000,40000,Any
2025WSHP5462,Marketing Associate,marketing,entry-level / student,Remote,1500,15000,Any
2025WSHP5463,Video Editing/Making,video editing/making,entry-level / student,Remote,2000,2000,Any
2025WSHP5464,Fashion Styling,fashion styling,entry-level / student,Amritsar,3000,11000,MBA
2025WSHP5465,Media & Public Relations (PR),media & public relations (pr),entry-level / student,Remote,10000,15000,Any
2025WSHP5466,Operation And Project Management(Electrical/Mechanical  Engineer),operation and project management(electrical/mechan,entry-level / student,Pune,7000,10000,Any
2025WSHP5467,Graphic Design,design,entry-level / student,Mumbai,10000,10000,Any
2025WSHP5468,Journalism,journalism,entry-level / student,Chennai,2000,6000,Any
2025WSHP5469,Human Resources (HR),human resources (hr),entry-level / student,Mumbai,5000,5000,Any
2025WSHP5470,Digital Marketing,marketing,entry-level / student,Noida,5000,7000,Any
2025WSHP5471,Content and Social Media Marketing,marketing,entry-level / student,Delhi,7000,15000,Any
2025WSHP5472,Business Development (Sales),business development (sales),entry-level / student,Mumbai,25000,25000,Any
2025WSHP5473,Social Media Marketing,marketing,entry-level / student,Noida,15000,20000,Any
2025WSHP5474,Company Secretary (CS),company secretary (cs),entry-level / student,Remote,3000,7000,Any
2025WSHP5475,Video Editing/Making,video editing/making,entry-level / student,Remote,15000,25000,Any
2025WSHP5476,Business Development (Sales),business development (sales),entry-level / student,Bangalore,10000,12000,Any
2025WSHP5477,Marketing,marketing,entry-level / student,Chennai,10000,14000,Any
2025WSHP5478,Client Servicing,client servicing,entry-level / student,Noida,10000,13000,MBA
2025WSHP5479,Acting,acting,entry-level / student,Remote,700,1800,Any
2025WSHP5480,Backend Development,backend development,entry-level / student,Chennai,20000,30000,Any
2025WSHP5481,Flutter Development,mobile development,entry-level / student,Gurgaon,4000,5000,Any
2025WSHP5482,Video Editing/Making,video editing/making,entry-level / student,Gurgaon,12000,20000,Any
2025WSHP5483,Full Stack Development,full stack development,entry-level / student,Durgapur,0,0,Any
2025WSHP5484,Category Management,category management,entry-level / student,Chennai,2000,2000,Any
2025WSHP5485,Nothing,nothing,entry-level / student,Not Available,0,0,Any
2025WSHP5486,Human Resources (HR),human resources (hr),entry-level / student,Remote,5000,10000,Any
2025WSHP5487,Fashion Merchandising,fashion merchandising,entry-level / student,Mumbai,5000,12000,Any
2025WSHP5488,Human Resources (HR),human resources (hr),entry-level / student,Delhi,5000,10000,Any
2025WSHP5489,SQL Programmer,sql programmer,entry-level / student,Remote,1000,1200,Diploma
2025WSHP5490,Sales and Marketing,marketing,entry-level / student,Delhi,4000,20000,Any
2025WSHP5491,Video Editor - Social Media Ads,marketing,entry-level / student,Hyderabad,10000,15000,Any
2025WSHP5492,Educational Consultant,educational consultant,entry-level / student,Chennai,20000,35000,Any
2025WSHP5493,Nothing,nothing,entry-level / student,Not Available,0,0,Any
2025WSHP5494,Campaign Promotion,machine learning / ai,entry-level / student,Remote,1000,5000,Any
2025WSHP5495,Video Creator,video creator,entry-level / student,Chennai,2001,25000,Any
2025WSHP5496,Recruitment,frontend development,entry-level / student,Mumbai,20000,150000,Any
2025WSHP5497,Content Writing,content writing,entry-level / student,Delhi,4500,13000,Any
2025WSHP5498,Digital Marketing,marketing,entry-level / student,Delhi,10000,15000,Any
2025WSHP5499,Nothing,nothing,entry-level / student,Not Available,0,0,Any
2025WSHP5500,Video Editing/Making,video editing/making,entry-level / student,Gurgaon,6000,10000,Any
2025WSHP5501,Corporate Relations,corporate relations,entry-level / student,Mumbai,8000,8500,Any
2025WSHP5502,Accounts,accounts,entry-level / student,Faridabad,5000,9000,Any
2025WSHP5503,Growth Manager– Offline Promotions & School Outreach,growth manager– offline promotions & school outrea,entry-level / student,Gurgaon,12000,15000,Any
2025WSHP5504,Online Faculty For Environmental Science For School Kids,online faculty for environmental science for schoo,entry-level / student,Remote,6000,9000,Any
2025WSHP5505,Marketing,marketing,entry-level / student,Thane,8000,10000,MBA
2025WSHP5506,Content and Social Media Marketing,marketing,entry-level / student,Delhi,12000,15000,Any
2025WSHP5507,Python Tutor,python tutor,entry-level / student,Remote,5000,10000,Any
2025WSHP5508,Big Data,big data,entry-level / student,Chennai,20000,30000,Any
2025WSHP5509,Nothing,nothing,entry-level / student,Not Available,0,0,Any
2025WSHP5510,Video Editing/Making,video editing/making,entry-level / student,Remote,3000,4000,Any
2025WSHP5511,Expert Video Editor,expert video editor,entry-level / student,Remote,10000,13000,Any
2025WSHP5512,Fundraising,machine learning / ai,entry-level / student,Remote,5000,10000,Any
2025WSHP5513,Quality Analyst,quality analyst,entry-level / student,Bangalore,20000,20001,Any
2025WSHP5514,Nothing,nothing,entry-level / student,Not Available,0,0,Any
2025WSHP5515,Founders Office,founders office,entry-level / student,Gurgaon,10000,22000,Any
2025WSHP5516,Electronics Engineering,electronics engineering,entry-level / student,Jaipur,10000,20000,B.Tech
2025WSHP5517,Corporate Sales,corporate sales,entry-level / student,Mumbai,12000,18000,MBA
2025WSHP5518,Sales and Marketing,marketing,entry-level / student,Mumbai,12000,12500,Any
2025WSHP5519,Digital Marketing,marketing,entry-level / student,Remote,30000,40000,Any
2025WSHP5520,Editorial,editorial,entry-level / student,Remote,5000,5100,Any
2025WSHP5521,Video Editing/Making,video editing/making,entry-level / student,Mumbai,2000,5000,Any
2025WSHP5522,Content Marketing & Social Media,marketing,entry-level / student,Gurgaon,3000,3001,Any
2025WSHP5523,Poster Design,design,entry-level / student,Anekal,10000,15000,Any
2025WSHP5524,Client Relations,client relations,entry-level / student,Noida,20000,20000,Any
2025WSHP5525,Search Engine Optimization (SEO),marketing,entry-level / student,Delhi,5000,7000,Any
2025WSHP5526,Video Editing/Making,video editing/making,entry-level / student,Bangalore,10000,10000,Any
2025WSHP5527,Internet Of Things (IoT),internet of things (iot),entry-level / student,Remote,3000,5000,B.Tech
2025WSHP5528,Growth,growth,entry-level / student,Gurgaon,20000,30000,Any
2025WSHP5529,Finance,finance,entry-level / student,Gurgaon,5000,6000,Any
2025WSHP5530,Social Media Marketing,marketing,entry-level / student,Remote,4500,6500,Any
2025WSHP5531,Search Engine Optimization (SEO),marketing,entry-level / student,Noida,10000,12000,Any
2025WSHP5532,Telecalling (Female),telecalling (female),entry-level / student,Kolkata,4000,10000,Any
2025WSHP5533,Content and Social Media Marketing,marketing,entry-level / student,Gurgaon,7500,9000,Any
2025WSHP5534,Business Development (Sales),business development (sales),entry-level / student,Bangalore,5000,15000,Any
2025WSHP5535,E-commerce Executive,e-commerce executive,entry-level / student,Mumbai,6000,10000,Any
2025WSHP5536,Customer Service/Customer Support,customer service/customer support,entry-level / student,Ulhasnagar,8000,10000,Any
2025WSHP5537,Video Editing/Making,video editing/making,entry-level / student,Remote,0,0,Any
2025WSHP5538,E-Commerce Catalog Management,e-commerce catalog management,entry-level / student,Mumbai,10000,12000,Any
2025WSHP5539,CSR Platform Coordinator,csr platform coordinator,entry-level / student,Mumbai,9000,15000,Any
2025WSHP5540,Hospitality,hospitality,entry-level / student,Jaipur,6000,10000,Any
2025WSHP5541,sales,sales,entry-level / student,Bangalore,7000,13000,Any
2025WSHP5542,Human Resources (HR),human resources (hr),entry-level / student,Mumbai,8000,10000,Any
2025WSHP5543,Data Analytics,data analytics,entry-level / student,Mumbai,8000,10000,Any
2025WSHP5544,Inside Sales,inside sales,entry-level / student,Thane,9500,10000,Any
2025WSHP5545,Field Sales,field sales,entry-level / student,Jaipur,7500,15000,Any
2025WSHP5546,Growth Marketing,marketing,entry-level / student,Remote,3000,5000,Any
2025WSHP5547,Law/Legal,law/legal,entry-level / student,Delhi,0,0,Any
2025WSHP5548,Business Development (Sales),business development (sales),entry-level / student,Delhi,8000,10000,Any
2025WSHP5549,Business Development (Sales),business development (sales),entry-level / student,Remote,2500,5500,Any
2025WSHP5550,Flutter Development,mobile development,entry-level / student,Remote,8500,10500,Any
2025WSHP5551,Business Development (Sales),business development (sales),entry-level / student,Bangalore,20000,35000,Any
2025WSHP5552,Human Resources (HR),human resources (hr),entry-level / student,Mumbai,10000,10000,Any
2025WSHP5553,Marketing – Sales Enablement Focus,marketing,entry-level / student,Remote,5000,7000,Any
2025WSHP5554,Business Development (Sales),business development (sales),entry-level / student,Mumbai,10000,40000,Any
2025WSHP5555,Interior Design,design,entry-level / student,Bangalore,10000,12000,Any
2025WSHP5556,Web Development,web development,entry-level / student,Remote,2000,3000,Any
2025WSHP5557,Digital Marketing,marketing,entry-level / student,Pune,8000,8000,Any
2025WSHP5558,Field Sales,field sales,entry-level / student,Hyderabad,2500,5500,Any
2025WSHP5559,Chemistry & Life Sciences,chemistry & life sciences,entry-level / student,Pune,2000,2500,MBA
2025WSHP5560,Business Development (Sales),business development (sales),entry-level / student,Delhi,6000,9000,Any
2025WSHP5561,Content and Social Media Marketing,marketing,entry-level / student,Remote,2000,5000,Any
2025WSHP5562,Data Analytics,data analytics,entry-level / student,Thane,9500,10000,Any
2025WSHP5563,Company Secretary (CS),company secretary (cs),entry-level / student,Noida,7000,13000,Any
2025WSHP5564,Video Editing/Making,video editing/making,entry-level / student,Remote,5000,10000,Any
2025WSHP5565,Business Development (Sales),business development (sales),entry-level / student,Chennai,17000,35000,MBA
2025WSHP5566,Video Editing/Making,video editing/making,entry-level / student,Remote,6000,12000,Any
2025WSHP5567,Volunteering,volunteering,entry-level / student,Mumbai,17000,23000,MBA
2025WSHP5568,Business Development (Sales),business development (sales),entry-level / student,Mumbai,8000,10000,Any
2025WSHP5569,Video Editing/Making,video editing/making,entry-level / student,Noida,15000,18000,Any
2025WSHP5570,Nothing,nothing,entry-level / student,Not Available,0,0,Any
2025WSHP5571,Digital Marketing,marketing,entry-level / student,Pune,10000,16000,Any
2025WSHP5572,Graphic Design,design,entry-level / student,Hyderabad,3000,10000,Any
2025WSHP5573,Growth Partner,growth partner,entry-level / student,Remote,30000,80000,Any
2025WSHP5574,Social Media Marketing,marketing,entry-level / student,Ulhasnagar,8000,10000,Any
2025WSHP5575,Business Development (Sales),business development (sales),entry-level / student,Delhi,15000,15002,Any
2025WSHP5576,Digital Marketing,marketing,entry-level / student,Jaipur,5000,10000,Any
2025WSHP5577,Business Development (Sales),business development (sales),entry-level / student,Mumbai,7000,10000,Any
2025WSHP5578,Content Writing,content writing,entry-level / student,Remote,6000,8000,Any
2025WSHP5579,Client Servicing,client servicing,entry-level / student,Mumbai,13000,20000,Any
2025WSHP5580,Content Writing,content writing,entry-level / student,Delhi,10000,12000,Any
2025WSHP5581,Social Media Graphic Designing,marketing,entry-level / student,Remote,8000,10000,Any
2025WSHP5582,E-commerce & Design Operations Executive,design,entry-level / student,Delhi,8000,12000,Any
2025WSHP5583,Big Data,big data,entry-level / student,Chennai,20000,30000,Any
2025WSHP5584,Nothing,nothing,entry-level / student,Not Available,0,0,Any
2025WSHP5585,Customer Support,customer support,entry-level / student,Bangalore,15000,15000,Any
2025WSHP5586,Sales and Marketing,marketing,entry-level / student,Pune,13000,22000,Any
2025WSHP5587,Graphic Design,design,entry-level / student,Remote,10000,10000,Any
2025WSHP5588,Social Media Marketing,marketing,entry-level / student,Remote,5000,5000,Any
2025WSHP5589,Training & Coaching Support,machine learning / ai,entry-level / student,Remote,5000,5000,Any
2025WSHP5590,Customer Service/Customer Support,customer service/customer support,entry-level / student,Remote,3000,5000,Any
2025WSHP5591,Customer Service/Customer Support,customer service/customer support,entry-level / student,Bangalore,6000,10000,Any
2025WSHP5592,Graphic Design,design,entry-level / student,Remote,2000,2000,Any
2025WSHP5593,Brand Management,brand management,entry-level / student,Remote,2000,11500,Any
2025WSHP5594,Marketing,marketing,entry-level / student,Bangalore,10000,15000,Any
2025WSHP5595,Photography,photography,entry-level / student,Remote,3000,5000,Any
2025WSHP5596,Event And Database Management,event and database management,entry-level / student,Delhi,10000,12000,Any
2025WSHP5597,Relationship Manager,relationship manager,entry-level / student,Bangalore,10000,15000,Any
2025WSHP5598,Cake Decorator,cake decorator,entry-level / student,Pune,5000,10000,Any
2025WSHP5599,Content Writing,content writing,entry-level / student,Mumbai,10000,15000,Any
2025WSHP5600,Lead Generation,lead generation,senior / experienced,Bangalore,11000,17000,Any
2025WSHP5601,Data Entry,data entry,entry-level / student,Remote,5000,7000,Any
2025WSHP5602,Human Resources (HR),human resources (hr),entry-level / student,Gurgaon,7000,9000,Any
2025WSHP5603,Journalism,journalism,entry-level / student,Remote,5000,10000,Any
2025WSHP5604,Business Development (Sales),business development (sales),entry-level / student,Delhi,13000,20000,Any
2025WSHP5605,Personal Assistant,personal assistant,entry-level / student,Remote,5001,17000,Any
2025WSHP5606,Human Resources (HR),human resources (hr),entry-level / student,Jaipur,3000,5000,Any
2025WSHP5607,Operations,operations,entry-level / student,Chennai,8000,12000,Any
2025WSHP5608,Social Media Marketing (Reddit),marketing,entry-level / student,Remote,13000,13000,Any
2025WSHP5609,Digital Marketing,marketing,entry-level / student,Remote,0,0,Any
2025WSHP5610,Video Editing/Making,video editing/making,entry-level / student,Remote,3500,6000,Any
2025WSHP5611,Operations,operations,entry-level / student,Remote,1000,2000,Any
2025WSHP5612,Project Management,project management,entry-level / student,Bangalore,20000,30000,Any
2025WSHP5613,Graphic Design,design,entry-level / student,Kolkata,5000,10000,Any
2025WSHP5614,Human Resources (HR),human resources (hr),entry-level / student,Remote,5000,15000,Any
2025WSHP5615,Videography,videography,entry-level / student,Delhi,8500,8500,Any
2025WSHP5616,Graphic Design,design,entry-level / student,Remote,4500,4500,Any
2025WSHP5617,Google Sheets Expert,google sheets expert,entry-level / student,Mumbai,5000,12000,Any
2025WSHP5618,Field Sales,field sales,entry-level / student,Pune,2100,2300,MBA
2025WSHP5619,Human Resources (HR),human resources (hr),entry-level / student,Remote,4000,10000,Any
2025WSHP5620,Sales & Partnerships,sales & partnerships,entry-level / student,Remote,2500,5000,Any
2025WSHP5621,Digital Marketing,marketing,entry-level / student,Delhi,15000,15000,Any
2025WSHP5622,Tech For Social Good,tech for social good,entry-level / student,Hyderabad,10000,15000,Any
2025WSHP5623,Social Media Internship - Female,marketing,entry-level / student,Delhi,20000,25000,Any
2025WSHP5624,Social Media Marketing,marketing,entry-level / student,Bangalore,4000,7000,Any
2025WSHP5625,Graphic Design,design,entry-level / student,Pune,4000,7000,Any
2025WSHP5626,Marketing,marketing,entry-level / student,Remote,17500,35000,Any
2025WSHP5627,Social Media Marketing,marketing,entry-level / student,Jaipur,6000,8000,Any
2025WSHP5628,Nothing,nothing,entry-level / student,Not Available,0,0,Any
2025WSHP5629,Content and Social Media Marketing,marketing,entry-level / student,Remote,15000,40000,Any
2025WSHP5630,Client Support,client support,entry-level / student,Pune,12000,12000,Any
2025WSHP5631,Store Associate,store associate,entry-level / student,Faridabad,2000,2000,Any
2025WSHP5632,Business Analytics,business analytics,entry-level / student,Remote,7000,7000,Any
2025WSHP5633,FULL STACK DEVELOPMENT (UI/UX),frontend development,entry-level / student,Mumbai,7000,8500,Any
2025WSHP5634,Event Management,event management,entry-level / student,Delhi,6000,8000,Any
2025WSHP5635,Graphic Design,design,entry-level / student,Bangalore,10000,10000,Any
2025WSHP5636,Inside Sales,inside sales,entry-level / student,Pune,15000,25000,Any
2025WSHP5637,Talent Acquisition,frontend development,entry-level / student,Pune,15000,15000,Any
2025WSHP5638,Administration,administration,entry-level / student,Mumbai,15000,20000,Any
2025WSHP5639,Graphic Design,design,entry-level / student,Bangalore,10000,20000,Any
2025WSHP5640,Project Coordination & Management (EdTech/AI),machine learning / ai,entry-level / student,Remote,8000,15000,Any
2025WSHP5641,Content Writing,content writing,entry-level / student,Delhi,10000,20000,Any
2025WSHP5642,Business Development (Sales),business development (sales),entry-level / student,Remote,1100,2000,Any
2025WSHP5643,Creative Design,design,entry-level / student,Bangalore,12000,20000,Any
2025WSHP5644,Business Development (Sales),business development (sales),entry-level / student,Remote,5000,5000,Any
2025WSHP5645,Business Development (Sales),business development (sales),entry-level / student,Hyderabad,12500,25000,Any
2025WSHP5646,Shadow Teacher & Counsellor,shadow teacher & counsellor,entry-level / student,Pune,8000,10000,Any
2025WSHP5647,Sales & Outreach – Ghumo Jaipur Promotions,machine learning / ai,entry-level / student,Jaipur,10000,13000,Any
2025WSHP5648,Data Entry,data entry,entry-level / student,Secunderabad,20000,20000,Any
2025WSHP5649,Market Research,market research,entry-level / student,Mumbai,10000,20000,Any
2025WSHP5650,Talent Acquisition,frontend development,entry-level / student,Chennai,20000,36000,Any
2025WSHP5651,Subject Matter Expert (CA Intern),subject matter expert (ca intern),entry-level / student,Remote,9000,12000,Any
2025WSHP5652,Sales & Marketing- International Markets,marketing,entry-level / student,Remote,5000,8000,Any
2025WSHP5653,E-Commerce Operations,e-commerce operations,entry-level / student,Bangalore,7000,15000,Any
2025WSHP5654,Customer Service/Customer Support,customer service/customer support,entry-level / student,Mumbai,8000,10000,Any
2025WSHP5655,Business Development (Sales),business development (sales),entry-level / student,Bangalore,5000,5001,Any
2025WSHP5656,Design,design,entry-level / student,Delhi,7000,25000,Any
2025WSHP5657,Business Development (Sales),business development (sales),entry-level / student,Remote,1500,15000,Any
2025WSHP5658,Data Entry,data entry,entry-level / student,Remote,1500,1500,Any
2025WSHP5659,Product Manager - Ed Tech,product manager - ed tech,entry-level / student,Remote,0,0,Any
2025WSHP5660,Graphic Design,design,entry-level / student,Remote,3000,4000,Any
2025WSHP5661,AI Product Videos Creation,machine learning / ai,entry-level / student,Remote,20000,40000,Any
2025WSHP5662,Digital Marketing,marketing,entry-level / student,Bangalore,8000,12000,Any
2025WSHP5663,Customer Service/Customer Support,customer service/customer support,entry-level / student,Delhi,7000,10000,Any
2025WSHP5664,Graphic Designer,design,entry-level / student,Mumbai,20000,22000,Any
2025WSHP5665,Sales Associate,sales associate,entry-level / student,Kolkata,2000,5000,Any
2025WSHP5666,MBA Marketing Freshers,marketing,entry-level / student,Pune,14000,14000,Any
2025WSHP5667,Video Editing/Making,video editing/making,entry-level / student,Remote,0,0,Any
2025WSHP5668,Business Development (Sales),business development (sales),entry-level / student,Jaipur,7000,15000,Any
2025WSHP5669,Digital Marketing,marketing,entry-level / student,Remote,20000,20000,Any
2025WSHP5670,Experience Partners (Sales),experience partners (sales),entry-level / student,Pune,10000,20000,MBA
2025WSHP5671,Full Stack Development,full stack development,entry-level / student,Bangalore,10000,15000,Any
2025WSHP5672,Video Editor,video editor,entry-level / student,Remote,4000,7000,Any
2025WSHP5673,Business Development (Sales),business development (sales),entry-level / student,Chennai,17000,35000,MBA
2025WSHP5674,Customer Service/Customer Support,customer service/customer support,entry-level / student,Mumbai,3000,4000,Any
2025WSHP5675,"Business Operations  (HR, Marketing, Finance)",marketing,entry-level / student,Faridabad,8000,9000,B.Com
2025WSHP5676,AI Agent /Developer,machine learning / ai,entry-level / student,Remote,5000,8000,Any
2025WSHP5677,Sales,sales,entry-level / student,Remote,10000,12000,Any
2025WSHP5678,Embedded Systems,embedded systems,entry-level / student,Hyderabad,15000,18000,Any
2025WSHP5679,Store Fashion Consultant (Female Only),store fashion consultant (female only),entry-level / student,Gurgaon,9000,10000,Any
2025WSHP5680,Electrical Engineering,electrical engineering,entry-level / student,Remote,21200,21200,Any
2025WSHP5681,Content Writing,content writing,entry-level / student,Remote,1000,3000,Any
2025WSHP5682,Campus Ambassador,campus ambassador,entry-level / student,Remote,0,0,Any
2025WSHP5683,Human Resources (HR),human resources (hr),entry-level / student,Kolkata,3000,5000,Any
2025WSHP5684,Nothing,nothing,entry-level / student,Not Available,0,0,Any
2025WSHP5685,Dotnet Fullstack Developer For Internship With Pre Placement Offer,full stack development,entry-level / student,Pune,8000,10000,Any
2025WSHP5686,Social Media Marketer,marketing,entry-level / student,Remote,3000,5000,Any
2025WSHP5687,Recruitment,frontend development,entry-level / student,Remote,3000,5000,Any
2025WSHP5688,Mobile App & Web Development,mobile development,entry-level / student,Pune,7000,13000,Any
2025WSHP5689,Anchoring,anchoring,entry-level / student,Remote,5000,5000,Any
2025WSHP5690,Law/Legal,law/legal,entry-level / student,Gurgaon,0,0,Any
2025WSHP5691,Software Development Engineering (Web),software development engineering (web),entry-level / student,Mumbai,15000,25000,Any
2025WSHP5692,Graphic Design,design,entry-level / student,Faridabad,6000,10000,Any
2025WSHP5693,Social Media Marketing,marketing,entry-level / student,Remote,10000,10000,Any
2025WSHP5694,Investment Banking Associate,investment banking associate,entry-level / student,Remote,12500,12500,Any
2025WSHP5695,English Communication Partner,english communication partner,entry-level / student,Remote,4000,10000,Any
2025WSHP5696,CNC Operator,cnc operator,entry-level / student,Bangalore,10000,15000,Any
2025WSHP5697,Executive Assistant,executive assistant,entry-level / student,Bangalore,15000,20000,Any
2025WSHP5698,Content and Social Media Marketing,marketing,entry-level / student,Remote,1000,2000,Any
2025WSHP5699,Video Editor / Graphic Designer,design,entry-level / student,Remote,7500,15000,Any
2025WSHP5700,Subject Matter Expert (Management),subject matter expert (management),entry-level / student,Remote,6000,11000,Any
2025WSHP5701,Field Sales,field sales,entry-level / student,Bangalore,25000,60000,Any
2025WSHP5702,Video Editing/Making,video editing/making,entry-level / student,Delhi,15000,20000,Any
2025WSHP5703,Admission Counselor,admission counselor,entry-level / student,Noida,40000,65000,MBA
2025WSHP5704,Interior Design,design,entry-level / student,Bangalore,10500,19000,Any
2025WSHP5705,Content & E-Commerce Management,content & e-commerce management,entry-level / student,Pune,10000,10000,Any
2025WSHP5706,Software Development,software development,entry-level / student,Remote,10000,10000,Any
2025WSHP5707,Operations,operations,entry-level / student,Thane,15000,20000,Any
2025WSHP5708,Motion Graphics,design,entry-level / student,Noida,12000,18000,Any
2025WSHP5709,Content and Social Media Marketing,marketing,entry-level / student,Pune,25000,34000,Any
2025WSHP5710,Graphic Design,design,entry-level / student,Mumbai,10000,12000,Any
2025WSHP5711,Brand Management,brand management,entry-level / student,Mumbai,10000,12000,Any
2025WSHP5712,Backend Development,backend development,entry-level / student,Thane,12000,12000,MBA
2025WSHP5713,Videography,videography,entry-level / student,Mumbai,7000,21000,Any
2025WSHP5714,Business Development + Market Research,business development + market research,entry-level / student,Remote,2000,10000,Any
2025WSHP5715,Nothing,nothing,entry-level / student,Not Available,0,0,Any
2025WSHP5716,Sales and Marketing,marketing,entry-level / student,Noida,17999,18000,Any
2025WSHP5717,Content and Social Media Marketing,marketing,entry-level / student,Delhi,5000,10000,Any
2025WSHP5718,Marketing & Social Media,marketing,entry-level / student,Remote,5000,5000,Any
2025WSHP5719,Marketing,marketing,entry-level / student,Noida,10000,11000,Any
2025WSHP5720,Nothing,nothing,entry-level / student,Not Available,0,0,Any
2025WSHP5721,Field Sales,field sales,entry-level / student,Ahmedabad,5000,10000,Any
2025WSHP5722,Operations,operations,entry-level / student,Delhi,13500,20500,Any
2025WSHP5723,Video Editing/Making,video editing/making,entry-level / student,Hyderabad,8000,8000,Any
2025WSHP5724,Film Production,film production,entry-level / student,Vasai-Virar,12000,15000,Any
2025WSHP5725,Interior Design,design,entry-level / student,Mumbai,8000,12000,MBA
2025WSHP5726,Online Hindi Faculty For School Kids.,online hindi faculty for school kids.,entry-level / student,Remote,5000,8000,Any
2025WSHP5727,Accounts,accounts,entry-level / student,Pune,5999,6000,MBA
2025WSHP5728,Graphic Design,design,entry-level / student,Hyderabad,10000,12000,Any
2025WSHP5729,Social Media Marketing,marketing,entry-level / student,Bangalore,9000,10000,Any
2025WSHP5730,Field Sales,field sales,entry-level / student,Delhi,7500,15000,Any
2025WSHP5731,Sales and Marketing,marketing,entry-level / student,Noida,3000,3000,Any
2025WSHP5732,Digital Marketing,marketing,entry-level / student,Delhi,5000,10000,Any
2025WSHP5733,Digital Marketing,marketing,entry-level / student,Pune,5000,6000,Any
2025WSHP5734,Business Development (Sales),business development (sales),entry-level / student,Noida,5000,9000,Any
2025WSHP5735,Social Media Marketing,marketing,entry-level / student,Bangalore,10000,27000,Any
2025WSHP5736,Sales and Marketing,marketing,entry-level / student,Bangalore,15000,20000,Any
2025WSHP5737,Marketing,marketing,entry-level / student,Chennai,20000,30000,Any
2025WSHP5738,Business Development (Sales),business development (sales),entry-level / student,Jaipur,10000,12000,Any
2025WSHP5739,Administration,administration,entry-level / student,Remote,15000,18000,Any
2025WSHP5740,Graphic Design,design,entry-level / student,Chennai,20000,25000,Any
2025WSHP5741,Human Resources (HR),human resources (hr),entry-level / student,Pune,5000,6000,Any
2025WSHP5742,Event Management,event management,entry-level / student,Mumbai,10001,10001,Any
2025WSHP5743,Business Development (Sales),business development (sales),entry-level / student,Mumbai,15000,15000,Any
2025WSHP5744,Content Writing,content writing,entry-level / student,Remote,7999,7999,Any
2025WSHP5745,Founders Office,founders office,entry-level / student,Gurgaon,15000,22000,Any
2025WSHP5746,Business Development (Sales),business development (sales),entry-level / student,Mumbai,6000,10000,Any
2025WSHP5747,Community Management,community management,entry-level / student,Chennai,20000,35000,Any
2025WSHP5748,Digital Marketer,digital marketer,entry-level / student,Remote,3000,5000,Any
2025WSHP5749,Video Editing/Making,video editing/making,entry-level / student,Remote,2500,3500,Any
2025WSHP5750,Backend Development,backend development,entry-level / student,Noida,2000,2000,Any
2025WSHP5751,Business Development (Sales),business development (sales),entry-level / student,Pune,10000,15000,Any
2025WSHP5752,Travel Consultant,travel consultant,entry-level / student,Bangalore,15000,30000,Any
2025WSHP5753,Subject Matter Expert (SME),subject matter expert (sme),entry-level / student,Remote,10000,30000,Any
2025WSHP5754,Nothing,nothing,entry-level / student,Not Available,0,0,Any
2025WSHP5755,Video Creation & Editing,video creation & editing,entry-level / student,Delhi,3000,4000,Any
2025WSHP5756,Operations,operations,entry-level / student,Pune,6000,9000,Any
2025WSHP5757,HR Admin,hr admin,entry-level / student,Delhi,15000,20000,Any
2025WSHP5758,Brand Partnership Associate,brand partnership associate,entry-level / student,Remote,6000,7000,Any
2025WSHP5759,Meta Ads Executive,meta ads executive,entry-level / student,Remote,5000,7000,Any
2025WSHP5760,Client Servicing,client servicing,entry-level / student,Mumbai,20000,40000,Any
2025WSHP5761,Lead Generation,lead generation,senior / experienced,Remote,4000,5500,Any
2025WSHP5762,Graphic Design,design,entry-level / student,Noida,8000,10000,Any
2025WSHP5763,Event Management,event management,entry-level / student,Remote,7000,15000,Any
2025WSHP5764,Artificial Intelligence (AI) Research,machine learning / ai,entry-level / student,Remote,5000,5000,Any
2025WSHP5765,Project Coordinator,project coordinator,entry-level / student,Delhi,10000,12000,Any
2025WSHP5766,Business Development (Sales),business development (sales),entry-level / student,Delhi,5000,8000,Any
2025WSHP5767,Content Writing,content writing,entry-level / student,Jaipur,5000,8000,Any
2025WSHP5768,Real Estate Pre Sales,real estate pre sales,entry-level / student,Chandigarh,15000,15000,MBA
2025WSHP5769,Founders Office,founders office,entry-level / student,Bangalore,24999,25000,Any
2025WSHP5770,Human Resources (HR),human resources (hr),entry-level / student,Jaipur,5000,7000,Any
2025WSHP5771,Founders Office - Technical,founders office - technical,entry-level / student,Thane,7000,7000,Any
2025WSHP5772,Digital Marketing,marketing,entry-level / student,Jaipur,5500,8500,Any
2025WSHP5773,Teaching,teaching,entry-level / student,Remote,2000,2000,Any
2025WSHP5774,Advance Predictive Modelling In Machine Learning,machine learning / ai,entry-level / student,Remote,0,0,Any
2025WSHP5775,Full Stack Development,full stack development,entry-level / student,Remote,1000,1200,Diploma
2025WSHP5776,College Representative,college representative,entry-level / student,Remote,2500,20000,Any
2025WSHP5777,Finance & Accounting,finance & accounting,entry-level / student,Noida,5000,10000,Any
2025WSHP5778,Graphic Design,design,entry-level / student,Gurgaon,12000,15000,Any
2025WSHP5779,Human Resources (HR),human resources (hr),entry-level / student,Remote,20000,20000,MBA
2025WSHP5780,Logistics And Operations,logistics and operations,entry-level / student,Chennai,15000,15000,Any
2025WSHP5781,Digital Marketing,marketing,entry-level / student,Noida,20000,20000,Any
2025WSHP5782,Human Resources (HR),human resources (hr),entry-level / student,Ghaziabad,15000,15000,Any
2025WSHP5783,International Business Development,international business development,entry-level / student,Remote,8000,10000,Any
2025WSHP5784,Accounting & Taxation,accounting & taxation,entry-level / student,Bangalore,8001,10002,Any
2025WSHP5785,Creative Design,design,entry-level / student,Mumbai,3000,5000,Any
2025WSHP5786,Civil Engineering,civil engineering,entry-level / student,Chennai,12500,15000,Any
2025WSHP5787,Influencer Outreach & Management,influencer outreach & management,entry-level / student,Remote,5000,5000,Any
2025WSHP5788,Human Resources (HR),human resources (hr),entry-level / student,Mumbai,10000,15000,Any
2025WSHP5789,Market Research,market research,entry-level / student,Remote,1000,1200,Any
2025WSHP5790,UI/UX Design,frontend development,entry-level / student,Remote,2500,10000,Any
2025WSHP5791,Marketing,marketing,entry-level / student,Remote,5000,10000,Any
2025WSHP5792,Digital Marketing,marketing,entry-level / student,Pune,7000,12000,Any
2025WSHP5793,Sales & Digital Marketing Associate,marketing,entry-level / student,Remote,20000,20000,Any
2025WSHP5794,Content and Social Media Marketing,marketing,entry-level / student,Noida,6000,8000,Any
2025WSHP5795,Online Mental Math Tutoring,online mental math tutoring,entry-level / student,Remote,1000,8000,Any
2025WSHP5796,Graphic Design,design,entry-level / student,Remote,5000,10000,Any
2025WSHP5797,Business Development (Sales),business development (sales),entry-level / student,Remote,6000,12000,Any
2025WSHP5798,Content and Social Media Marketing,marketing,entry-level / student,Remote,12000,15000,Any
2025WSHP5799,Graphic Design,design,entry-level / student,Remote,5000,5000,Any
2025WSHP5800,Investment Fund Intern,investment fund intern,entry-level / student,Ulhasnagar,150000,150000,MBA
2025WSHP5801,Content and Social Media Marketing,marketing,entry-level / student,Delhi,5000,15000,Any
2025WSHP5802,Data Entry,data entry,entry-level / student,Remote,1000,5000,Any
2025WSHP5803,Telugu Audio Recording-Native Speakers (Male),telugu audio recording-native speakers (male),entry-level / student,Remote,1000,1500,Any
2025WSHP5804,Video Editing,video editing,entry-level / student,Mumbai,10000,15000,Any
2025WSHP5805,Business Development (Sales),business development (sales),entry-level / student,Remote,5000,30000,Any
2025WSHP5806,Inside Sales,inside sales,entry-level / student,Hyderabad,8000,23000,Any
2025WSHP5807,Frontend Developer,frontend development,entry-level / student,Chennai,20000,20000,Any
2025WSHP5808,Sales and Marketing,marketing,entry-level / student,Pune,7000,10000,Any
2025WSHP5809,Content Writing,content writing,entry-level / student,Bangalore,8000,10000,Any
2025WSHP5810,Social Media Marketing,marketing,entry-level / student,Gurgaon,18000,20000,Any
2025WSHP5811,Operations,operations,entry-level / student,Mumbai,10000,12000,Any
2025WSHP5812,Business Development (Sales),business development (sales),entry-level / student,Bangalore,12000,15000,Any
2025WSHP5813,Social Media Champion,marketing,entry-level / student,Remote,25000,110001,Any
2025WSHP5814,Video Editing/Making,video editing/making,entry-level / student,Remote,3000,10000,Any
2025WSHP5815,HR,hr,entry-level / student,Bangalore,10000,15000,Any
2025WSHP5816,Product Marketing,marketing,entry-level / student,Chennai,3000,10000,Any
2025WSHP5817,Customer Service/Customer Support,customer service/customer support,entry-level / student,Dombivli,7500,12500,MBA
2025WSHP5818,Content and Social Media Marketing,marketing,entry-level / student,Remote,8000,8000,Any
2025WSHP5819,Human Resources (HR),human resources (hr),entry-level / student,Bangalore,5000,10000,Any
2025WSHP5820,Business Development (Sales),business development (sales),entry-level / student,Delhi,8000,10000,Any
2025WSHP5821,Marketing,marketing,entry-level / student,Bangalore,8000,10000,Any
2025WSHP5822,Content and Social Media Marketing,marketing,entry-level / student,Remote,0,0,Any
2025WSHP5823,Creative Content Creator,creative content creator,entry-level / student,Remote,25000,27000,Any
2025WSHP5824,Graphic Design,design,entry-level / student,Delhi,6000,12000,Any
2025WSHP5825,Field Sales,field sales,entry-level / student,Gurgaon,5000,10000,Any
2025WSHP5826,Event Hosting & Facilitator,event hosting & facilitator,entry-level / student,Remote,2000,25000,Any
2025WSHP5827,Video Creator,video creator,entry-level / student,Chennai,2001,25000,Any
2025WSHP5828,E-Commerce Operations,e-commerce operations,entry-level / student,Noida,3000,6000,Any
2025WSHP5829,Content Writing,content writing,entry-level / student,Remote,8000,10000,Any
2025WSHP5830,Computer Vision,machine learning / ai,entry-level / student,Bangalore,50000,50000,Any
2025WSHP5831,Sales Operations Analyst,sales operations analyst,entry-level / student,Remote,12000,15000,Any
2025WSHP5832,Event Management,event management,entry-level / student,Delhi,10000,10000,Any
2025WSHP5833,Chartered Accountancy (CA),chartered accountancy (ca),entry-level / student,Remote,3000,6000,Any
2025WSHP5834,Content and Social Media Marketing,marketing,entry-level / student,Mumbai,8000,20000,Any
2025WSHP5835,Marketing,marketing,entry-level / student,Jaipur,10000,12000,Any
2025WSHP5836,Video Content Creation,video content creation,entry-level / student,Noida,3000,8000,Any
2025WSHP5837,CA Articleship,ca articleship,entry-level / student,Noida,9000,10000,Any
2025WSHP5838,Human Resources (HR),human resources (hr),entry-level / student,Gurgaon,8000,12000,Any
2025WSHP5839,Online Master Level Bioinformatics Tutoring,online master level bioinformatics tutoring,entry-level / student,Remote,1000,8000,Any
2025WSHP5840,Content Creator,content creator,entry-level / student,Remote,8000,10000,Any
2025WSHP5841,Instagram Marketing Manager-Fashion & Clothing Brand,marketing,entry-level / student,Remote,1000,3000,Any
2025WSHP5842,Company Secretary (CS),company secretary (cs),entry-level / student,Remote,20000,25000,Any
2025WSHP5843,Human Resources (HR),human resources (hr),entry-level / student,Remote,10000,18000,Any
2025WSHP5844,Business Development (Sales),business development (sales),entry-level / student,Gurgaon,9000,10000,Any
2025WSHP5845,Content and Social Media Marketing,marketing,entry-level / student,Mumbai,10000,15000,Any
2025WSHP5846,Creative Design,design,entry-level / student,Mumbai,5000,15000,Any
2025WSHP5847,Digital Marketing,marketing,entry-level / student,Remote,4000,5000,Any
2025WSHP5848,Meta Ads Marketing,marketing,entry-level / student,Remote,7500,20000,Any
2025WSHP5849,Language(Punjabi & Assamese),language(punjabi & assamese),entry-level / student,Remote,10000,15000,Any
2025WSHP5850,Growth - Marketing & Social Media Strategy,marketing,entry-level / student,Remote,10000,10002,Any
2025WSHP5851,Shopify,shopify,entry-level / student,Coimbatore,8000,10000,Any
2025WSHP5852,International Sales (Agrotech – International Business),international sales (agrotech – international busi,entry-level / student,Pune,6000,6000,Any
2025WSHP5853,Email Marketing,machine learning / ai,entry-level / student,Remote,5000,5000,Diploma
2025WSHP5854,Business Development (Sales),business development (sales),entry-level / student,Remote,2000,2500,Any
2025WSHP5855,Law/Legal,law/legal,entry-level / student,Pune,2000,2500,MBA
2025WSHP5856,Digital Marketing,marketing,entry-level / student,Mumbai,2000,2001,Any
2025WSHP5857,Subject Matter Expert(Digital SAT English And Math),subject matter expert(digital sat english and math,entry-level / student,Remote,10000,10000,Any
2025WSHP5858,Flutter Development,mobile development,entry-level / student,Remote,5000,5000,Any
2025WSHP5859,Documentation,documentation,entry-level / student,Jaipur,7000,13000,Any
2025WSHP5860,UI/UX Design,frontend development,entry-level / student,Remote,3000,5000,Any
2025WSHP5861,Online Sketching Painting For School Kids.,machine learning / ai,entry-level / student,Remote,6000,9000,Any
2025WSHP5862,Business Development (Sales),business development (sales),entry-level / student,Chennai,17000,35000,MBA
2025WSHP5863,Software Development Engineering (Web),software development engineering (web),entry-level / student,Remote,10000,15000,Any
2025WSHP5864,Field Sales,field sales,entry-level / student,Gurgaon,5000,7000,Any
2025WSHP5865,Nothing,nothing,entry-level / student,Not Available,0,0,Any
2025WSHP5866,Operations,operations,entry-level / student,Gurgaon,10000,25000,Any
2025WSHP5867,Full Stack Engineering,full stack development,entry-level / student,Bangalore,10000,20000,Any
2025WSHP5868,Video Editing/Making,video editing/making,entry-level / student,Delhi,7000,7000,Any
2025WSHP5869,Electronics Engineering,electronics engineering,entry-level / student,Jaipur,7000,15000,Any
2025WSHP5870,Automation Software Developer,automation software developer,entry-level / student,Remote,3000,6000,Any
2025WSHP5871,UI/UX Design,frontend development,entry-level / student,Mumbai,10000,15000,MBA
2025WSHP5872,Admin Executive,admin executive,entry-level / student,Remote,4000,7000,Any
2025WSHP5873,UI/UX Design,frontend development,entry-level / student,Remote,12000,18000,Any
2025WSHP5874,Digital Marketing,marketing,entry-level / student,Delhi,5000,8000,Any
2025WSHP5875,WhatsApp Marketing,marketing,entry-level / student,Remote,7500,12000,Any
2025WSHP5876,Social Media Marketing,marketing,entry-level / student,Jaipur,7000,11000,Any
2025WSHP5877,Digital Marketing,marketing,entry-level / student,Pune,3000,5000,Any
2025WSHP5878,Compliance,compliance,entry-level / student,Kolkata,10000,10000,Any
2025WSHP5879,Software Testing,software testing,entry-level / student,Remote,10000,20000,Any
2025WSHP5880,Data Analytics,data analytics,entry-level / student,Mumbai,12000,12000,Any
2025WSHP5881,Business Development (Sales),business development (sales),entry-level / student,Delhi,10000,12000,MBA
2025WSHP5882,Marketing,marketing,entry-level / student,Noida,8000,12000,Any
2025WSHP5883,Export Coordinator,export coordinator,entry-level / student,Kolkata,10000,10000,Any
2025WSHP5884,Graphic Design,design,entry-level / student,Delhi,10000,15000,Any
2025WSHP5885,Search Engine Optimization (SEO),marketing,entry-level / student,West,8000,12000,Any
2025WSHP5886,Video Editing/Making,video editing/making,entry-level / student,Delhi,12000,15000,Any
2025WSHP5887,B2B Outbound Calling To North America,b2b outbound calling to north america,entry-level / student,Remote,8000,12000,Any
2025WSHP5888,Flutter Development,mobile development,entry-level / student,Remote,10000,15000,Any
2025WSHP5889,Scriptwriter & Copywriting,scriptwriter & copywriting,entry-level / student,Remote,10000,15000,Any
2025WSHP5890,Marketing,marketing,entry-level / student,Remote,5000,5000,Any
2025WSHP5891,Lead Generation,lead generation,senior / experienced,Thane,8000,10000,Any
2025WSHP5892,Talent Acquisition,frontend development,entry-level / student,Remote,10000,15000,MBA
2025WSHP5893,O&M Engineer,o&m engineer,entry-level / student,Faridabad,10000,20000,Any
2025WSHP5894,Content and Social Media Marketing,marketing,entry-level / student,Remote,10000,15000,Any
2025WSHP5895,Data Entry,data entry,entry-level / student,Remote,16000,32000,Any
2025WSHP5896,Accountant,accountant,entry-level / student,Delhi,5000,5001,Any
2025WSHP5897,Business Development (Sales),business development (sales),entry-level / student,Noida,12000,18000,MBA
2025WSHP5898,Graphic Design,design,entry-level / student,Remote,5000,5000,Any
2025WSHP5899,Artificial Intelligence (AI) Integration In Existing Platform - Shoro AI,machine learning / ai,entry-level / student,Remote,6000,10000,Any
2025WSHP5900,Fashion Design And Merchandising,design,entry-level / student,Gurgaon,5000,7000,Any
2025WSHP5901,Content Creator,content creator,entry-level / student,Delhi,5000,10000,Any
2025WSHP5902,Medical Transcription,medical transcription,entry-level / student,Remote,10000,12000,Any
2025WSHP5903,Video Editing/Making,video editing/making,entry-level / student,Remote,1000,1000,Any
2025WSHP5904,Business Development And Associate Parner,business development and associate parner,entry-level / student,Remote,2000,5000,Any
2025WSHP5905,Law/Legal,law/legal,entry-level / student,Bangalore,0,0,Any
2025WSHP5906,Content and Social Media Marketing,marketing,entry-level / student,Delhi,5000,8000,Any
2025WSHP5907,Corporate Sales,corporate sales,entry-level / student,Remote,10000,12000,Any
2025WSHP5908,Content and Social Media Marketing,marketing,entry-level / student,Thane,3500,6000,Any
2025WSHP5909,Marketing,marketing,entry-level / student,Remote,5000,5001,Any
2025WSHP5910,Human Resources (HR),human resources (hr),entry-level / student,Pune,10000,20000,MBA
2025WSHP5911,Product Marketing,marketing,entry-level / student,Bangalore,30000,35000,Any
2025WSHP5912,Content and Social Media Marketing,marketing,entry-level / student,Mumbai,4500,4500,MBA
2025WSHP5913,Business Development,business development,entry-level / student,Remote,2000,2000,Any
2025WSHP5914,Sales & Event Management,sales & event management,entry-level / student,Thane,10000,15000,MBA
2025WSHP5915,Content Writing,content writing,entry-level / student,Remote,8000,12000,Any
2025WSHP5916,Admin & HR,admin & hr,entry-level / student,Mumbai,10000,15000,Any
2025WSHP5917,Human Resources (HR),human resources (hr),entry-level / student,Chennai,5000,10000,Any
2025WSHP5918,"Drawing, Sketching & Illustration","drawing, sketching & illustration",entry-level / student,Delhi,4500,11000,Any
2025WSHP5919,Recruitment,frontend development,entry-level / student,Chennai,8000,10000,Any
2025WSHP5920,Sales and Marketing,marketing,entry-level / student,Faridabad,10000,20000,Any
2025WSHP5921,Social Media Marketing,marketing,entry-level / student,Remote,2000,3000,Any
2025WSHP5922,Affiliate Marketing Partners,marketing,entry-level / student,Remote,6000,8000,Any
2025WSHP5923,AI Agent Development,machine learning / ai,entry-level / student,Remote,5000,8000,Any
2025WSHP5924,UI/UX Design,frontend development,entry-level / student,Remote,15000,25000,Any
2025WSHP5925,SAP Finance,sap finance,entry-level / student,Chennai,30000,40000,Any
2025WSHP5926,Digital Marketing,marketing,entry-level / student,Mumbai,2500,5000,Any
2025WSHP5927,Business Consultant,business consultant,entry-level / student,Mumbai,10000,20000,Any
2025WSHP5928,Search Engine Optimization (SEO),marketing,entry-level / student,Faridabad,4000,5000,Any
2025WSHP5929,Nesternship – Nestlé Internship Program 2024,nesternship – nestlé internship program 2024,entry-level / student,Chennai,10000,10000,Any
2025WSHP5930,Embedded Systems,embedded systems,entry-level / student,Ajmer,3500,3500,Any
2025WSHP5931,Customer Acquisition,frontend development,entry-level / student,Thane,11000,25000,Any
2025WSHP5932,Social Media Marketing,marketing,entry-level / student,Remote,4000,4000,Any
2025WSHP5933,Fashion Design,design,entry-level / student,Delhi,10000,25000,Any
2025WSHP5934,Flutter Development,mobile development,entry-level / student,Remote,0,0,Any
2025WSHP5935,Social Media & Marketing,marketing,entry-level / student,Remote,3000,5000,Any
2025WSHP5936,Business Development (Sales),business development (sales),entry-level / student,Bangalore,30000,30000,MBA
2025WSHP5937,Web Development,web development,entry-level / student,Chennai,10000,15000,Any
2025WSHP5938,Event Management,event management,entry-level / student,Noida,2000,2000,Any
2025WSHP5939,In-House Content Creator,in-house content creator,entry-level / student,Remote,10000,30000,MBA
2025WSHP5940,Software Development,software development,entry-level / student,Bangalore,5000,20000,Any
2025WSHP5941,Business Development (Sales),business development (sales),entry-level / student,Noida,8000,10000,Any
2025WSHP5942,Human Resources (HR),human resources (hr),entry-level / student,Remote,2000,2100,Any
2025WSHP5943,Product Active HR,product active hr,entry-level / student,Remote,2000,8000,Any
2025WSHP5944,Artificial Intelligence (AI),machine learning / ai,entry-level / student,Noida,4000,14000,Any
2025WSHP5945,Front End Development,front end development,entry-level / student,Chennai,20000,30000,Any
2025WSHP5946,Business Development (Sales),business development (sales),entry-level / student,Remote,5000,8000,MBA
2025WSHP5947,Graphic Design,design,entry-level / student,Bangalore,15000,15000,Any
2025WSHP5948,Graphic Design,design,entry-level / student,Thane,10000,15000,Any
2025WSHP5949,Corporate Sales,corporate sales,entry-level / student,Delhi,4500,11000,Any
2025WSHP5950,Lead Generation,lead generation,senior / experienced,Remote,6000,25000,Any
2025WSHP5951,Operations,operations,entry-level / student,Bangalore,15000,25000,Any
2025WSHP5952,Founder Office,founder office,entry-level / student,Noida,13000,18000,Any
2025WSHP5953,Business Development (Sales),business development (sales),entry-level / student,Mumbai,17000,30000,Any
2025WSHP5954,Video Editing/Making,video editing/making,entry-level / student,Delhi,0,0,Any
2025WSHP5955,Business Development (Sales),business development (sales),entry-level / student,Delhi,12000,15000,Any
2025WSHP5956,Human Resources (HR),human resources (hr),entry-level / student,Mumbai,10000,15000,Any
2025WSHP5957,Nothing,nothing,entry-level / student,Not Available,0,0,Any
2025WSHP5958,FinTech & Data Analytics,fintech & data analytics,entry-level / student,Chennai,10000,15000,Any
2025WSHP5959,PHP Development,php development,entry-level / student,Jaipur,2000,3000,Any
2025WSHP5960,Nothing,nothing,entry-level / student,Not Available,0,0,Any
2025WSHP5961,Game Development,game development,entry-level / student,Remote,1000,1000,Any
2025WSHP5962,Human Resources (HR),human resources (hr),entry-level / student,Remote,3000,5000,Any
2025WSHP5963,Business Development (Sales),business development (sales),entry-level / student,Mumbai,10000,12000,Any
2025WSHP5964,Purchase & Admin,purchase & admin,entry-level / student,Secunderabad,5000,9000,Any
2025WSHP5965,Database Building/Management,frontend development,entry-level / student,Chennai,30000,40000,Any
2025WSHP5966,Embedded Systems,embedded systems,entry-level / student,Chennai,20000,35000,Any
2025WSHP5967,Post-Sales Data & Billing Executive,post-sales data & billing executive,entry-level / student,Noida,12000,15000,Any
2025WSHP5968,Digital Marketing,marketing,entry-level / student,Gurgaon,5000,8000,Any
2025WSHP5969,Green Building Consultant (Intern),frontend development,entry-level / student,Pune,12000,16000,Any
2025WSHP5970,Full Stack Development,full stack development,entry-level / student,Noida,10000,15000,Any
2025WSHP5971,Operations,operations,entry-level / student,Mumbai,5000,12000,Any
2025WSHP5972,Flutter Development,mobile development,entry-level / student,Remote,4000,7000,Any
2025WSHP5973,Email Marketing,machine learning / ai,entry-level / student,Remote,6000,8000,Any
2025WSHP5974,Graphic Design,design,entry-level / student,Remote,6000,12000,Any
2025WSHP5975,Graphic Design,design,entry-level / student,Delhi,8000,14000,Any
2025WSHP5976,Graphic Design,design,entry-level / student,Thane,3000,5000,MBA
2025WSHP5977,Business Development (Sales),business development (sales),entry-level / student,Remote,4000,20000,Any
2025WSHP5978,Partnership Development,partnership development,entry-level / student,Noida,15000,30000,Any
2025WSHP5979,Cold Calling Specialist,cold calling specialist,entry-level / student,Remote,4000,33000,Any
2025WSHP5980,Nothing,nothing,entry-level / student,Not Available,0,0,Any
2025WSHP5981,N8n Engineer,n8n engineer,entry-level / student,Remote,5000,8000,Any
2025WSHP5982,Campus Ambassador,campus ambassador,entry-level / student,Ahmedabad,0,0,Any
2025WSHP5983,Human Resources (HR),human resources (hr),entry-level / student,Mumbai,17000,17000,Any
2025WSHP5984,Video Editing/Making,video editing/making,entry-level / student,Noida,9999,10000,Any
2025WSHP5985,Robotics,robotics,entry-level / student,Gurgaon,14000,20000,Any
2025WSHP5986,Graphic Design,design,entry-level / student,Delhi,8000,10000,Any
2025WSHP5987,Motion Graphics,design,entry-level / student,Thane,5000,7000,MBA
2025WSHP5988,Business Development (Sales),business development (sales),entry-level / student,Delhi,6000,10000,Any
2025WSHP5989,Automation Workflow on N8N and Airtable,machine learning / ai,entry-level / student,Remote,11000,16000,Any
2025WSHP5990,Brand & Market Growth Analyst,brand & market growth analyst,entry-level / student,Bangalore,5000,15000,MBA
2025WSHP5991,14 Days Virtual Charity Drive,14 days virtual charity drive,entry-level / student,Remote,1500,10000,Any
2025WSHP5992,Teaching,teaching,entry-level / student,Chennai,15000,25000,Any
2025WSHP5993,Process Coordinator (Operations),process coordinator (operations),entry-level / student,Delhi,5000,7000,MBA
2025WSHP5994,Electronics Engineering,electronics engineering,entry-level / student,Jaipur,7000,15000,Any
2025WSHP5995,Environmental Sciences,environmental sciences,entry-level / student,Remote,7000,12000,Any
2025WSHP5996,Business Development (Sales),business development (sales),entry-level / student,Hyderabad,16000,65000,Any
2025WSHP5997,Digital Marketing And E-Commerce Sales,marketing,entry-level / student,Gurgaon,10000,20000,Any
2025WSHP5998,Fundraising & Outreach,machine learning / ai,entry-level / student,Remote,250,2500,Any
2025WSHP5999,Social Media Marketing,marketing,entry-level / student,Mumbai,5000,7000,Any
2025WSHP6000,Marketing,marketing,entry-level / student,Hyderabad,8000,10000,Any
2025WSHP6001,E-Commerce,e-commerce,entry-level / student,Delhi,2000,2000,Any
2025WSHP6002,Growth,growth,entry-level / student,Gurgaon,20000,30000,Any
2025WSHP6003,HR (L&D),hr (l&d),entry-level / student,Mumbai,15000,15000,Any
2025WSHP6004,Performance Marketing,marketing,entry-level / student,Thane,2000,5000,MBA
2025WSHP6005,Human Resources (HR),human resources (hr),entry-level / student,Delhi,8000,10000,MBA
2025WSHP6006,Recruitment,frontend development,entry-level / student,Remote,3000,5000,Any
2025WSHP6007,EXPORT SALES & SOURCING INTERN,export sales & sourcing intern,entry-level / student,Remote,13000,13000,Any
2025WSHP6008,General Consulting/Technology Strategy & Transformation,general consulting/technology strategy & transform,entry-level / student,Pune,0,0,Any
2025WSHP6009,Event Management,event management,entry-level / student,Thane,10000,12000,MBA
2025WSHP6010,Video Editing/Making,video editing/making,entry-level / student,Faridabad,15000,25000,Any
2025WSHP6011,Opportunity Sourcer – Research & Profiling Specialist,opportunity sourcer – research & profiling special,entry-level / student,Remote,5000,15000,Any
2025WSHP6012,Campus Ambassador,campus ambassador,entry-level / student,Remote,0,0,Any
2025WSHP6013,Business Development (Sales),business development (sales),entry-level / student,Chennai,15000,15000,Any
2025WSHP6014,Operations,operations,entry-level / student,Bangalore,15000,15000,Any
2025WSHP6015,Campus Ambassador,campus ambassador,entry-level / student,Remote,0,0,MBA
2025WSHP6016,Brand Marketing,marketing,entry-level / student,Remote,2000,15000,Any
2025WSHP6017,Marketing,marketing,entry-level / student,Pune,3000,7000,Any
2025WSHP6018,Digital Marketing,marketing,entry-level / student,Remote,4000,4000,Any
2025WSHP6019,CS Articleship,cs articleship,entry-level / student,Mumbai,5000,12000,Any
2025WSHP6020,Chartered Accountancy (CA),chartered accountancy (ca),entry-level / student,Mumbai,7000,10000,Any
2025WSHP6021,Anchoring,anchoring,entry-level / student,Bangalore,10000,15000,Any
2025WSHP6022,Content and Social Media Marketing,marketing,entry-level / student,Thane,10000,12000,Any
2025WSHP6023,Operations,operations,entry-level / student,Mumbai,5000,5000,MBA
2025WSHP6024,Backend Development,backend development,entry-level / student,Remote,5000,5000,Any
2025WSHP6025,Product Tester For Website And App,product tester for website and app,entry-level / student,Remote,1250,1250,Any
2025WSHP6026,Event Management,event management,entry-level / student,Bangalore,2000,3000,Any
2025WSHP6027,Marketing,marketing,entry-level / student,Remote,10000,12000,Any
2025WSHP6028,Content and Social Media Marketing,marketing,entry-level / student,Mumbai,3500,5500,Any
2025WSHP6029,Quality Analyst,quality analyst,entry-level / student,Indore,10000,15000,Any
2025WSHP6030,Business Development (Sales),business development (sales),entry-level / student,Remote,12500,12500,Any
2025WSHP6031,Operations,operations,entry-level / student,Mumbai,14000,15000,Any
2025WSHP6032,Recruitment,frontend development,entry-level / student,Remote,1000,5000,Any
2025WSHP6033,Market Research,market research,entry-level / student,Bangalore,2000,3000,Any
2025WSHP6034,Content Writing,content writing,entry-level / student,Bangalore,15000,20000,Any
2025WSHP6035,Inside Sales,inside sales,entry-level / student,Chennai,25000,32000,Any
2025WSHP6036,Human Resources (HR),human resources (hr),entry-level / student,Mumbai,8000,10000,Any
2025WSHP6037,Content Development (Mathematics),content development (mathematics),entry-level / student,Gurgaon,5000,10000,Any
2025WSHP6038,Human Resources (HR),human resources (hr),entry-level / student,Gurgaon,10000,12000,Any
2025WSHP6039,Content Writing,content writing,entry-level / student,Remote,4000,5000,Any
2025WSHP6040,Inside Sales,inside sales,entry-level / student,Chennai,6000,9000,Any
2025WSHP6041,Human Resources (HR),human resources (hr),entry-level / student,Remote,1000,1000,Any
2025WSHP6042,Social Media Marketing,marketing,entry-level / student,Bangalore,20000,25000,Any
2025WSHP6043,Nothing,nothing,entry-level / student,Not Available,0,0,Any
2025WSHP6044,Management Trainee,machine learning / ai,entry-level / student,Remote,2000,2000,Any
2025WSHP6045,Software Development Engineering (Web),software development engineering (web),entry-level / student,Hyderabad,3000,5000,Any
2025WSHP6046,Operations,operations,entry-level / student,Noida,15000,20000,Any
2025WSHP6047,Project Management,project management,entry-level / student,Chennai,30000,40000,Any
2025WSHP6048,Recruitment,frontend development,entry-level / student,Mumbai,20000,150000,Any
2025WSHP6049,Nothing,nothing,entry-level / student,Not Available,0,0,Any
2025WSHP6050,Sales and Marketing,marketing,entry-level / student,Bangalore,6000,110000,Any
2025WSHP6051,Nothing,nothing,entry-level / student,Not Available,0,0,Any
2025WSHP6052,Legal,legal,entry-level / student,Chennai,5000,10000,Any
2025WSHP6053,Travel & Tourism,travel & tourism,entry-level / student,Gurgaon,5000,5000,Any
2025WSHP6054,Interior Design,design,entry-level / student,Delhi,2000,5000,Any
2025WSHP6055,Business Development (Sales),business development (sales),entry-level / student,Remote,2000,2000,Any
2025WSHP6056,Embedded Systems,embedded systems,entry-level / student,Faridabad,8000,10000,Any
2025WSHP6057,Digital Marketing,marketing,entry-level / student,Kolkata,7000,7000,Any
2025WSHP6058,Teaching,teaching,entry-level / student,Chennai,15000,25000,Any
2025WSHP6059,Marketing,marketing,entry-level / student,Kolkata,5000,7000,Any
2025WSHP6060,Human Resources (HR),human resources (hr),entry-level / student,Delhi,5000,7000,Any
2025WSHP6061,Digital Marketing,marketing,entry-level / student,Chennai,3000,5000,Any
2025WSHP6062,Content and Social Media Marketing,marketing,entry-level / student,Delhi,6000,10000,Any
2025WSHP6063,Graphic Design,design,entry-level / student,Gurgaon,3000,7000,Any
2025WSHP6064,Talent Acquisition,frontend development,entry-level / student,Chennai,20000,36000,Any
2025WSHP6065,SEO & Email Marketing,machine learning / ai,entry-level / student,Remote,4000,8000,Any
2025WSHP6066,AI Automation & No-Code Engineer (Remote),machine learning / ai,entry-level / student,Remote,6000,11000,Any
2025WSHP6067,AI Agent Development,machine learning / ai,entry-level / student,Bangalore,20000,30000,Any
2025WSHP6068,Human Resources (HR),human resources (hr),entry-level / student,Mumbai,5000,8000,Any
2025WSHP6069,Business Development (Sales),business development (sales),entry-level / student,Delhi,10000,12000,Any
2025WSHP6070,Lead Generation,lead generation,senior / experienced,Remote,3000,5000,Any
2025WSHP6071,Event Management,event management,entry-level / student,Agartala,5000,7000,Any
2025WSHP6072,Order Processing,order processing,entry-level / student,Mumbai,6000,10000,Any
2025WSHP6073,Incubation Project - Udaan,incubation project - udaan,entry-level / student,Bangalore,0,0,B.Tech
2025WSHP6074,Customer Support,customer support,entry-level / student,Remote,15000,15000,Any
2025WSHP6075,Pre Sales,pre sales,entry-level / student,Remote,6000,6000,MBA
2025WSHP6076,Shoe Designer,design,entry-level / student,Mumbai,10000,10001,Any
2025WSHP6077,Brand Partnership,brand partnership,entry-level / student,Remote,2000,2000,Any
2025WSHP6078,MIS - Google Sheets And Excel Expert,mis - google sheets and excel expert,entry-level / student,Remote,3000,7000,Any
2025WSHP6079,Social Media Marketing,marketing,entry-level / student,Ghaziabad,10000,20000,Any
2025WSHP6080,Full Stack Development,full stack development,entry-level / student,Noida,15000,25000,Any
2025WSHP6081,Digital Marketing Analytics,marketing,entry-level / student,Remote,3000,7000,Any
2025WSHP6082,Branding & Digital Marketing,marketing,entry-level / student,Bangalore,15000,20000,MBA
2025WSHP6083,Campus Ambassador,campus ambassador,entry-level / student,Ahmedabad,0,0,B.Com
2025WSHP6084,Front Desk Associate,front desk associate,entry-level / student,Udaipur,6000,8000,Any
2025WSHP6085,Animation,animation,entry-level / student,Remote,4000,8000,Any
2025WSHP6086,Investment Pitch Deck Making (VCs & Angels),investment pitch deck making (vcs & angels),entry-level / student,Remote,15000,25000,Any
2025WSHP6087,Corporate Sales,corporate sales,entry-level / student,Mumbai,15000,15000,Any
2025WSHP6088,Experience Partners (Sales),experience partners (sales),entry-level / student,Chennai,10000,20000,Any
2025WSHP6089,Online Entrepreneurship (US Curriculum) Tutoring,online entrepreneurship (us curriculum) tutoring,entry-level / student,Remote,1000,8000,Any
2025WSHP6090,Founders Office,founders office,entry-level / student,Mumbai,9000,10000,Any
2025WSHP6091,Digital Marketing,marketing,entry-level / student,Noida,10000,15000,Any
2025WSHP6092,Event Management,event management,entry-level / student,Delhi,10000,10000,Any
2025WSHP6093,ReactJS Development,reactjs development,entry-level / student,Mumbai,8000,12000,Any
2025WSHP6094,Associate - Client Service,associate - client service,entry-level / student,Gurgaon,0,0,MBA
2025WSHP6095,Digital Marketing,marketing,entry-level / student,Remote,10000,10000,Any
2025WSHP6096,YouTube Marketing,marketing,entry-level / student,Delhi,15000,25000,Any
2025WSHP6097,Zbrush Specialist,zbrush specialist,entry-level / student,Remote,8000,10000,Any
2025WSHP6098,Business Development (Sales),business development (sales),entry-level / student,Hyderabad,13000,17000,Any
2025WSHP6099,Business Development (Sales),business development (sales),entry-level / student,Remote,3000,5000,Any
2025WSHP6100,Content Creator,content creator,entry-level / student,Remote,5500,15000,Any
2025WSHP6101,Business Development (Sales),business development (sales),entry-level / student,Mumbai,2000,10000,MBA
2025WSHP6102,Full Stack Development,full stack development,entry-level / student,Remote,10000,10000,Any
2025WSHP6103,Marketing,marketing,entry-level / student,Hyderabad,6000,20000,Any
2025WSHP6104,Sales and Marketing,marketing,entry-level / student,Pune,10000,20000,Any
2025WSHP6105,Influencer Marketing & Outreach (social Media),marketing,entry-level / student,Remote,8000,8000,Any
2025WSHP6106,Product Analytics,product analytics,entry-level / student,Bangalore,30000,35000,Any
2025WSHP6107,Interior Design,design,entry-level / student,Mumbai,9000,10000,Diploma
2025WSHP6108,Video Editing/Making,video editing/making,entry-level / student,Remote,7500,7500,Any
2025WSHP6109,Frontend Developer,frontend development,entry-level / student,Chennai,20000,20000,Any
2025WSHP6110,Search Engine Optimization (SEO),marketing,entry-level / student,Jaipur,5000,8000,Any
2025WSHP6111,Customer Service/Customer Support,customer service/customer support,entry-level / student,Noida,15000,15000,Any
2025WSHP6112,Digital Marketing,marketing,entry-level / student,Remote,4000,5000,Any
2025WSHP6113,sales,sales,entry-level / student,Delhi,8000,10000,Any
2025WSHP6114,Social Media Marketing,marketing,entry-level / student,Remote,3500,6000,Any
2025WSHP6115,Fundraising Head,machine learning / ai,entry-level / student,Remote,5000,5000,Any
2025WSHP6116,Business Development (Sales),business development (sales),entry-level / student,Remote,11000,22000,Any
2025WSHP6117,Supply Chain Management (SCM),machine learning / ai,entry-level / student,Pune,6000,6000,Any
2025WSHP6118,Business Development (Sales),business development (sales),entry-level / student,Remote,7500,12500,Any
2025WSHP6119,Business Development (Sales),business development (sales),entry-level / student,Remote,6000,11001,Any
2025WSHP6120,Brand Outreach Intern,brand outreach intern,entry-level / student,Mumbai,6000,10000,Any
2025WSHP6121,Social Media Marketing,marketing,entry-level / student,Mumbai,5000,10000,Any
2025WSHP6122,Nothing,nothing,entry-level / student,Not Available,0,0,Any
2025WSHP6123,Graphic Design,design,entry-level / student,Chennai,10000,10000,Any
2025WSHP6124,Social Media Marketing,marketing,entry-level / student,Remote,1000,1000,Any
2025WSHP6125,Video Editing/Making,video editing/making,entry-level / student,Remote,2000,5000,Any
2025WSHP6126,Business Development (Sales),business development (sales),entry-level / student,Remote,5001,25000,Any
2025WSHP6127,Sales & Marketing Executive,marketing,entry-level / student,Remote,1200,11100,Any
2025WSHP6128,Mutual Fund Back Office,mutual fund back office,entry-level / student,Thane,5000,8000,MBA
2025WSHP6129,General Manager,general manager,entry-level / student,Hyderabad,2000,2500,Any
2025WSHP6130,Digital Marketing,marketing,entry-level / student,Remote,3000,8000,Any
2025WSHP6131,Tender Manager,tender manager,entry-level / student,Delhi,13000,22000,Any
2025WSHP6132,Medicine,medicine,entry-level / student,Thane,2000,2000,Any
2025WSHP6133,Marketing,marketing,entry-level / student,Kolkata,15000,20000,Any
2025WSHP6134,Interim Engineering Intern (Software),interim engineering intern (software),entry-level / student,Chennai,0,0,Any
2025WSHP6135,Furniture Designer,design,entry-level / student,Mumbai,5000,10000,MBA
2025WSHP6136,Nothing,nothing,entry-level / student,Not Available,0,0,Any
2025WSHP6137,Business Development (Sales),business development (sales),entry-level / student,Remote,5000,9000,Any
2025WSHP6138,Flutter Development,mobile development,entry-level / student,Pune,8000,10000,B.Tech
2025WSHP6139,Sales and Marketing,marketing,entry-level / student,Gurgaon,4999,5000,Any
2025WSHP6140,Video Editing/Making,video editing/making,entry-level / student,Chennai,7000,13000,Any
2025WSHP6141,Customer Service/Customer Support,customer service/customer support,entry-level / student,Bangalore,2800,3500,Any
2025WSHP6142,Social Media & Content Creation,marketing,entry-level / student,Delhi,2500,35000,Any
2025WSHP6143,Marketing Strategy,marketing,entry-level / student,Remote,3000,3000,Any
2025WSHP6144,Finance & Accounting,finance & accounting,entry-level / student,Mumbai,10000,10001,Any
2025WSHP6145,Game Host - Weekends Only,game host - weekends only,entry-level / student,Bangalore,6500,6500,Any
2025WSHP6146,Digital Marketing,marketing,entry-level / student,Delhi,5000,13000,Any
2025WSHP6147,Campus Ambassador,campus ambassador,entry-level / student,Remote,0,0,Any
2025WSHP6148,Accounts,accounts,entry-level / student,Pune,5000,8000,Any
2025WSHP6149,IT Purchase,it purchase,entry-level / student,Thane,12000,15000,Any
2025WSHP6150,Digital Marketing Manager (Female),marketing,entry-level / student,Ahmedabad,21000,25000,Any
2025WSHP6151,Human Resources (HR),human resources (hr),entry-level / student,Thane,8000,10000,MBA
2025WSHP6152,Business Development (Sales),business development (sales),entry-level / student,Pune,5000,10000,Any
2025WSHP6153,Sales and Marketing,marketing,entry-level / student,Remote,35000,50000,Any
2025WSHP6154,Cyber Security,cyber security,entry-level / student,Delhi,5000,5000,B.Tech
2025WSHP6155,Law/Legal,law/legal,entry-level / student,Remote,0,0,Any
2025WSHP6156,Graphic Design,design,entry-level / student,Delhi,8000,12000,Any
2025WSHP6157,Field Sales,field sales,entry-level / student,Kolkata,7000,27500,Any
2025WSHP6158,Social Media & Community,marketing,entry-level / student,Remote,15000,40000,Any
2025WSHP6159,Fashion Design,design,entry-level / student,Ulhasnagar,8000,10000,Any
2025WSHP6160,Video Editing/Making,video editing/making,entry-level / student,Remote,3000,5000,Any
2025WSHP6161,Content Writing,content writing,entry-level / student,Remote,0,0,Any
2025WSHP6162,Marketing,marketing,entry-level / student,Gurgaon,10000,15000,Any
2025WSHP6163,Field Sales,field sales,entry-level / student,Delhi,15000,15000,Any
2025WSHP6164,E-Commerce Marketing,marketing,entry-level / student,Gurgaon,12000,12000,Any
2025WSHP6165,Nothing,nothing,entry-level / student,Not Available,0,0,Any
2025WSHP6166,Experience Partners (Sales),experience partners (sales),entry-level / student,Pune,10000,20000,MBA
2025WSHP6167,Community Management,community management,entry-level / student,Chennai,20000,35000,Any
2025WSHP6168,Business Development (Sales),business development (sales),entry-level / student,Delhi,15000,15000,Any
2025WSHP6169,Business Development (Sales),business development (sales),entry-level / student,Chennai,27000,32000,Any
2025WSHP6170,Telecalling (Gujarati),telecalling (gujarati),entry-level / student,Remote,8000,8000,Any
2025WSHP6171,Academic Counselor,academic counselor,entry-level / student,Mumbai,10000,15000,Any
2025WSHP6172,Full Stack AI Developer,full stack development,entry-level / student,Kolkata,15000,20000,Any
2025WSHP6173,Events Head,events head,entry-level / student,Delhi,8000,8000,Any
2025WSHP6174,Brand Management,brand management,entry-level / student,Mumbai,14000,15000,Any
2025WSHP6175,Project Management,project management,entry-level / student,Chennai,30000,40000,Any
2025WSHP6176,Business Development (Sales),business development (sales),entry-level / student,Remote,6000,10000,Any
2025WSHP6177,Event Producer,event producer,entry-level / student,Chennai,2000,35000,Any
2025WSHP6178,SAP Finance,sap finance,entry-level / student,Chennai,30000,40000,Any
2025WSHP6179,Fundraising,machine learning / ai,entry-level / student,Chandigarh,10500,15500,Any
2025WSHP6180,Product Marketing,marketing,entry-level / student,Chennai,3000,10000,Any
2025WSHP6181,Search Engine Optimization (SEO),marketing,entry-level / student,Noida,2000,3000,Any
2025WSHP6182,Sales And Outreach (S&O),sales and outreach (s&o),entry-level / student,Remote,1500,15000,Any
2025WSHP6183,Data Analytics,data analytics,entry-level / student,Gurgaon,25000,30000,Any
2025WSHP6184,3D Object Annotator (iPhone 12 Pro And Above Models),3d object annotator (iphone 12 pro and above model,entry-level / student,Remote,5000,15000,Any
2025WSHP6185,Digital Marketing & HR,marketing,entry-level / student,Noida,8000,10000,Any
2025WSHP6186,sales,sales,entry-level / student,Bangalore,9002,11100,Any
2025WSHP6187,Hindi & Marathi Photo Collection Project,hindi & marathi photo collection project,entry-level / student,Remote,2500,12000,Any
2025WSHP6188,Human Resources (HR),human resources (hr),entry-level / student,Gurgaon,5000,7000,Any
2025WSHP6189,Social Media Marketing,marketing,entry-level / student,Delhi,10000,12000,Any
2025WSHP6190,Java Development,java development,entry-level / student,Remote,1000,1200,Diploma
2025WSHP6191,Cyber Security,cyber security,entry-level / student,Remote,6000,12000,Any
2025WSHP6192,Operations,operations,entry-level / student,Gurgaon,12000,15000,Any
2025WSHP6193,Digital Marketing,marketing,entry-level / student,Delhi,8000,10000,Any
2025WSHP6194,Sales,sales,entry-level / student,Jaipur,15000,15000,Any
2025WSHP6195,Data Mining,data mining,entry-level / student,Delhi,6000,8000,Any
2025WSHP6196,Copywriting,copywriting,entry-level / student,Delhi,10000,12000,Any
2025WSHP6197,Social Media Marketing,marketing,entry-level / student,Remote,1000,1000,Any
2025WSHP6198,AI Research & Prompt Engineering,machine learning / ai,entry-level / student,Remote,7000,11000,Any
2025WSHP6199,HR & Operation,hr & operation,entry-level / student,Remote,10000,10000,Any
2025WSHP6200,Business Operations,business operations,entry-level / student,Gurgaon,15000,18000,Any
2025WSHP6201,Agri Business Management Internship,agri business management internship,entry-level / student,Hyderabad,8000,8000,Any
2025WSHP6202,Support & Trainer,machine learning / ai,entry-level / student,Noida,7000,11000,Any
2025WSHP6203,Graphic Design,design,entry-level / student,Remote,3000,9000,Any
2025WSHP6204,React Native Development,mobile development,entry-level / student,Bangalore,8000,20000,Any
2025WSHP6205,Business Development (Sales),business development (sales),entry-level / student,Noida,12000,15000,Any
2025WSHP6206,Content Writing,content writing,entry-level / student,Remote,1000,1000,Any
2025WSHP6207,Full Stack Development,full stack development,entry-level / student,Remote,10000,20000,Any
2025WSHP6208,IT Recruitment,frontend development,entry-level / student,Delhi,10000,12000,B.Tech
2025WSHP6209,Laravel Associate Developer,laravel associate developer,entry-level / student,Remote,4000,4000,Any
2025WSHP6210,Social Media & Content,marketing,entry-level / student,Mumbai,6000,25000,Any
2025WSHP6211,Business Development (Sales),business development (sales),entry-level / student,Remote,5000,10000,Any
2025WSHP6212,Marketing,marketing,entry-level / student,Remote,6000,25000,Any
2025WSHP6213,Business Development (Sales),business development (sales),entry-level / student,Pune,20000,23000,Any
2025WSHP6214,Travel Client Servicing,travel client servicing,entry-level / student,Delhi,5000,8000,Any
2025WSHP6215,Social Media Marketing,marketing,entry-level / student,Delhi,11000,17000,Any
2025WSHP6216,Business Development (Sales),business development (sales),entry-level / student,Bangalore,13000,35000,Any
2025WSHP6217,Human Resources (HR),human resources (hr),entry-level / student,Mumbai,6500,8000,MBA
2025WSHP6218,Business Development (Sales),business development (sales),entry-level / student,Remote,3000,6000,B.Com
2025WSHP6219,Law/Legal,law/legal,entry-level / student,Delhi,0,0,Any
2025WSHP6220,Event Management,event management,entry-level / student,Agartala,5000,7000,Any
2025WSHP6221,Customer Service/Customer Support,customer service/customer support,entry-level / student,Remote,10000,15000,Any
2025WSHP6222,Campus Ambassador,campus ambassador,entry-level / student,Ahmedabad,0,0,Any
2025WSHP6223,Human Resources (HR),human resources (hr),entry-level / student,Mumbai,5000,5000,Any
2025WSHP6224,Android App Development,mobile development,entry-level / student,Remote,1000,1000,Any
2025WSHP6225,Architecture,architecture,senior / experienced,Pune,6000,10000,Any
2025WSHP6226,Corporate Sales,corporate sales,entry-level / student,Pune,12000,18000,MBA
2025WSHP6227,Marketing,marketing,entry-level / student,Delhi,10000,15000,Any
2025WSHP6228,Marketing,marketing,entry-level / student,Mumbai,10000,20000,Any
2025WSHP6229,Search Engine Optimization (SEO),marketing,entry-level / student,Remote,8000,8000,Any
2025WSHP6230,Graphic Design,design,entry-level / student,Delhi,5000,5000,Any
2025WSHP6231,Sales and Marketing,marketing,entry-level / student,Bangalore,10000,15000,Any
2025WSHP6232,sales,sales,entry-level / student,Gurgaon,15000,20000,Any
2025WSHP6233,Interior Design (Healthcare Projects),design,entry-level / student,Mumbai,6500,14000,Any
2025WSHP6234,Telecalling (Kannada/Malayalam),telecalling (kannada/malayalam),entry-level / student,Remote,8000,8000,Any
2025WSHP6235,Warehouse Operations Executive,warehouse operations executive,entry-level / student,Hyderabad,8000,8000,Any
2025WSHP6236,Front End Development,front end development,entry-level / student,Remote,5000,5000,Any
2025WSHP6237,Market Research,market research,entry-level / student,Kolkata,5000,7000,Any
2025WSHP6238,Graphic Design,design,entry-level / student,Bangalore,15000,15001,Any
2025WSHP6239,Psychology Opportunity – Quick Response Team At Calmunity,frontend development,entry-level / student,Remote,3000,9000,Any
2025WSHP6240,Book Research & Promotion – Social Impact,book research & promotion – social impact,entry-level / student,Remote,0,0,Any
2025WSHP6241,Sales Executive - Founders Office,sales executive - founders office,entry-level / student,Delhi,9000,11000,Any
2025WSHP6242,Full Stack Development,full stack development,entry-level / student,Mumbai,10000,15000,Any
2025WSHP6243,Business Development (Sales),business development (sales),entry-level / student,Bangalore,17000,23000,MBA
2025WSHP6244,Hindi Transcription & QA,hindi transcription & qa,entry-level / student,Remote,10000,30000,Any
2025WSHP6245,Graphic Design,design,entry-level / student,Mumbai,5000,6000,Any
2025WSHP6246,Human Resources (HR),human resources (hr),entry-level / student,Remote,7000,12000,Any
2025WSHP6247,Recruitment Consultant,frontend development,entry-level / student,Noida,20000,27000,Any
2025WSHP6248,Sales & Growth Expert,sales & growth expert,entry-level / student,Noida,12000,20000,Any
2025WSHP6249,Search Engine Optimization (SEO),marketing,entry-level / student,Mumbai,10000,12000,Any
2025WSHP6250,Recruitment,frontend development,entry-level / student,Delhi,5000,9000,Any
2025WSHP6251,Marketing,marketing,entry-level / student,Mumbai,10000,10000,Any
2025WSHP6252,Graphic Design,design,entry-level / student,Delhi,10000,11000,Any
2025WSHP6253,Training(Customer Support),machine learning / ai,entry-level / student,Bangalore,15000,18000,Any
2025WSHP6254,Business Development (Sales),business development (sales),entry-level / student,Remote,1500,7000,Any
2025WSHP6255,Sales and Marketing,marketing,entry-level / student,Remote,5000,10000,Any
2025WSHP6256,Embedded Systems,embedded systems,entry-level / student,Chennai,4000,4200,Any
2025WSHP6257,Turbo Machinery,turbo machinery,entry-level / student,Hyderabad,20000,24000,Any
2025WSHP6258,Social Media Marketing,marketing,entry-level / student,Pune,5000,5000,B.Com
2025WSHP6259,Content and Social Media Marketing,marketing,entry-level / student,Mumbai,20000,20000,Any
2025WSHP6260,Content and Social Media Marketing,marketing,entry-level / student,Delhi,8000,15000,Any
2025WSHP6261,Social Media Outreach,marketing,entry-level / student,Jaipur,8000,20000,Any
2025WSHP6262,Instructional Designer,design,entry-level / student,Remote,8000,10000,Any
2025WSHP6263,Social Media Marketing,marketing,entry-level / student,Remote,5000,5000,Any
2025WSHP6264,Social Media Marketing,marketing,entry-level / student,Remote,1000,1000,Any
2025WSHP6265,Animation,animation,entry-level / student,Remote,4000,5000,Any
2025WSHP6266,Product Marketing,marketing,entry-level / student,Chennai,3000,10000,Any
2025WSHP6267,Digital Marketing,marketing,entry-level / student,Delhi,10000,15000,Any
2025WSHP6268,Wedding Planning,wedding planning,entry-level / student,Jaipur,6000,15000,Any
2025WSHP6269,Sales and Marketing,marketing,entry-level / student,Remote,1000,5000,MBA
2025WSHP6270,Business Development (Sales),business development (sales),entry-level / student,Mumbai,20000,35000,Any
2025WSHP6271,Placement Co-ordinator,placement co-ordinator,entry-level / student,Faridabad,8000,10000,Any
2025WSHP6272,Content and Social Media Marketing,marketing,entry-level / student,Mumbai,8000,10000,Any
2025WSHP6273,Community Management,community management,entry-level / student,Delhi,8000,12000,Any
2025WSHP6274,Mechanical GET,mechanical get,entry-level / student,Thane,15000,17000,Any
2025WSHP6275,Key Account Management,key account management,entry-level / student,Mumbai,20000,25000,MBA
2025WSHP6276,Social Media Marketing,marketing,entry-level / student,Mumbai,3500,15000,MBA
2025WSHP6277,Business Development (Sales),business development (sales),entry-level / student,Noida,5000,8000,Any
2025WSHP6278,Content Writing,content writing,entry-level / student,Noida,8000,12000,Any
2025WSHP6279,Sales and Marketing,marketing,entry-level / student,Noida,8000,12000,Any
2025WSHP6280,UI/UX Design,frontend development,entry-level / student,Remote,15000,15000,Any
2025WSHP6281,Nothing,nothing,entry-level / student,Not Available,0,0,Any
2025WSHP6282,Business Development (Sales),business development (sales),entry-level / student,Kolkata,10000,10000,Any
2025WSHP6283,Accounting & Tally,accounting & tally,entry-level / student,Pune,10000,12000,Any
2025WSHP6284,Graphic Design - Founders Office,design,entry-level / student,Delhi,15000,25000,Any
2025WSHP6285,Social Media,marketing,entry-level / student,Mumbai,4000,4000,Any
2025WSHP6286,Management,management,entry-level / student,Gurgaon,15000,20000,Any
2025WSHP6287,Market Research - Sustainability & Climate Tech,machine learning / ai,entry-level / student,Chennai,15000,20000,Any
2025WSHP6288,Event Management,event management,entry-level / student,Remote,5000,5000,Any
2025WSHP6289,Backend Development,backend development,entry-level / student,Remote,3000,11000,Any
2025WSHP6290,Psychology,psychology,entry-level / student,Remote,2000,2000,Any
2025WSHP6291,Digital Marketing,marketing,entry-level / student,Remote,2500,4000,Any
2025WSHP6292,Human Resources (HR),human resources (hr),entry-level / student,Bangalore,6000,8000,Any
2025WSHP6293,Python Development,python development,entry-level / student,Delhi,25000,40000,PhD
2025WSHP6294,Client Acquisition,frontend development,entry-level / student,Remote,3000,5000,Any
2025WSHP6295,Content Writing,content writing,entry-level / student,Noida,5000,8000,B.Tech
2025WSHP6296,Talent Acquisition,frontend development,entry-level / student,Bangalore,6000,6001,Any
2025WSHP6297,Campus Ambassador,campus ambassador,entry-level / student,Remote,0,0,MBA
2025WSHP6298,Business Development (Sales),business development (sales),entry-level / student,Kolkata,6000,8000,Any
2025WSHP6299,Recruitment,frontend development,entry-level / student,Pune,4000,6000,Any
2025WSHP6300,Social Work Coordinator,social work coordinator,entry-level / student,Delhi,5000,5000,MBA
2025WSHP6301,Inside Sales,inside sales,entry-level / student,Bangalore,10000,12000,Any
2025WSHP6302,P&G PEAKathon 2025 – Multi-Functional Internship,p&g peakathon 2025 – multi-functional internship,entry-level / student,Mumbai,0,0,Any
2025WSHP6303,Native Speakers (Mizo),native speakers (mizo),entry-level / student,Remote,16000,27000,Any
2025WSHP6304,Nothing,nothing,entry-level / student,Not Available,0,0,Any
2025WSHP6305,Influencer Marketing,marketing,entry-level / student,Mumbai,10000,12000,Any
2025WSHP6306,Video Editing/Making,video editing/making,entry-level / student,Mumbai,13000,20000,Any
2025WSHP6307,Business Development,business development,entry-level / student,Bangalore,10000,15000,Any
2025WSHP6308,Finance Equity Analyst,frontend development,entry-level / student,Remote,1000,1100,Any
2025WSHP6309,Science Shows Anchoring,science shows anchoring,entry-level / student,Faridabad,5000,25000,Any
2025WSHP6310,Human Resources (HR),human resources (hr),entry-level / student,Chennai,2000,6000,Any
2025WSHP6311,Business Development (Sales),business development (sales),entry-level / student,Gurgaon,8000,8000,Any
2025WSHP6312,Investment Banking (Startup Sourcing),investment banking (startup sourcing),entry-level / student,Bangalore,13000,25000,Any
2025WSHP6313,Accounting & Taxation,accounting & taxation,entry-level / student,Mumbai,8000,10000,Any
2025WSHP6314,Graphic Design,design,entry-level / student,Bangalore,0,0,Any
2025WSHP6315,Business Consultant,business consultant,entry-level / student,Faridabad,15000,15000,Any
2025WSHP6316,Receptionist,receptionist,entry-level / student,Jaipur,15000,15000,Any
2025WSHP6317,Digital Marketing,marketing,entry-level / student,Bangalore,10000,18000,Any
2025WSHP6318,C# Backend Development,backend development,entry-level / student,Delhi,5000,5000,Any
2025WSHP6319,Digital Marketing,marketing,entry-level / student,Mumbai,12000,15000,Any
2025WSHP6320,Full Stack Development,full stack development,entry-level / student,Noida,12000,18000,Any
2025WSHP6321,Graphic Design,design,entry-level / student,Jaipur,5000,8000,Any
2025WSHP6322,Content and Social Media Marketing,marketing,entry-level / student,Kolkata,10000,32000,Any
2025WSHP6323,Social Media Marketing,marketing,entry-level / student,Delhi,8000,8000,MBA
2025WSHP6324,Full Stack Development,full stack development,entry-level / student,Remote,3000,4000,B.Tech
2025WSHP6325,Big Data,big data,entry-level / student,Chennai,20000,30000,Any
2025WSHP6326,Business Development (Sales),business development (sales),entry-level / student,Bangalore,5000,10000,MBA
2025WSHP6327,Graphic Design,design,entry-level / student,Jaipur,2000,2000,Any
2025WSHP6328,Sales & Marketing,marketing,entry-level / student,Remote,2000,2000,Any
2025WSHP6329,Human Resources (HR),human resources (hr),entry-level / student,Faridabad,4000,5000,Any
2025WSHP6330,Startup Founders Office,startup founders office,entry-level / student,Remote,7000,15000,Any
2025WSHP6331,Book Editor,book editor,entry-level / student,Remote,15000,20000,Any
2025WSHP6332,"React Native, NextJS And Firebase Development",mobile development,entry-level / student,Remote,1000,12000,Any
2025WSHP6333,Nothing,nothing,entry-level / student,Not Available,0,0,Any
2025WSHP6334,Business Development (Sales),business development (sales),entry-level / student,Delhi,8000,15000,Any
2025WSHP6335,Video Editor,video editor,entry-level / student,Mumbai,3000,5000,Any
2025WSHP6336,Graphic Design,design,entry-level / student,Mumbai,15000,18000,Any
2025WSHP6337,Public Relation,public relation,entry-level / student,Mumbai,7000,7001,Any
2025WSHP6338,Content and Social Media Marketing,marketing,entry-level / student,Mumbai,10000,15000,Any
2025WSHP6339,Instagram Reels Strategist,instagram reels strategist,entry-level / student,Bangalore,10000,12000,Any
2025WSHP6340,UI/UX Design,frontend development,entry-level / student,Remote,3000,5000,Any
2025WSHP6341,Partner Onboarding,partner onboarding,entry-level / student,Bangalore,5500,35000,Any
2025WSHP6342,Web Development,web development,entry-level / student,Remote,2000,2000,Any
2025WSHP6343,Drupal Developer,drupal developer,entry-level / student,Remote,5000,10000,Any
2025WSHP6344,Aviation,aviation,entry-level / student,Hyderabad,5000,5000,Any
2025WSHP6345,Software Testing,software testing,entry-level / student,Remote,25000,35000,Any
2025WSHP6346,Business Development (Sales),business development (sales),entry-level / student,Bangalore,20000,20001,Any
2025WSHP6347,Social Media Marketing,marketing,entry-level / student,Remote,5000,10000,Any
2025WSHP6348,JavaScript Development,javascript development,entry-level / student,Chennai,20000,40000,Any
2025WSHP6349,Customer Service/Customer Support,customer service/customer support,entry-level / student,Delhi,6000,10000,Any
2025WSHP6350,Social Media Marketing,marketing,entry-level / student,Noida,9999,10000,Any
2025WSHP6351,AI Agent Development,machine learning / ai,entry-level / student,Bangalore,8000,10000,Any
2025WSHP6352,Transcription QA Expert (Hindi Language),transcription qa expert (hindi language),entry-level / student,Remote,10000,25000,Any
2025WSHP6353,Field Data Entry Associate,field data entry associate,entry-level / student,Pune,15000,20000,Any
2025WSHP6354,Video Creator,video creator,entry-level / student,Chennai,2001,25000,Any
2025WSHP6355,Business Development (Sales),business development (sales),entry-level / student,Remote,5000,6000,Any
2025WSHP6356,Accounting,accounting,entry-level / student,Remote,5000,5000,Any
2025WSHP6357,Content and Social Media Marketing,marketing,entry-level / student,Gurgaon,7500,15000,Any
2025WSHP6358,Social Media,marketing,entry-level / student,Mumbai,5000,7000,Any
2025WSHP6359,Engineering Market Research,engineering market research,entry-level / student,Remote,10000,30000,MBA
2025WSHP6360,Inside Sales,inside sales,entry-level / student,Bangalore,6000,8000,Any
2025WSHP6361,Business Development (Sales),business development (sales),entry-level / student,Bangalore,9000,10800,Any
2025WSHP6362,International Business Development,international business development,entry-level / student,Faridabad,10000,22000,Any
2025WSHP6363,Cinematography,cinematography,entry-level / student,Gurgaon,3000,3500,Any
2025WSHP6364,Digital Marketing Manager (Female),marketing,entry-level / student,Ahmedabad,21000,25000,Any
2025WSHP6365,E-commerce Executive,e-commerce executive,entry-level / student,Delhi,5000,10000,Any
2025WSHP6366,Video Editing/Making,video editing/making,entry-level / student,Delhi,8000,10000,Any
2025WSHP6367,Customer Service/Customer Support,customer service/customer support,entry-level / student,Bangalore,15000,15000,Any
2025WSHP6368,Sales and Marketing,marketing,entry-level / student,Remote,8000,12000,Any
2025WSHP6369,Nothing,nothing,entry-level / student,Not Available,0,0,Any
2025WSHP6370,Backend Development,backend development,entry-level / student,Remote,12000,20000,Any
2025WSHP6371,Nothing,nothing,entry-level / student,Not Available,0,0,Any
2025WSHP6372,Telecalling,telecalling,entry-level / student,Pune,7500,15000,Any
2025WSHP6373,Video Editing/Making,video editing/making,entry-level / student,Bangalore,8000,12000,Any
2025WSHP6374,Business Development (Sales),business development (sales),entry-level / student,Remote,3000,8000,Any
2025WSHP6375,Franchise Growth Strategist,franchise growth strategist,entry-level / student,Bangalore,5000,15000,Any
2025WSHP6376,Communications and Design Manager,design,entry-level / student,Delhi,7000,8000,Any
2025WSHP6377,Human Resources (HR),human resources (hr),entry-level / student,Thane,6000,10000,Any
2025WSHP6378,Psychology,psychology,entry-level / student,Delhi,0,0,Any
2025WSHP6379,Creative Production & Outreach,creative production & outreach,entry-level / student,Delhi,6000,8000,Any
2025WSHP6380,Hospital Audit,hospital audit,entry-level / student,Pune,5000,10000,MBA
2025WSHP6381,Digital Marketing,marketing,entry-level / student,Gurgaon,10000,15000,Any
2025WSHP6382,College Community Lead,college community lead,senior / experienced,Remote,5000,20000,Any
2025WSHP6383,Law/Legal,law/legal,entry-level / student,Remote,0,0,Any
2025WSHP6384,Market Research,market research,entry-level / student,Remote,2000,15000,Any
2025WSHP6385,Graphic Design,design,entry-level / student,Delhi,5200,6600,Any
2025WSHP6386,Content and Social Media Marketing,marketing,entry-level / student,Mumbai,10000,30000,Any
2025WSHP6387,Python Development,python development,entry-level / student,Remote,25000,25000,Any
2025WSHP6388,Human Resources (HR),human resources (hr),entry-level / student,Delhi,3000,5000,Any
2025WSHP6389,Operations,operations,entry-level / student,Remote,2000,2000,Any
2025WSHP6390,Webtoon Production Artist,webtoon production artist,entry-level / student,Bangalore,25000,30000,Any
2025WSHP6391,Social Entrepreneurship,social entrepreneurship,entry-level / student,Remote,1500,10000,Any
2025WSHP6392,Graphic Design,design,entry-level / student,Mumbai,5000,10000,Any
2025WSHP6393,Social Media Marketing,marketing,entry-level / student,Remote,1000,1000,Any
2025WSHP6394,Business Development (Sales),business development (sales),entry-level / student,Chennai,12000,22000,Any
2025WSHP6395,Web Development,web development,entry-level / student,Remote,5000,10000,Any
2025WSHP6396,Digital Marketing,marketing,entry-level / student,Gurgaon,8000,12000,MBA
2025WSHP6397,Human Resources (HR),human resources (hr),entry-level / student,Remote,7000,11001,Any
2025WSHP6398,Law/Legal,law/legal,entry-level / student,Mumbai,0,0,Any
2025WSHP6399,Search Engine Optimization (SEO),marketing,entry-level / student,Remote,8000,12000,Any
2025WSHP6400,Full Stack Development,full stack development,entry-level / student,Bangalore,20000,20000,Any
2025WSHP6401,Video Editing/Making,video editing/making,entry-level / student,Remote,3500,5000,Any
2025WSHP6402,Front End Development,front end development,entry-level / student,Remote,0,0,Any
2025WSHP6403,Social Media Marketing,marketing,entry-level / student,Gurgaon,12000,15000,Any
2025WSHP6404,Influencer Marketing,marketing,entry-level / student,Delhi,12000,18000,Any
2025WSHP6405,Marketing,marketing,entry-level / student,Noida,5000,12000,Any
2025WSHP6406,Sales,sales,entry-level / student,Remote,10000,10000,Any
2025WSHP6407,Social Media Marketing,marketing,entry-level / student,Remote,15000,15000,Any
2025WSHP6408,Social Media & Content Strategy,marketing,entry-level / student,Bangalore,5000,5000,Any
2025WSHP6409,Graphic Design,design,entry-level / student,Bangalore,8000,8000,Any
2025WSHP6410,Content and Social Media Marketing,marketing,entry-level / student,Remote,5000,10000,Any
2025WSHP6411,Sales and Marketing,marketing,entry-level / student,Hyderabad,8000,10000,Any
2025WSHP6412,Business Strategy,business strategy,entry-level / student,Remote,10000,21000,Any
2025WSHP6413,Campus Ambassador,campus ambassador,entry-level / student,Chennai,0,0,Any
2025WSHP6414,Full Stack Development,full stack development,entry-level / student,Remote,1000,1000,Any
2025WSHP6415,Fundraising,machine learning / ai,entry-level / student,Pune,7500,15000,Any
2025WSHP6416,Nothing,nothing,entry-level / student,Not Available,0,0,Any
2025WSHP6417,Client/Partner Engagement,client/partner engagement,entry-level / student,Noida,20000,30000,Any
2025WSHP6418,Business Development (Sales),business development (sales),entry-level / student,Bangalore,10000,13000,Any
2025WSHP6419,Business Consultant,business consultant,entry-level / student,Mumbai,8000,15000,Any
2025WSHP6420,Technical Support Executive,technical support executive,entry-level / student,Jaipur,8000,15000,Any
2025WSHP6421,Graphic Design,design,entry-level / student,Remote,10000,10000,Any
2025WSHP6422,Business Development (Sales),business development (sales),entry-level / student,Remote,2500,2500,Any
2025WSHP6423,Meta Ads + Marketing Automation,marketing,entry-level / student,Pune,5700,13000,Any
2025WSHP6424,Finance & Marketing – Wealth Management,marketing,entry-level / student,Delhi,6000,25000,MBA
2025WSHP6425,Software Engineering – AI & Fintech,machine learning / ai,entry-level / student,Bangalore,5000,10000,Any
2025WSHP6426,Content Writing,content writing,entry-level / student,Kolkata,8000,10000,Any
2025WSHP6427,Food QC & Inventory Management,food qc & inventory management,entry-level / student,Mumbai,8000,12000,Any
2025WSHP6428,Backend Engineer (Python/FastAPI),backend development,entry-level / student,Remote,14000,15000,Any
2025WSHP6429,Research & Insights,research & insights,entry-level / student,Chennai,7000,15000,Any
2025WSHP6430,Marketing,marketing,entry-level / student,Mumbai,10000,15000,Any
2025WSHP6431,Sales Operation,sales operation,entry-level / student,Hyderabad,5000,5000,Any
2025WSHP6432,AI Engineer,machine learning / ai,entry-level / student,Bangalore,20000,30000,Any
2025WSHP6433,Search Engine Optimization (SEO) Manager,marketing,entry-level / student,Remote,2000,2500,Any
2025WSHP6434,Video Editing/Making,video editing/making,entry-level / student,Remote,3000,3000,Any
2025WSHP6435,Creative Writing,creative writing,entry-level / student,Remote,3000,6000,Any
2025WSHP6436,Marketing,marketing,entry-level / student,Remote,3300,4500,Any
2025WSHP6437,Work From Home – Only For IPhone Pro Users (Paid Scanning Tasks),machine learning / ai,entry-level / student,Remote,16000,32000,Any
2025WSHP6438,Selenium Web Scraper Developer,selenium web scraper developer,entry-level / student,Remote,6000,6500,Any
2025WSHP6439,Accounting & Tally,accounting & tally,entry-level / student,Bangalore,8000,14000,Any
2025WSHP6440,Full Stack Development,full stack development,entry-level / student,Delhi,5500,11000,Any
2025WSHP6441,Content and Social Media Marketing,marketing,entry-level / student,Noida,8000,13000,Any
2025WSHP6442,CS Articleship,cs articleship,entry-level / student,Pune,11000,13000,Any
2025WSHP6443,Business Development (Sales),business development (sales),entry-level / student,Mumbai,5000,7000,Any
2025WSHP6444,JavaScript Development,javascript development,entry-level / student,Chennai,20000,40000,Any
2025WSHP6445,Inside Sales,inside sales,entry-level / student,Delhi,28000,36000,Any
2025WSHP6446,Social Media,marketing,entry-level / student,Hyderabad,12000,12000,Any
2025WSHP6447,Business Development (Sales),business development (sales),entry-level / student,Bangalore,7000,12000,Any
2025WSHP6448,Mentor - Data Structures & Algorithm - CipherSchools,mentor - data structures & algorithm - cipherschoo,entry-level / student,Chandigarh,50000,60000,Any
2025WSHP6449,Nothing,nothing,entry-level / student,Not Available,0,0,Any
2025WSHP6450,sales,sales,entry-level / student,Kolkata,6500,12500,Any
2025WSHP6451,Content Writing,content writing,entry-level / student,Pune,8000,9000,Any
2025WSHP6452,Business Development (Sales),business development (sales),entry-level / student,Bangalore,11000,17000,Any
2025WSHP6453,Social Media Influencer/Content Creator,marketing,entry-level / student,Remote,10000,20000,Any
2025WSHP6454,Video Editing/Making,video editing/making,entry-level / student,Chennai,10000,12000,Any
2025WSHP6455,CEOs Office,ceos office,entry-level / student,Mumbai,5001,105000,MBA
2025WSHP6456,Video Editing/Making,video editing/making,entry-level / student,Remote,5000,7000,Any
2025WSHP6457,Content Writing,content writing,entry-level / student,Remote,10000,10000,Any
2025WSHP6458,Influencer Marketing,marketing,entry-level / student,Jaipur,4000,5000,Any
2025WSHP6459,UPSC Content Proof Reader,upsc content proof reader,entry-level / student,Remote,5000,8000,Any
2025WSHP6460,Biotechnology Engineering,biotechnology engineering,entry-level / student,Chennai,30000,40000,Any
2025WSHP6461,Import Export Executive,import export executive,entry-level / student,Bangalore,10000,30000,Any
2025WSHP6462,UI/UX Design,frontend development,entry-level / student,Bangalore,15000,20000,Any
2025WSHP6463,Pricing Analyst,pricing analyst,entry-level / student,Hyderabad,8000,8000,Any
2025WSHP6464,E-Commerce Business Management,e-commerce business management,entry-level / student,Jaipur,8000,25000,Any
2025WSHP6465,Volunteering,volunteering,entry-level / student,Remote,1500,10000,Any
2025WSHP6466,Founders Office,founders office,entry-level / student,Remote,10000,15000,Any
2025WSHP6467,Corporate Sales,corporate sales,entry-level / student,Pune,15000,15000,MBA
2025WSHP6468,Business Development (Sales),business development (sales),entry-level / student,Delhi,4000,7000,B.Tech
2025WSHP6469,Android App Development,mobile development,entry-level / student,Jaipur,10000,12000,Any
2025WSHP6470,Content and Social Media Marketing,marketing,entry-level / student,Remote,3000,5000,Any
2025WSHP6471,Campus Ambassador,campus ambassador,entry-level / student,Remote,0,0,Any
2025WSHP6472,Video Editing/Making,video editing/making,entry-level / student,Noida,5000,20000,Diploma
2025WSHP6473,Content and Social Media Marketing,marketing,entry-level / student,Bangalore,5000,7500,Any
2025WSHP6474,Search Engine Optimization (SEO),marketing,entry-level / student,Bangalore,10000,12000,Any
2025WSHP6475,B2B Client Onboarding Executive,b2b client onboarding executive,entry-level / student,Remote,8000,12000,Any
2025WSHP6476,Content and Social Media Marketing,marketing,entry-level / student,Delhi,12000,15000,Any
2025WSHP6477,Field Sales,field sales,entry-level / student,Delhi,12000,15000,Any
2025WSHP6478,Graphic Design,design,entry-level / student,Hyderabad,5000,7000,Any
2025WSHP6479,Content Writing,content writing,entry-level / student,Jaipur,4000,8000,Any
2025WSHP6480,Growth (Digital+Operations),growth (digital+operations),entry-level / student,Chennai,8000,12000,Any
2025WSHP6481,E-Commerce,e-commerce,entry-level / student,Mumbai,6000,10000,Any
2025WSHP6482,Business Development (Sales),business development (sales),entry-level / student,Remote,2000,10000,Any
2025WSHP6483,Graphic Design,design,entry-level / student,Pune,10000,20000,Any
2025WSHP6484,Human Resources (HR),human resources (hr),entry-level / student,Pune,7000,8000,Any
2025WSHP6485,Nothing,nothing,entry-level / student,Not Available,0,0,Any
2025WSHP6486,Social Media Manager,marketing,entry-level / student,Remote,12000,18000,Any
2025WSHP6487,Fundraising Associate,machine learning / ai,entry-level / student,Mumbai,4000,5000,Any
2025WSHP6488,Interior Design (Healthcare Projects),design,entry-level / student,Mumbai,6500,14000,Any
2025WSHP6489,Social Work,social work,entry-level / student,Remote,1500,15000,Any
2025WSHP6490,Lead Generation,lead generation,senior / experienced,Remote,2000,8000,Any
2025WSHP6491,Quality Assurance Analyst,quality assurance analyst,entry-level / student,Thane,9500,10000,MBA
2025WSHP6492,Nothing,nothing,entry-level / student,Not Available,0,0,Any
2025WSHP6493,Content Writing,content writing,entry-level / student,Remote,2500,4000,Any
2025WSHP6494,Talent Acquisition,frontend development,entry-level / student,Hyderabad,5001,6002,Any
2025WSHP6495,AI Creative Designer,machine learning / ai,entry-level / student,Remote,5000,6000,Any
2025WSHP6496,Graphic Design,design,entry-level / student,Kolkata,5000,5500,Any
2025WSHP6497,Videography,videography,entry-level / student,Pune,6000,11000,MBA
2025WSHP6498,Link Building Specialist (SEO),frontend development,entry-level / student,Remote,10000,10000,Any
2025WSHP6499,Inside Sales,inside sales,entry-level / student,Delhi,8500,11000,Any
2025WSHP6500,Content And Performance Marketing,marketing,entry-level / student,Delhi,10000,12000,Any
2025WSHP6501,Events And Admin,events and admin,entry-level / student,Mumbai,5000,10000,MBA
2025WSHP6502,Law/Legal,law/legal,entry-level / student,Remote,0,0,Any
2025WSHP6503,Human Resources (HR),human resources (hr),entry-level / student,Indore,5000,10000,Any
2025WSHP6504,Data Analytics,data analytics,entry-level / student,Remote,5000,18000,Any
2025WSHP6505,Marketing (Digital Discovery & Social Media Evangelism),marketing,entry-level / student,Chennai,10000,15000,Any
2025WSHP6506,Nothing,nothing,entry-level / student,Not Available,0,0,Any
2025WSHP6507,Volunteering Work,volunteering work,entry-level / student,Delhi,0,0,Any
2025WSHP6508,Sales And Marketing Associate,marketing,entry-level / student,Delhi,3200,24000,Any
2025WSHP6509,Business Development (Sales),business development (sales),entry-level / student,Anantapur,9500,15000,Any
2025WSHP6510,Business Development (Sales),business development (sales),entry-level / student,Remote,15000,60000,Any
2025WSHP6511,Sales and Marketing,marketing,entry-level / student,Remote,5000,5000,MBA
2025WSHP6512,Business Development (Sales),business development (sales),entry-level / student,Bangalore,15001,35000,Any
2025WSHP6513,Research Manager– Business Automations,research manager– business automations,entry-level / student,Remote,12000,18000,Any
2025WSHP6514,Media Sales,media sales,entry-level / student,Chennai,10000,12000,Any
2025WSHP6515,Digital Mall Creator,digital mall creator,entry-level / student,Delhi,12000,15000,Any
2025WSHP6516,LinkedIn Management,linkedin management,entry-level / student,Jaipur,8000,10000,Any
2025WSHP6517,Content and Social Media Marketing,marketing,entry-level / student,Jaipur,4000,6000,Any
2025WSHP6518,Full Stack Development,full stack development,entry-level / student,Remote,15000,20000,Any
2025WSHP6519,Digital Marketing,marketing,entry-level / student,Thane,3000,3000,MBA
2025WSHP6520,AI Image/Video Generator,machine learning / ai,entry-level / student,Delhi,5000,5001,Any
2025WSHP6521,Nothing,nothing,entry-level / student,Not Available,0,0,Any
2025WSHP6522,Telecalling,telecalling,entry-level / student,Mumbai,8500,12000,Any
2025WSHP6523,Business Development Executive (BDE),business development executive (bde),entry-level / student,Remote,2500,9000,MBA
2025WSHP6524,Front End Development,front end development,entry-level / student,Remote,2000,2000,Any
2025WSHP6525,College Intern,college intern,entry-level / student,Bangalore,0,0,Any
2025WSHP6526,Marketing,marketing,entry-level / student,Bangalore,18000,24000,Any
2025WSHP6527,Business Growth & Client Engagement,business growth & client engagement,entry-level / student,Remote,10000,10000,Any
2025WSHP6528,Graphic Design,design,entry-level / student,Gurgaon,10000,15000,Any
2025WSHP6529,Embedded Systems,embedded systems,entry-level / student,Chennai,20000,35000,Any
2025WSHP6530,Business Development (Sales),business development (sales),entry-level / student,Palghar,15000,30000,MBA
2025WSHP6531,Customer Service/Customer Support,customer service/customer support,entry-level / student,Pune,8000,12000,Any
2025WSHP6532,Social Media Marketing,marketing,entry-level / student,Bangalore,10000,120000,Any
2025WSHP6533,Marketing,marketing,entry-level / student,Jaipur,5000,5000,Any
2025WSHP6534,Game Development,game development,entry-level / student,Chennai,25000,35000,Any
2025WSHP6535,Business Development (Sales),business development (sales),entry-level / student,Bangalore,2001,103000,Any
2025WSHP6536,Event Management,event management,entry-level / student,Bangalore,2500,14000,Any
2025WSHP6537,Software Development,software development,entry-level / student,Remote,35000,35000,Any
2025WSHP6538,Content Writing,content writing,entry-level / student,Gurgaon,15000,30000,Any
2025WSHP6539,Software Development/AI,machine learning / ai,entry-level / student,Remote,3000,6000,Any
2025WSHP6540,Backend Development,backend development,entry-level / student,Remote,5000,5000,Any
2025WSHP6541,International Language Transcription,international language transcription,entry-level / student,Remote,10100,20500,Any
2025WSHP6542,Property Consultant,property consultant,entry-level / student,Bangalore,16000,30000,Any
2025WSHP6543,Business Development (Sales),business development (sales),entry-level / student,Delhi,5000,10000,Any
2025WSHP6544,Digital Marketing,marketing,entry-level / student,Chennai,18000,30000,Any
2025WSHP6545,Category Management - Udaan,category management - udaan,entry-level / student,Bangalore,0,0,MBA
2025WSHP6546,Data Entry,data entry,entry-level / student,Chennai,10000,25000,Any
2025WSHP6547,Data Analytics,data analytics,entry-level / student,Remote,7500,15000,Any
2025WSHP6548,Sales and Marketing,marketing,entry-level / student,Remote,7000,7000,Any
2025WSHP6549,E-Commerce Catalog Management,e-commerce catalog management,entry-level / student,Noida,7000,10000,Any
2025WSHP6550,Market Research,market research,entry-level / student,Mumbai,15000,15000,Any
2025WSHP6551,Crisis Counseling Counselors For Mental Health Helpline,crisis counseling counselors for mental health hel,entry-level / student,Remote,0,0,Any
2025WSHP6552,Exec Assistant To The Director + Sales And Marketing,marketing,entry-level / student,Remote,5000,302000,Any
2025WSHP6553,Sales and Marketing,marketing,entry-level / student,Bangalore,10000,10500,Any
2025WSHP6554,Photography,photography,entry-level / student,Mumbai,10000,12000,Any
2025WSHP6555,Video Editing/Making,video editing/making,entry-level / student,Gurgaon,8000,10000,Any
2025WSHP6556,Content and Social Media Marketing,marketing,entry-level / student,Delhi,7000,10000,Any
2025WSHP6557,Telecalling,telecalling,entry-level / student,Noida,11000,15000,Any
2025WSHP6558,Business Development (Sales),business development (sales),entry-level / student,Bangalore,25000,35000,MBA
2025WSHP6559,Operations & Admin,operations & admin,entry-level / student,Delhi,3000,3000,Any
2025WSHP6560,Business Development (Sales),business development (sales),entry-level / student,Kolkata,12000,12001,Any
2025WSHP6561,Telecalling,telecalling,entry-level / student,Mumbai,4000,5000,Any
2025WSHP6562,Content Writing,content writing,entry-level / student,Delhi,5000,10000,Any
2025WSHP6563,Influencer Marketing,marketing,entry-level / student,Remote,5000,5001,MBA
2025WSHP6564,React Native Development,mobile development,entry-level / student,Kolkata,8000,12000,Any
2025WSHP6565,Marketing & Sales,marketing,entry-level / student,Hyderabad,8000,8000,Any
2025WSHP6566,Digital Marketing,marketing,entry-level / student,Remote,7500,15000,Any
2025WSHP6567,Software Testing,software testing,entry-level / student,Delhi,5000,5001,Any
2025WSHP6568,Digital Marketing,marketing,entry-level / student,Pune,13000,22000,Any
2025WSHP6569,Customer Service/Customer Support,customer service/customer support,entry-level / student,Chennai,6000,8000,Any
2025WSHP6570,Content and Social Media Marketing,marketing,entry-level / student,Mumbai,7500,12000,Any
2025WSHP6571,Product & Research – Travel,product & research – travel,entry-level / student,Remote,6000,10000,Any
2025WSHP6572,Video Editing/Making,video editing/making,entry-level / student,Mumbai,10000,15000,Any
2025WSHP6573,Business Development (Sales),business development (sales),entry-level / student,Remote,3000,3000,Any
2025WSHP6574,Business Development (Sales),business development (sales),entry-level / student,Remote,4000,15000,Any
2025WSHP6575,Architecture,architecture,senior / experienced,Delhi,10000,15000,Any
2025WSHP6576,Partner Support & Telecalling,partner support & telecalling,entry-level / student,Pune,6000,8000,Any
2025WSHP6577,Journalism,journalism,entry-level / student,Remote,0,0,Any
2025WSHP6578,Social Media Marketing,marketing,entry-level / student,Noida,8000,10000,Any
2025WSHP6579,Virtual Charity Drive,virtual charity drive,entry-level / student,Remote,1500,15000,Any
2025WSHP6580,Bug Finder And Solver,bug finder and solver,entry-level / student,Remote,0,0,Any
2025WSHP6581,Video Editing/Making,video editing/making,entry-level / student,Pune,10000,10000,Any
2025WSHP6582,Anchoring (Female),anchoring (female),entry-level / student,Delhi,5000,5000,Any
2025WSHP6583,Embedded Systems,embedded systems,entry-level / student,Bangalore,20000,22000,Any
2025WSHP6584,Product Marketing,marketing,entry-level / student,Chennai,3000,10000,Any
2025WSHP6585,Digital Marketing,marketing,entry-level / student,Gurgaon,3000,15000,Any
2025WSHP6586,Operations,operations,entry-level / student,Bangalore,8000,10000,Any
2025WSHP6587,Video Editing/Making,video editing/making,entry-level / student,Hyderabad,10000,120000,Any
2025WSHP6588,Social Media Marketing,marketing,entry-level / student,Delhi,10000,15000,Any
2025WSHP6589,Content and Social Media Marketing,marketing,entry-level / student,Delhi,7000,7000,Any
2025WSHP6590,Influencer Marketing,marketing,entry-level / student,Mumbai,7000,9000,Any
2025WSHP6591,Business Development (Sales),business development (sales),entry-level / student,Remote,1000,3000,Any
2025WSHP6592,Content and Social Media Marketing,marketing,entry-level / student,Jaipur,5000,5000,Any
2025WSHP6593,Social Media Marketing,marketing,entry-level / student,Chennai,20000,30000,Any
2025WSHP6594,Course Creator (Driving/Racing),course creator (driving/racing),entry-level / student,Remote,2000,3000,Any
2025WSHP6595,Search Engine Optimization (SEO),marketing,entry-level / student,Gurgaon,8000,12000,MBA
2025WSHP6596,Legal Research,legal research,entry-level / student,Thane,0,0,B.A
2025WSHP6597,Logistics And Operations,logistics and operations,entry-level / student,Mumbai,5000,6500,Any
2025WSHP6598,Outreach Lead Generation,outreach lead generation,senior / experienced,Remote,1000,5000,Any
2025WSHP6599,Community And Content,community and content,entry-level / student,Remote,8000,8000,MBA
2025WSHP6600,Full Stack Development,full stack development,entry-level / student,Bangalore,7000,15000,Any
2025WSHP6601,Social Work,social work,entry-level / student,Remote,2000,3500,Any
2025WSHP6602,Architecture,architecture,senior / experienced,Remote,6000,14000,Any
2025WSHP6603,Prompt Engineering,prompt engineering,entry-level / student,Mumbai,5000,15000,Any
2025WSHP6604,Field Sales,field sales,entry-level / student,Noida,10000,15000,Any
2025WSHP6605,Industrial And Production Engineering,industrial and production engineering,entry-level / student,Chomu,12000,18000,Any
2025WSHP6606,Accounts,accounts,entry-level / student,Mumbai,10000,15000,Any
2025WSHP6607,Graphic Design,design,entry-level / student,Remote,10000,15000,Any
2025WSHP6608,Administration,administration,entry-level / student,Mumbai,12000,15000,Diploma
2025WSHP6609,Ads Manager,ads manager,entry-level / student,Noida,6500,12000,Any
2025WSHP6610,Social Media Marketing,marketing,entry-level / student,Faridabad,8000,12000,Any
2025WSHP6611,Data Science,data science / analytics,entry-level / student,Remote,0,0,Any
2025WSHP6612,Telecalling,telecalling,entry-level / student,Noida,5000,8000,Any
2025WSHP6613,Video Editing/Making,video editing/making,entry-level / student,Remote,2000,5000,Any
2025WSHP6614,Visual Design,design,entry-level / student,Delhi,4000,6000,Any
2025WSHP6615,Business Development (Sales),business development (sales),entry-level / student,Hyderabad,15000,20000,Any
2025WSHP6616,sales,sales,entry-level / student,Gurgaon,10000,12000,Any
2025WSHP6617,CA Articleship,ca articleship,entry-level / student,Mumbai,10000,12000,Any
2025WSHP6618,Lead Generation - Female,lead generation - female,senior / experienced,Faridabad,16000,17000,Any
2025WSHP6619,UI/UX Design,frontend development,entry-level / student,Remote,10000,10000,Any
2025WSHP6620,Content Creator,content creator,entry-level / student,Remote,10000,15000,Any
2025WSHP6621,Client Support Executive,client support executive,entry-level / student,Remote,14000,15000,Any
2025WSHP6622,Telecalling,telecalling,entry-level / student,Mumbai,8500,12000,Any
2025WSHP6623,Human Resources (HR),human resources (hr),entry-level / student,Remote,2000,5000,Any
2025WSHP6624,Data Analyst,data science / analytics,entry-level / student,Remote,30000,30000,Any
2025WSHP6625,Graphic Designer & Video Editor,design,entry-level / student,Remote,3000,5000,Any
2025WSHP6626,Cyber Security,cyber security,entry-level / student,Delhi,5000,5000,B.Tech
2025WSHP6627,Marketing,marketing,entry-level / student,Remote,12000,27000,Any
2025WSHP6628,Flutter Development,mobile development,entry-level / student,Remote,5000,5000,Any
2025WSHP6629,Content Writing,content writing,entry-level / student,Noida,10000,10000,Any
2025WSHP6630,Business Development (Sales),business development (sales),entry-level / student,Gurgaon,5000,7000,Any
2025WSHP6631,Data Entry,data entry,entry-level / student,Bangalore,8000,13000,Any
2025WSHP6632,Marketing & Content Creation,marketing,entry-level / student,Remote,2000,4000,Any
2025WSHP6633,Brand Web Specialist (Website Builder),frontend development,entry-level / student,Remote,15000,30000,Any
2025WSHP6634,Product Management,product management,entry-level / student,Chennai,20000,30000,Any
2025WSHP6635,Corporate Sales,corporate sales,entry-level / student,Mumbai,15000,15000,Any
2025WSHP6636,Motion Graphics,design,entry-level / student,Remote,5000,11000,Any
2025WSHP6637,Video Editing/Making,video editing/making,entry-level / student,Mumbai,15000,15000,Any
2025WSHP6638,Banking Relationship Trainee,machine learning / ai,entry-level / student,Thane,7000,7000,MBA
2025WSHP6639,Search Engine Optimization (SEO),marketing,entry-level / student,Bangalore,8500,11000,Any
2025WSHP6640,Content and Social Media Marketing,marketing,entry-level / student,Dehradun,4000,15000,Any
2025WSHP6641,Data Entry,data entry,entry-level / student,Delhi,8000,10000,Any
2025WSHP6642,Data Analytics,data analytics,entry-level / student,Hyderabad,8000,8000,Any
2025WSHP6643,Graphic Design,design,entry-level / student,Bangalore,8000,18000,Any
2025WSHP6644,Creative Intern,creative intern,entry-level / student,Mumbai,7500,7500,Any
2025WSHP6645,Associate - Client Service,associate - client service,entry-level / student,Bangalore,0,0,MBA
2025WSHP6646,Graphic Design,design,entry-level / student,Pune,10001,12002,Any
2025WSHP6647,Social Media Marketing,marketing,entry-level / student,Mumbai,8000,10000,Any
2025WSHP6648,Client Engagement,client engagement,entry-level / student,Mumbai,7000,15000,MBA
2025WSHP6649,Company Secretary (CS),company secretary (cs),entry-level / student,Pune,6000,12000,Any
2025WSHP6650,Content and Social Media Marketing,marketing,entry-level / student,Remote,5000,6000,Any
2025WSHP6651,Operations,operations,entry-level / student,Mumbai,8000,10000,Any
2025WSHP6652,Human Resources (HR),human resources (hr),entry-level / student,Chennai,3000,6000,Any
2025WSHP6653,Human Resources (HR),human resources (hr),entry-level / student,Chennai,3000,6000,Any
2025WSHP6654,Nothing,nothing,entry-level / student,Not Available,0,0,Any
2025WSHP6655,Entrepreneur In Residence (EIR),entrepreneur in residence (eir),entry-level / student,Gurgaon,12000,15000,Any
2025WSHP6656,Fashion Design,design,entry-level / student,Noida,15000,15000,Any
2025WSHP6657,Content Writing,content writing,entry-level / student,Mumbai,10000,12000,Any
2025WSHP6658,Content and Social Media Marketing,marketing,entry-level / student,Pune,6000,10000,Any
2025WSHP6659,Creative Web Designer,design,entry-level / student,Remote,2000,2500,Any
2025WSHP6660,Business Development (Sales),business development (sales),entry-level / student,Mumbai,8000,10000,Any
2025WSHP6661,Business Development (Sales),business development (sales),entry-level / student,Delhi,5000,5001,Any
2025WSHP6662,Website Developer,website developer,entry-level / student,Remote,2000,2500,Any
2025WSHP6663,Video Editing/Making,video editing/making,entry-level / student,Remote,1000,1000,Any
2025WSHP6664,Accounting & Bookkeeping,accounting & bookkeeping,entry-level / student,Chennai,5000,8000,B.Com
2025WSHP6665,Content Writing,content writing,entry-level / student,Noida,2000,2000,Any
2025WSHP6666,Nothing,nothing,entry-level / student,Not Available,0,0,Any
2025WSHP6667,Digital Marketing,marketing,entry-level / student,Noida,10000,11000,Any
2025WSHP6668,Business Development (Sales),business development (sales),entry-level / student,Noida,20000,35000,Any
2025WSHP6669,Business Development (Sales),business development (sales),entry-level / student,Jaipur,6000,10000,Any
2025WSHP6670,Business Development (Sales),business development (sales),entry-level / student,Noida,8000,10000,Any
2025WSHP6671,Human Resources (HR),human resources (hr),entry-level / student,Delhi,4000,8000,Any
2025WSHP6672,Operations,operations,entry-level / student,Mumbai,5000,10000,MBA
2025WSHP6673,Business Development (Sales),business development (sales),entry-level / student,Remote,4000,4000,Any
2025WSHP6674,Business Development (Sales),business development (sales),entry-level / student,Ghaziabad,16000,22000,Any
2025WSHP6675,Digital Marketing,marketing,entry-level / student,Delhi,4000,6000,Diploma
2025WSHP6676,Graphic Design,design,entry-level / student,Bangalore,12000,12000,Any
2025WSHP6677,Graphic Design,design,entry-level / student,Thane,9500,10000,Any
2025WSHP6678,Store Fashion Consultant,store fashion consultant,entry-level / student,Hyderabad,9000,10000,Any
2025WSHP6679,Sales and Marketing,marketing,entry-level / student,Thane,20000,20000,B.Tech
2025WSHP6680,Founders Office,founders office,entry-level / student,Bangalore,10000,15000,Any
2025WSHP6681,Digital Marketing – TapZap (by Shiplee),marketing,entry-level / student,Remote,2000,3500,Any
2025WSHP6682,Digital Marketing,marketing,entry-level / student,Delhi,5000,10000,Any
2025WSHP6683,Nothing,nothing,entry-level / student,Not Available,0,0,Any
2025WSHP6684,Social Media Marketing,marketing,entry-level / student,Noida,5000,10000,Any
2025WSHP6685,E-commerce Associate,e-commerce associate,entry-level / student,Kaushambi,5000,6000,Any
2025WSHP6686,Customer Service/Customer Support (Male),customer service/customer support (male),entry-level / student,Delhi,6001,12000,Any
2025WSHP6687,Sales and Marketing,marketing,entry-level / student,Delhi,10000,15000,Any
2025WSHP6688,Human Resources (HR),human resources (hr),entry-level / student,Remote,10000,30001,Any
2025WSHP6689,Food Distribution Volunteer - Gurgaon,food distribution volunteer - gurgaon,entry-level / student,Gurgaon,0,0,Any
2025WSHP6690,AI Content Marketer,machine learning / ai,entry-level / student,Mumbai,10000,20000,Any
2025WSHP6691,Front End Development,front end development,entry-level / student,Remote,1500,2500,Any
2025WSHP6692,Content and Social Media Marketing,marketing,entry-level / student,Pune,10000,12000,Any
2025WSHP6693,Business Development (Sales),business development (sales),entry-level / student,Delhi,10000,12000,Any
2025WSHP6694,Nothing,nothing,entry-level / student,Not Available,0,0,Any
2025WSHP6695,Business Research,business research,entry-level / student,Chennai,10000,10000,Any
2025WSHP6696,Sales & Marketing Research,marketing,entry-level / student,Delhi,3000,5000,Any
2025WSHP6697,Operations,operations,entry-level / student,Kolkata,3000,5000,Any
2025WSHP6698,Video Editing/Making,video editing/making,entry-level / student,Remote,3000,3000,Any
2025WSHP6699,Business Development (Sales),business development (sales),entry-level / student,Remote,1000,5000,Any
2025WSHP6700,Telecalling,telecalling,entry-level / student,Noida,5000,7000,Any
2025WSHP6701,Talent Acquisition,frontend development,entry-level / student,Gurgaon,10000,10000,Any
2025WSHP6702,MBA/BBA Climate Business Internship,mba/bba climate business internship,entry-level / student,Chennai,15000,20000,Any
2025WSHP6703,Growth & Social Media Manager,marketing,entry-level / student,Remote,2000,4000,Any
2025WSHP6704,AI Gaming,machine learning / ai,entry-level / student,Bangalore,12000,12000,MBA
2025WSHP6705,Equity Analyst,frontend development,entry-level / student,Thane,5000,10000,MBA
2025WSHP6706,Graphic Design,design,entry-level / student,Hyderabad,10000,10000,Any
2025WSHP6707,Acting,acting,entry-level / student,Noida,7000,11500,Any
2025WSHP6708,Customer Service/Customer Support,customer service/customer support,entry-level / student,Jaipur,10000,12000,Any
2025WSHP6709,Embedded Systems,embedded systems,entry-level / student,Bangalore,17500,17500,Any
2025WSHP6710,sales,sales,entry-level / student,Pune,6000,9000,Any
2025WSHP6711,Electronics And Mechanical Engineer,electronics and mechanical engineer,entry-level / student,Pune,10000,14000,Any
2025WSHP6712,Manufacturing Engineering,manufacturing engineering,entry-level / student,Pune,10000,150000,Diploma
2025WSHP6713,Online Marketing,marketing,entry-level / student,Thane,9500,10000,Any
2025WSHP6714,Social Media Marketing,marketing,entry-level / student,Remote,10000,10000,Any
2025WSHP6715,Product Management,product management,entry-level / student,Remote,10000,15000,Any
2025WSHP6716,Business Development (Sales),business development (sales),entry-level / student,Noida,10000,150000,Any
2025WSHP6717,Business Development (Sales),business development (sales),entry-level / student,Mumbai,10000,15000,Any
2025WSHP6718,Nothing,nothing,entry-level / student,Not Available,0,0,Any
2025WSHP6719,Business Development (Sales),business development (sales),entry-level / student,Chennai,15000,15000,Any
2025WSHP6720,Operation And Project Management (Mechanical & Electrical),operation and project management (mechanical & ele,entry-level / student,Pune,5000,10000,Any
2025WSHP6721,Merchandising & Vendor Management,merchandising & vendor management,entry-level / student,Delhi,8000,10000,Any
2025WSHP6722,Marketing,marketing,entry-level / student,Bangalore,5000,6000,Any
2025WSHP6723,Event Anchoring & Presenter,event anchoring & presenter,entry-level / student,Remote,2000,25000,Any
2025WSHP6724,Business Development (Sales),business development (sales),entry-level / student,Remote,5100,20000,Any
2025WSHP6725,Business Development (Sales),business development (sales),entry-level / student,Delhi,2000,2000,Any
2025WSHP6726,Inside Sales,inside sales,entry-level / student,Noida,5100,10200,Any
2025WSHP6727,Graphic Design,design,entry-level / student,Remote,2500,4000,Any
2025WSHP6728,Social Media Marketing,marketing,entry-level / student,Delhi,10000,12000,Any
2025WSHP6729,Graphic Design,design,entry-level / student,Delhi,8000,12000,Any
2025WSHP6730,Biotech Research For Climate Studies,biotech research for climate studies,entry-level / student,Chennai,15000,20000,Any
2025WSHP6731,E-Commerce Sales,e-commerce sales,entry-level / student,Mumbai,8000,10000,Any
2025WSHP6732,Law/Legal,law/legal,entry-level / student,Delhi,4000,4000,Any
2025WSHP6733,Business Development (Sales),business development (sales),entry-level / student,Remote,2000,10000,Any
2025WSHP6734,Graphic Design,design,entry-level / student,Bangalore,15000,17000,Any
2025WSHP6735,Corporate Sales,corporate sales,entry-level / student,Bangalore,14000,28000,Any
2025WSHP6736,HR Freshers - MBA,hr freshers - mba,entry-level / student,Thane,9000,20000,MBA
2025WSHP6737,Brand Management,brand management,entry-level / student,Remote,6000,20000,Any
2025WSHP6738,Photography,photography,entry-level / student,Bangalore,5000,15000,Any
2025WSHP6739,Video Editing/Making,video editing/making,entry-level / student,Remote,0,0,Any
2025WSHP6740,Product Research and Data Analysis,product research and data analysis,entry-level / student,Gurgaon,10000,15000,Any
2025WSHP6741,Video Editing/Making,video editing/making,entry-level / student,Remote,12000,15000,Any
2025WSHP6742,Content and Social Media Marketing,marketing,entry-level / student,Chennai,20000,30000,Any
2025WSHP6743,Automation Testing,automation testing,entry-level / student,Hyderabad,8000,10000,Any
2025WSHP6744,Human Resources (HR),human resources (hr),entry-level / student,Ghaziabad,5000,10000,Any
2025WSHP6745,E-Commerce,e-commerce,entry-level / student,Kolkata,8000,8000,Any
2025WSHP6746,Search Engine Optimization (SEO),marketing,entry-level / student,Noida,10000,10000,Any
2025WSHP6747,Business Development (Sales),business development (sales),entry-level / student,Mumbai,7000,10000,MBA
2025WSHP6748,Graphic/Motion Design,design,entry-level / student,Mumbai,15000,20000,Any
2025WSHP6749,Subject Matter Expert (Physical Chemistry),subject matter expert (physical chemistry),entry-level / student,Remote,5000,5000,Any
2025WSHP6750,Sales and Marketing,marketing,entry-level / student,Remote,1000,3000,Any
2025WSHP6751,Video Editing/Making,video editing/making,entry-level / student,Thane,5000,6000,Any
2025WSHP6752,iOS App Development,mobile development,entry-level / student,Chennai,25000,35000,Any
2025WSHP6753,Operations,operations,entry-level / student,Delhi,5000,15000,Any
2025WSHP6754,sales,sales,entry-level / student,Gurgaon,5500,5500,Any
2025WSHP6755,Python Development,python development,entry-level / student,Chennai,20000,30000,Any
2025WSHP6756,Marketing,marketing,entry-level / student,Bangalore,10000,15000,Any
2025WSHP6757,International Business Development,international business development,entry-level / student,Mumbai,4000,5000,Any
2025WSHP6758,Mechanical Engineering,mechanical engineering,entry-level / student,Mumbai,7500,8000,Any
2025WSHP6759,Lead Generation,lead generation,senior / experienced,Bangalore,5000,30000,Any
2025WSHP6760,Business Development (Sales),business development (sales),entry-level / student,Remote,12000,12000,Any
2025WSHP6761,Human Resources (HR),human resources (hr),entry-level / student,Mumbai,5000,12000,MBA
2025WSHP6762,Video Editing/Making,video editing/making,entry-level / student,Gurgaon,23000,35000,Any
2025WSHP6763,Corporate Sales,corporate sales,entry-level / student,Remote,3000,3000,Any
2025WSHP6764,Software Testing,software testing,entry-level / student,Remote,160000,160000,Any
2025WSHP6765,Engineer -Sales and Marketing (Biotechnology),marketing,entry-level / student,Bangalore,15000,27000,Any
2025WSHP6766,CEOs Office,ceos office,entry-level / student,Remote,1001,103000,MBA
2025WSHP6767,SEO,marketing,entry-level / student,Kolkata,4000,5000,Any
2025WSHP6768,Nothing,nothing,entry-level / student,Not Available,0,0,Any
2025WSHP6769,Data Entry,data entry,entry-level / student,Remote,6000,6000,Any
2025WSHP6770,LinkedIn Market Research,linkedin market research,entry-level / student,Remote,5000,6500,Any
2025WSHP6771,Digital Marketing,marketing,entry-level / student,Delhi,5000,8000,Any
2025WSHP6772,Business Development (Sales),business development (sales),entry-level / student,Remote,27500,27500,Any
2025WSHP6773,Law/Legal,law/legal,entry-level / student,Mumbai,3000,3000,Any
2025WSHP6774,Nothing,nothing,entry-level / student,Not Available,0,0,Any
2025WSHP6775,Content Writing,content writing,entry-level / student,Bangalore,17900,18000,Any
2025WSHP6776,Accounting & Bookkeeping,accounting & bookkeeping,entry-level / student,Hyderabad,10000,14000,Any
2025WSHP6777,Human Resources (HR),human resources (hr),entry-level / student,Bangalore,7000,7000,Any
2025WSHP6778,Business Development (Sales),business development (sales),entry-level / student,Bangalore,13000,40000,Any
2025WSHP6779,Digital Marketing,marketing,entry-level / student,Chennai,18000,30000,Any
2025WSHP6780,Copywriting,copywriting,entry-level / student,Chennai,5000,8000,Any
2025WSHP6781,Business Development (Sales),business development (sales),entry-level / student,Pune,14000,20000,Any
2025WSHP6782,Business Development (Sales),business development (sales),entry-level / student,Bangalore,10000,60000,Any
2025WSHP6783,Campus Ambassador,campus ambassador,entry-level / student,Ahmedabad,0,0,B.Com
2025WSHP6784,Business Development (Sales),business development (sales),entry-level / student,Delhi,10000,20000,Any
2025WSHP6785,College Community Lead,college community lead,senior / experienced,Remote,5000,20000,Any
2025WSHP6786,AI Agent Development,machine learning / ai,entry-level / student,Remote,2000,2000,Any
2025WSHP6787,Fashion Styling,fashion styling,entry-level / student,Amritsar,3000,11000,MBA
2025WSHP6788,IGaming SEO,marketing,entry-level / student,Remote,6000,8000,Any
2025WSHP6789,Social Media Marketing,marketing,entry-level / student,Mumbai,5000,15000,Any
2025WSHP6790,sales,sales,entry-level / student,Bangalore,10000,12000,Any
2025WSHP6791,Corporate Sales,corporate sales,entry-level / student,Chandigarh,6000,16500,MBA
2025WSHP6792,Relationship Trainee,machine learning / ai,entry-level / student,Delhi,10700,17000,Any
2025WSHP6793,Customer Service/Customer Support,customer service/customer support,entry-level / student,Delhi,12000,15000,Any
2025WSHP6794,Digital Marketing,marketing,entry-level / student,Mumbai,5000,10000,MBA
2025WSHP6795,Video Editing/Making,video editing/making,entry-level / student,Bangalore,8000,10000,Any
2025WSHP6796,Market Research,market research,entry-level / student,Mumbai,5000,10000,Any
2025WSHP6797,Product Management,product management,entry-level / student,Remote,10000,16000,Any
2025WSHP6798,Mechanical Engineering,mechanical engineering,entry-level / student,Jaipur,7000,15000,Any
2025WSHP6799,Business Development (Sales),business development (sales),entry-level / student,Hyderabad,8000,10000,Any
2025WSHP6800,Quality Analyst,quality analyst,entry-level / student,Chennai,20000,25000,Any
2025WSHP6801,Voiceover & Recording,voiceover & recording,entry-level / student,Remote,2000,6000,Any
2025WSHP6802,Business Development (Sales),business development (sales),entry-level / student,Bangalore,10000,14000,Any
2025WSHP6803,Operations,operations,entry-level / student,Remote,3000,5000,Any
2025WSHP6804,Content Writer,content writer,entry-level / student,Gurgaon,10000,15000,Any
2025WSHP6805,Wealth Management,wealth management,entry-level / student,Mumbai,3000,35000,Any
2025WSHP6806,Search Engine Optimization (SEO),marketing,entry-level / student,Delhi,5000,8000,Any
2025WSHP6807,Human Resources (HR),human resources (hr),entry-level / student,Chennai,13000,20000,Any
2025WSHP6808,Content and Social Media Marketing,marketing,entry-level / student,Faridabad,7000,10000,Any
2025WSHP6809,Digital Marketing,marketing,entry-level / student,Mumbai,3000,7000,B.Tech
2025WSHP6810,Video Editing/Making,video editing/making,entry-level / student,Remote,5000,7000,Any
2025WSHP6811,Grant Researcher,grant researcher,entry-level / student,Remote,0,0,Any
2025WSHP6812,Mobile App Tester (B2B Seller & Buyer Application),mobile development,entry-level / student,Remote,5000,5001,Any
2025WSHP6813,Fashion Design,design,entry-level / student,Mumbai,12000,25000,Any
2025WSHP6814,Ecommerce Photo Editor,ecommerce photo editor,entry-level / student,Bangalore,20000,21000,Any
2025WSHP6815,Content and Social Media Marketing,marketing,entry-level / student,Delhi,10000,15000,Any
2025WSHP6816,Architecture,architecture,senior / experienced,Noida,15000,18000,Any
2025WSHP6817,Talent Acquisition,frontend development,entry-level / student,Mumbai,5000,10000,Any
2025WSHP6818,Social Media Marketing,marketing,entry-level / student,Bangalore,10000,15000,Any
2025WSHP6819,General Management,general management,entry-level / student,Mumbai,10000,15000,Any
2025WSHP6820,Talent Acquisition,frontend development,entry-level / student,Kolkata,5000,10000,Any
2025WSHP6821,Human Resources (HR),human resources (hr),entry-level / student,Bangalore,6000,10000,Any
2025WSHP6822,UI/UX Design,frontend development,entry-level / student,Mumbai,10000,20000,Any
2025WSHP6823,Business Development (Sales),business development (sales),entry-level / student,Remote,15000,45000,Any
2025WSHP6824,Node Js,node js,entry-level / student,Remote,0,0,Any
2025WSHP6825,Linkedin+Instagram+Facebooki Handler,linkedin+instagram+facebooki handler,entry-level / student,Mumbai,5000,5000,Any
2025WSHP6826,Human Resources (HR),human resources (hr),entry-level / student,Bangalore,10000,20000,Any
2025WSHP6827,Administration,administration,entry-level / student,Mumbai,8000,10000,Any
2025WSHP6828,Sales and Marketing,marketing,entry-level / student,Mumbai,5000,5000,MBA
2025WSHP6829,Remote- AI Data Collection,machine learning / ai,entry-level / student,Remote,16000,37000,Any
2025WSHP6830,Agriculture & Food Engineering,agriculture & food engineering,entry-level / student,Chennai,30000,40000,Any
2025WSHP6831,Hospitality,hospitality,entry-level / student,Bangalore,17000,25000,Any
2025WSHP6832,Robotics,robotics,entry-level / student,Pune,7500,15000,Any
2025WSHP6833,CAD Design,design,entry-level / student,Chennai,30000,40000,Any
2025WSHP6834,Fashion Design And Merchandising,design,entry-level / student,Mumbai,10000,10000,Any
2025WSHP6835,Hospitality Management,hospitality management,entry-level / student,Jaipur,15000,22000,Any
2025WSHP6836,Inside Sales,inside sales,entry-level / student,Jaipur,10000,15000,Any
2025WSHP6837,Business Development (Sales),business development (sales),entry-level / student,Remote,2000,2000,Any
2025WSHP6838,Human Resources (HR),human resources (hr),entry-level / student,Mumbai,7000,20000,Any
2025WSHP6839,Logistics And Operations,logistics and operations,entry-level / student,Remote,2000,5000,Any
2025WSHP6840,Spatial Design,design,entry-level / student,Pune,5000,10000,Any
2025WSHP6841,Field Sales,field sales,entry-level / student,Ahmedabad,5000,10000,Any
2025WSHP6842,Content and Social Media Marketing,marketing,entry-level / student,Delhi,5000,10000,Any
2025WSHP6843,Nothing,nothing,entry-level / student,Not Available,0,0,Any
2025WSHP6844,Data Entry,data entry,entry-level / student,Delhi,0,0,Any
2025WSHP6845,3D Generalist,3d generalist,entry-level / student,Remote,8000,10000,Any
2025WSHP6846,Cyber Security,cyber security,entry-level / student,Remote,1000,2000,Diploma
2025WSHP6847,Search Engine Optimization (SEO),marketing,entry-level / student,Mumbai,10000,15000,Any
2025WSHP6848,Video Editing/Making,video editing/making,entry-level / student,Remote,6000,20000,Any
2025WSHP6849,Digital Marketing,marketing,entry-level / student,Bangalore,3000,6000,Any
2025WSHP6850,Social Media Marketing,marketing,entry-level / student,Bangalore,8000,10000,Any
2025WSHP6851,Company Secretary (CS),company secretary (cs),entry-level / student,Jaipur,10000,15000,Any
2025WSHP6852,Teaching & Classroom Management (Females),teaching & classroom management (females),entry-level / student,Delhi,2500,2500,Any
2025WSHP6853,Reel Creation For Social Media,marketing,entry-level / student,Remote,2000,8000,Any
2025WSHP6854,Inside Sales,inside sales,entry-level / student,Chennai,6000,9000,Any
2025WSHP6855,Marketing,marketing,entry-level / student,Kolkata,7000,10000,Any
2025WSHP6856,Meta Ads,meta ads,entry-level / student,Jaipur,9000,20000,Any
2025WSHP6857,Business Acquisition (Inside Sales),frontend development,entry-level / student,Bangalore,25000,28000,Any
2025WSHP6858,Web Development,web development,entry-level / student,Remote,5000,7000,Any
2025WSHP6859,Marketing,marketing,entry-level / student,Noida,10000,15000,Any
2025WSHP6860,Inside Sales,inside sales,entry-level / student,Thane,15000,15000,MBA
2025WSHP6861,Influencer Marketing,marketing,entry-level / student,Chennai,20000,30000,Any
2025WSHP6862,Business Development (Sales),business development (sales),entry-level / student,Remote,5000,8000,Any
2025WSHP6863,Field Enumerators (10 Days To 2 Weeks),field enumerators (10 days to 2 weeks),entry-level / student,Delhi,2000,5000,Any
2025WSHP6864,Content Creator,content creator,entry-level / student,Remote,3000,10000,Any
2025WSHP6865,Human Resources (HR),human resources (hr),entry-level / student,Mumbai,5000,5000,Any
2025WSHP6866,Content Creator,content creator,entry-level / student,Jaipur,15000,20000,Any
2025WSHP6867,E-Commerce Marketing,marketing,entry-level / student,Faridabad,5000,7000,Any
2025WSHP6868,Associate For Content Ops,associate for content ops,entry-level / student,Bangalore,10000,15000,Any
2025WSHP6869,Python Development,python development,entry-level / student,Thane,8000,15500,Any
2025WSHP6870,Sales & Market Coordiantor Intern,sales & market coordiantor intern,entry-level / student,Remote,1000,10000,Any
2025WSHP6871,Client Servicing,client servicing,entry-level / student,Jaipur,10000,12000,MBA
2025WSHP6872,Service Coordinator,service coordinator,entry-level / student,Ambernath,20000,25000,Any
2025WSHP6873,Graphic Design,design,entry-level / student,Mumbai,10000,15000,Any
2025WSHP6874,Public Speaking,public speaking,entry-level / student,Remote,2000,25000,Any
2025WSHP6875,Web Development,web development,entry-level / student,Remote,0,0,Any
2025WSHP6876,Full Stack Development,full stack development,entry-level / student,Remote,3000,5000,Any
2025WSHP6877,Sales Trainee,machine learning / ai,entry-level / student,Chennai,5000,10000,Any
2025WSHP6878,Operations – EV Fleet & Swapping Network,operations – ev fleet & swapping network,entry-level / student,Bangalore,16000,20000,Any
2025WSHP6879,Content Writing,content writing,entry-level / student,Delhi,15000,15000,Any
2025WSHP6880,Sales and Marketing,marketing,entry-level / student,Pune,5000,20000,Any
2025WSHP6881,Content and Social Media Marketing,marketing,entry-level / student,Mumbai,12000,12000,MBA
2025WSHP6882,Business Development (Sales),business development (sales),entry-level / student,Remote,10000,25000,MBA
2025WSHP6883,Video Editing/Making,video editing/making,entry-level / student,Remote,20000,20000,Any
2025WSHP6884,Hotel Management (Operations),hotel management (operations),entry-level / student,Gurgaon,15000,18000,Any
2025WSHP6885,Sales and Marketing,marketing,entry-level / student,Noida,15000,15000,Any
2025WSHP6886,Customer Acquisition,frontend development,entry-level / student,Bangalore,5000,5000,Any
2025WSHP6887,Front End Development,front end development,entry-level / student,Remote,0,0,Any
2025WSHP6888,Graphic Design,design,entry-level / student,Chennai,5000,5000,Any
2025WSHP6889,Business Development (Sales),business development (sales),entry-level / student,Remote,6000,8000,Any
2025WSHP6890,Human Resources (HR),human resources (hr),entry-level / student,Mumbai,7000,7000,MBA
2025WSHP6891,Nothing,nothing,entry-level / student,Not Available,0,0,Any
2025WSHP6892,Content and Social Media Marketing,marketing,entry-level / student,Gurgaon,16000,23000,Any
2025WSHP6893,Operations,operations,entry-level / student,Bangalore,10000,12000,Any
2025WSHP6894,Digital Marketing & Sales,marketing,entry-level / student,Delhi,6000,23000,Any
2025WSHP6895,Youth Empowerment,youth empowerment,entry-level / student,Remote,1500,10000,Any
2025WSHP6896,Telecalling,telecalling,entry-level / student,Remote,10000,10000,Any
2025WSHP6897,Media & Public Relations (PR),media & public relations (pr),entry-level / student,Mumbai,15000,20000,Any
2025WSHP6898,Marketing,marketing,entry-level / student,Mumbai,8000,12000,Any
2025WSHP6899,Data Entry,data entry,entry-level / student,Delhi,12000,20000,Any
2025WSHP6900,Executive Assistant - Daily Operations & Communication (Management Role),machine learning / ai,entry-level / student,Remote,3000,5000,Any
2025WSHP6901,Outreach Coordinator,outreach coordinator,entry-level / student,Remote,6000,8000,Any
2025WSHP6902,Profile Building Market Research ( Only For Students Planning To Study Abroad ),frontend development,entry-level / student,Mumbai,5000,15000,Any
2025WSHP6903,Social Media Marketing,marketing,entry-level / student,Gurgaon,6500,8000,Any
2025WSHP6904,Digital Marketing,marketing,entry-level / student,Remote,15000,25000,Any
2025WSHP6905,Content Creator Internship,content creator internship,entry-level / student,Remote,7000,10000,Any
2025WSHP6906,Video Editing/Making,video editing/making,entry-level / student,Faridabad,7000,14000,Any
2025WSHP6907,Human Resources (HR),human resources (hr),entry-level / student,Bangalore,12000,15000,Any
2025WSHP6908,Human Resources (HR),human resources (hr),entry-level / student,Chennai,5000,10000,Any
2025WSHP6909,Brand Onboarding Specialist (Sales Executive),brand onboarding specialist (sales executive),entry-level / student,Remote,10000,15000,Any
2025WSHP6910,Video Editing/Making,video editing/making,entry-level / student,Chandigarh,9000,14000,Any
2025WSHP6911,Social Media Marketing,marketing,entry-level / student,Remote,5000,6800,Any
2025WSHP6912,Business Coordinator,business coordinator,entry-level / student,Remote,1000,10000,Any
2025WSHP6913,Media & Public Relations (PR),media & public relations (pr),entry-level / student,Delhi,15000,15000,Any
2025WSHP6914,Business Development (Sales),business development (sales),entry-level / student,Mumbai,10000,20000,Any
2025WSHP6915,Content and Social Media Marketing,marketing,entry-level / student,Mumbai,4000,5000,Any
2025WSHP6916,Content and Social Media Marketing,marketing,entry-level / student,Remote,1000,3000,Any
2025WSHP6917,CAD Design,design,entry-level / student,Chennai,30000,40000,Any
2025WSHP6918,Inside Sales,inside sales,entry-level / student,Chennai,6000,9000,Any
2025WSHP6919,Full Stack Development,full stack development,entry-level / student,Gurgaon,5000,10000,Any
2025WSHP6920,Marketing,marketing,entry-level / student,Kolkata,10000,15000,Any
2025WSHP6921,Search Engine Optimization (SEO),marketing,entry-level / student,Delhi,6000,12000,Any
2025WSHP6922,Human Resources (HR),human resources (hr),entry-level / student,Remote,1000,10000,Any
2025WSHP6923,Business Development (Sales),business development (sales),entry-level / student,Faridabad,8001,20000,MBA
2025WSHP6924,Search Engine Optimization (SEO),marketing,entry-level / student,Remote,3000,3001,Any
2025WSHP6925,Marketing,marketing,entry-level / student,Pune,10000,12000,MBA
2025WSHP6926,Operations,operations,entry-level / student,Jaipur,10000,12000,Any
2025WSHP6927,Blockchain Development,machine learning / ai,entry-level / student,Remote,30000,500000,Any
2025WSHP6928,Interior Design,design,entry-level / student,Mumbai,10000,20000,Any
2025WSHP6929,Business Development (Research & Strategy),business development (research & strategy),entry-level / student,Delhi,8000,10000,Any
2025WSHP6930,Operations,operations,entry-level / student,Noida,5000,5000,Any
2025WSHP6931,Graphic Design & Digital Comic Art,design,entry-level / student,Remote,8000,8000,Any
2025WSHP6932,Computational Fluid Dynamics,frontend development,entry-level / student,Gurgaon,15000,15000,Any
2025WSHP6933,Nothing,nothing,entry-level / student,Not Available,0,0,Any
2025WSHP6934,Videography,videography,entry-level / student,Bangalore,12000,15000,Any
2025WSHP6935,Market Research & Strategy,market research & strategy,entry-level / student,Remote,5000,5000,MBA
2025WSHP6936,Social Media Marketing,marketing,entry-level / student,Remote,1000,3000,Any
2025WSHP6937,Front End Development,front end development,entry-level / student,Remote,16200,18000,Any
2025WSHP6938,Operations,operations,entry-level / student,Bangalore,10000,15000,Any
2025WSHP6939,Media & Public Relations (PR),media & public relations (pr),entry-level / student,Mumbai,10000,15000,Any
2025WSHP6940,Inside Sales,inside sales,entry-level / student,Mumbai,6000,8000,Any
2025WSHP6941,Telecalling and Marketing Management,marketing,entry-level / student,Remote,2000,2500,Any
2025WSHP6942,DTH Business Management,dth business management,entry-level / student,Mumbai,5000,5000,MBA
2025WSHP6943,Psychology,psychology,entry-level / student,Mumbai,15000,15000,Any
2025WSHP6944,Human Resources (HR),human resources (hr),entry-level / student,Remote,5000,10000,Any
2025WSHP6945,Relationship Trainee,machine learning / ai,entry-level / student,Delhi,10700,17000,Any
2025WSHP6946,Civil Engineering,civil engineering,entry-level / student,Thane,9000,12000,Any
2025WSHP6947,Graphic Design/Animation,design,entry-level / student,Pune,5000,12000,Any
2025WSHP6948,Search Engine Optimization (SEO),marketing,entry-level / student,Remote,6000,8000,Any
2025WSHP6949,Graphic Design,design,entry-level / student,Remote,1500,1500,Any
2025WSHP6950,Inside Sales,inside sales,entry-level / student,Bangalore,22000,32000,MBA
2025WSHP6951,Graphic Design,design,entry-level / student,Pune,10000,12500,Any
2025WSHP6952,Company Secretary (CS),company secretary (cs),entry-level / student,Delhi,4000,7500,Any
2025WSHP6953,Graphic Design,design,entry-level / student,Mumbai,7000,10000,Any
2025WSHP6954,Mobile App Testing,mobile development,entry-level / student,Chennai,20000,35000,Any
2025WSHP6955,Legal Content Reviewer,legal content reviewer,entry-level / student,Bangalore,15000,20000,Any
2025WSHP6956,Campus Ambassador,campus ambassador,entry-level / student,Remote,0,0,Any
2025WSHP6957,General Management,general management,entry-level / student,Kolkata,4000,6000,Any
2025WSHP6958,Fashion Design,design,entry-level / student,Delhi,10000,20000,Any
2025WSHP6959,Data Entry,data entry,entry-level / student,Secunderabad,20000,20000,Any
2025WSHP6960,Digital Marketing,marketing,entry-level / student,Delhi,8501,15000,Any
2025WSHP6961,Fashion Design And Merchandising,design,entry-level / student,Bangalore,15000,20000,Any
2025WSHP6962,Sales and Marketing,marketing,entry-level / student,Remote,1000,2000,Any
2025WSHP6963,Nothing,nothing,entry-level / student,Not Available,0,0,Any
2025WSHP6964,sales,sales,entry-level / student,Gurgaon,15000,20000,Any
2025WSHP6965,Search Engine Optimization (SEO),marketing,entry-level / student,Delhi,10000,10000,Any
2025WSHP6966,E-Commerce Marketing,marketing,entry-level / student,Remote,1000,10000,Any
2025WSHP6967,Social Media Marketing,marketing,entry-level / student,Hyderabad,10000,15000,Any
2025WSHP6968,Support Associate,support associate,entry-level / student,Delhi,8000,12000,Any
2025WSHP6969,Project Management Trainee,machine learning / ai,entry-level / student,Bangalore,15000,15000,Any
2025WSHP6970,Video Editing/Making,video editing/making,entry-level / student,Remote,5000,5000,Any
2025WSHP6971,Campus Ambassador,campus ambassador,entry-level / student,Ahmedabad,0,0,MBA
2025WSHP6972,Accounts,accounts,entry-level / student,Chennai,20000,35000,Any
2025WSHP6973,Content and Social Media Marketing,marketing,entry-level / student,Delhi,5000,8000,Any
2025WSHP6974,Campus Ambassador,campus ambassador,entry-level / student,Delhi,0,0,MBA
2025WSHP6975,.NET Development,.net development,entry-level / student,Hyderabad,4000,6000,Any
2025WSHP6976,Anchoring,anchoring,entry-level / student,Mumbai,11500,18000,Any
2025WSHP6977,Business Development (Sales),business development (sales),entry-level / student,Faridabad,8000,12000,Any
2025WSHP6978,UI/UX Design,frontend development,entry-level / student,Mumbai,8000,12000,Any
2025WSHP6979,Search Engine Optimization (SEO),marketing,entry-level / student,Vasai,8000,15000,Any
2025WSHP6980,Lead Generation,lead generation,senior / experienced,Gurgaon,5000,8000,Any
2025WSHP6981,Business Development (Sales),business development (sales),entry-level / student,Gurgaon,7000,15000,Any
2025WSHP6982,Telecalling,telecalling,entry-level / student,Noida,2000,5000,Any
2025WSHP6983,Tracker Management In MS Excel,tracker management in ms excel,entry-level / student,Mumbai,20000,20000,Any
2025WSHP6984,Nothing,nothing,entry-level / student,Not Available,0,0,Any
2025WSHP6985,Social Media Coordinator,marketing,entry-level / student,Gurgaon,4000,10000,Any
2025WSHP6986,Content and Social Media Marketing,marketing,entry-level / student,Delhi,8000,10000,Any
2025WSHP6987,"Telecalling (Tamil, Telugu, English & Hindi)-Female","telecalling (tamil, telugu, english & hindi)-femal",entry-level / student,Remote,8000,8000,Any
2025WSHP6988,ReactJS Development,reactjs development,entry-level / student,Remote,7000,15000,Any
2025WSHP6989,Travel Consultant,travel consultant,entry-level / student,Remote,10000,10000,Any
2025WSHP6990,Affiliate Marketing,marketing,entry-level / student,Remote,25000,50000,Any
2025WSHP6991,Marketing,marketing,entry-level / student,Mumbai,5000,8000,Any
2025WSHP6992,Campus Representative,campus representative,entry-level / student,Remote,10000,10000,Any
2025WSHP6993,Business Development (Field Sales),business development (field sales),entry-level / student,Noida,12000,20000,Any
2025WSHP6994,Social Media Marketing,marketing,entry-level / student,Remote,10000,21000,Any
2025WSHP6995,sales,sales,entry-level / student,Mumbai,15000,15000,MBA
2025WSHP6996,Business Development (Sales),business development (sales),entry-level / student,Remote,2000,2001,Any
2025WSHP6997,Business Development (Sales),business development (sales),entry-level / student,Noida,10000,27000,Any
2025WSHP6998,Digital Marketing,marketing,entry-level / student,Remote,1000,5000,Any
2025WSHP6999,Business Development (Sales),business development (sales),entry-level / student,Hyderabad,12000,22000,Any
2025WSHP7000,Content Operations,content operations,entry-level / student,Mumbai,5000,5000,Any
2025WSHP7001,Video Editing/Making,video editing/making,entry-level / student,Thane,6000,8000,Any
2025WSHP7002,Create Animated Videos Using AI Tools,machine learning / ai,entry-level / student,Remote,8001,15000,Any
2025WSHP7003,Business Development (Sales),business development (sales),entry-level / student,Mumbai,5000,15000,MBA
2025WSHP7004,Graphic Design,design,entry-level / student,Jaipur,10000,15000,Any
2025WSHP7005,Telugu Native Speaker (Voiceover),telugu native speaker (voiceover),entry-level / student,Remote,16000,27000,Any
2025WSHP7006,Web Development,web development,entry-level / student,Remote,10000,10000,Any
2025WSHP7007,React Native Development,mobile development,entry-level / student,Remote,15000,20000,Any
2025WSHP7008,Content Writing,content writing,entry-level / student,Gurgaon,8000,10000,Any
2025WSHP7009,Talent Management –(Kalakaaar),talent management –(kalakaaar),entry-level / student,Bangalore,10000,12000,Any
2025WSHP7010,Field Survey Executive,field survey executive,entry-level / student,Mumbai,21000,24000,Any
2025WSHP7011,Game Development,game development,entry-level / student,Remote,10000,10000,Any
2025WSHP7012,Human Resources (HR),human resources (hr),entry-level / student,Noida,12000,15000,Any
2025WSHP7013,Video Editing/Making,video editing/making,entry-level / student,Pune,4000,7000,Any
2025WSHP7014,Storefront Analytics - Udaan,storefront analytics - udaan,entry-level / student,Bangalore,0,0,Any
2025WSHP7015,Fashion Design,design,entry-level / student,Hyderabad,12000,15000,Any
2025WSHP7016,Sales,sales,entry-level / student,Jaipur,10000,30000,Any
2025WSHP7017,Law/Legal,law/legal,entry-level / student,Mumbai,21400,21400,Any
2025WSHP7018,Search Engine Optimization (SEO),marketing,entry-level / student,Delhi,3000,3500,Any
2025WSHP7019,Research (Economics),research (economics),entry-level / student,Delhi,12000,15000,Any
2025WSHP7020,Field Sales,field sales,entry-level / student,Bangalore,8000,10000,Any
2025WSHP7021,Human Resources (HR),human resources (hr),entry-level / student,Mumbai,4000,6000,Any
2025WSHP7022,Business Development (Sales),business development (sales),entry-level / student,Remote,10000,15500,Any
2025WSHP7023,Graphic Design,design,entry-level / student,Remote,0,0,Any
2025WSHP7024,Digital Marketing,marketing,entry-level / student,Chennai,2000,5000,Any
2025WSHP7025,Business Development (Sales),business development (sales),entry-level / student,Bangalore,9000,11000,Any
2025WSHP7026,Online Marketing,marketing,entry-level / student,Remote,1000,1001,Any
2025WSHP7027,Graphic Designer / Video Editor,design,entry-level / student,Mumbai,10000,10000,Any
2025WSHP7028,Empowering Social Entrepreneurs,empowering social entrepreneurs,entry-level / student,Remote,1500,10000,Any
2025WSHP7029,Sales Strategy,sales strategy,entry-level / student,Mumbai,5000,10000,Any
2025WSHP7030,Content and Social Media Marketing,marketing,entry-level / student,Bangalore,10000,10001,Any
2025WSHP7031,Content and Social Media Marketing,marketing,entry-level / student,Pune,4500,5000,Any
2025WSHP7032,Sales and Marketing,marketing,entry-level / student,Mumbai,10000,20000,MBA
2025WSHP7033,Graphic Design,design,entry-level / student,Mumbai,12000,18000,Any
2025WSHP7034,Content Writer,content writer,entry-level / student,Gurgaon,10000,15000,Any
2025WSHP7035,Marketing,marketing,entry-level / student,Remote,7000,7000,Any
2025WSHP7036,Biomedical,biomedical,entry-level / student,Pune,5000,10000,Any
2025WSHP7037,Influencer Marketing,marketing,entry-level / student,Delhi,10000,12000,Any
2025WSHP7038,Telecalling Executive (Skincare Brand),telecalling executive (skincare brand),entry-level / student,Mumbai,10000,12000,Any
2025WSHP7039,Subject Matter Expert (Operation Management),subject matter expert (operation management),entry-level / student,Remote,9000,12000,Any
2025WSHP7040,Business Development (Sales),business development (sales),entry-level / student,Pune,10000,12000,Any
2025WSHP7041,Campaign & Lead Operations,machine learning / ai,senior / experienced,Remote,3000,3000,Any
2025WSHP7042,Social Service,social service,entry-level / student,Remote,1500,8000,Any
2025WSHP7043,Flutter Development,mobile development,entry-level / student,Remote,7000,10000,Any
2025WSHP7044,.NET Development,.net development,entry-level / student,Hyderabad,5000,10000,Any
2025WSHP7045,Mobile App Development,mobile development,entry-level / student,Hyderabad,5000,12500,Any
2025WSHP7046,Business Research,business research,entry-level / student,Remote,1000,1200,Any
2025WSHP7047,Accounting & Bookkeeping,accounting & bookkeeping,entry-level / student,Bangalore,5000,7000,Any
2025WSHP7048,Accounting,accounting,entry-level / student,Remote,5000,5000,Any
2025WSHP7049,Content and Social Media Marketing,marketing,entry-level / student,Gurgaon,15000,20000,Any
2025WSHP7050,Sales and Marketing,marketing,entry-level / student,Remote,10000,20000,Any
2025WSHP7051,Digital Marketing,marketing,entry-level / student,Remote,0,0,Any
2025WSHP7052,Email Marketing,machine learning / ai,entry-level / student,Remote,2000,2000,Any
2025WSHP7053,Procurement Assistant,procurement assistant,entry-level / student,Remote,8000,10000,Any
2025WSHP7054,Interior Design,design,entry-level / student,Pune,25000,40000,MBA
2025WSHP7055,Videographer,videographer,entry-level / student,Bangalore,7500,9000,Any
2025WSHP7056,Search Engine Optimization (SEO),marketing,entry-level / student,Gurgaon,6000,10000,Any
2025WSHP7057,Content and Social Media Marketing,marketing,entry-level / student,Hyderabad,15000,20000,Any
2025WSHP7058,Telecalling,telecalling,entry-level / student,Mumbai,15000,25000,Any
2025WSHP7059,Business Development (Sales),business development (sales),entry-level / student,Remote,6198,20660,Any
2025WSHP7060,Key Account Management,key account management,entry-level / student,Mumbai,20000,25000,MBA
2025WSHP7061,Video Editing/Making,video editing/making,entry-level / student,Remote,10000,10000,Any
2025WSHP7062,Search Engine Optimization (SEO),marketing,entry-level / student,Thane,9500,10000,MBA
2025WSHP7063,"Food Processing, Process And Operations","food processing, process and operations",entry-level / student,Secunderabad,10000,12000,Any
2025WSHP7064,Python Development,python development,entry-level / student,Remote,10000,20000,Any
2025WSHP7065,Founders Office,founders office,entry-level / student,Delhi,3000,5000,Any
2025WSHP7066,Digital Marketing,marketing,entry-level / student,Gurgaon,10000,15000,Any
2025WSHP7067,Data Entry,data entry,entry-level / student,Thane,9500,10000,Any
2025WSHP7068,Digital Marketing,marketing,entry-level / student,Thane,0,0,MBA
2025WSHP7069,Content and Social Media Marketing,marketing,entry-level / student,Palghar,7000,17000,MBA
2025WSHP7070,Digital Marketing,marketing,entry-level / student,Remote,6500,7000,Any
2025WSHP7071,Teaching,teaching,entry-level / student,Chennai,15000,25000,Any
2025WSHP7072,Marketing,marketing,entry-level / student,Remote,5000,5000,Any
2025WSHP7073,Digital Marketing,marketing,entry-level / student,Mumbai,12000,12000,Any
2025WSHP7074,Campus Ambassador,campus ambassador,entry-level / student,Ahmedabad,0,0,B.Com
2025WSHP7075,Search Engine Optimization (SEO),marketing,entry-level / student,Remote,6000,8000,Any
2025WSHP7076,Business Development,business development,entry-level / student,Hyderabad,6000,8000,Any
2025WSHP7077,Recruitment,frontend development,entry-level / student,Noida,10000,10000,Any
2025WSHP7078,Social Media Manager,marketing,entry-level / student,Remote,5000,5000,Any
2025WSHP7079,Fashion Consultant,fashion consultant,entry-level / student,Mumbai,5000,8000,Diploma
2025WSHP7080,Social Media Marketing,marketing,entry-level / student,Remote,7000,7000,Any
2025WSHP7081,Business Development (Sales),business development (sales),entry-level / student,Remote,5000,10000,Any
2025WSHP7082,Business Development Executive,business development executive,entry-level / student,Delhi,6000,10000,Any
2025WSHP7083,Social Media Designs,marketing,entry-level / student,Pune,5000,6000,Any
2025WSHP7084,Business Development (Sales),business development (sales),entry-level / student,Remote,10000,20000,Any
2025WSHP7085,Business Development (Sales),business development (sales),entry-level / student,Bangalore,15000,15000,Any
2025WSHP7086,Client Relations,client relations,entry-level / student,Noida,20000,20000,Any
2025WSHP7087,Business Research,business research,entry-level / student,Hyderabad,5000,10000,Any
2025WSHP7088,CRM & Retention Manager,crm & retention manager,entry-level / student,Bangalore,19000,20000,Any
2025WSHP7089,Accounting & Bookkeeping,accounting & bookkeeping,entry-level / student,Gurgaon,2000,2500,Any
2025WSHP7090,Content and Social Media Marketing,marketing,entry-level / student,Mumbai,5000,7002,Any
2025WSHP7091,Human Resources (HR),human resources (hr),entry-level / student,Remote,52000,104000,Any
2025WSHP7092,Human Resources (HR),human resources (hr),entry-level / student,Delhi,5000,8000,Any
2025WSHP7093,Legal Research,legal research,entry-level / student,Noida,2000,2000,Any
2025WSHP7094,Social Media Content Editor,marketing,entry-level / student,Delhi,7000,10000,Any
2025WSHP7095,Finance Executive,finance executive,entry-level / student,Hyderabad,17000,17000,Any
2025WSHP7096,Field Sales,field sales,entry-level / student,Bangalore,17000,35000,Any
2025WSHP7097,Admin & Operations Executive,admin & operations executive,entry-level / student,Chennai,5000,15000,Any
2025WSHP7098,Content and Social Media Marketing,marketing,entry-level / student,Remote,0,0,Any
2025WSHP7099,Backend Executive,backend development,entry-level / student,Delhi,6000,8000,Any
2025WSHP7100,Human Resources (HR),human resources (hr),entry-level / student,Chennai,20000,30000,Any
2025WSHP7101,Marketing,marketing,entry-level / student,Hyderabad,8000,10000,Any
2025WSHP7102,Video Editing/Making,video editing/making,entry-level / student,Gurgaon,6000,10000,Any
2025WSHP7103,Business Development (Sales),business development (sales),entry-level / student,Remote,5000,6000,Any
2025WSHP7104,Content and Social Media Marketing,marketing,entry-level / student,Mumbai,8000,10000,Any
2025WSHP7105,Business Development (Sales),business development (sales),entry-level / student,Remote,6000,12000,Any
2025WSHP7106,Photography,photography,entry-level / student,Pune,2000,2000,Any
2025WSHP7107,FinTech & Data Analytics,fintech & data analytics,entry-level / student,Chennai,10000,15000,Any
2025WSHP7108,Management Trainees - Female,machine learning / ai,entry-level / student,Mumbai,10000,15000,Any
2025WSHP7109,LinkedIn Marketing,marketing,entry-level / student,Remote,0,0,Any
2025WSHP7110,Video Editing/Making,video editing/making,entry-level / student,Bangalore,15000,25000,Any
2025WSHP7111,Project Management,project management,entry-level / student,Jaipur,10000,10000,Any
2025WSHP7112,Business Development (Sales),business development (sales),entry-level / student,Mumbai,20000,26000,Any
2025WSHP7113,Video Editor,video editor,entry-level / student,Bangalore,7000,10000,Any
2025WSHP7114,Operations & Vendor Coordination,operations & vendor coordination,entry-level / student,Hyderabad,6000,6000,Any
2025WSHP7115,Human Resources (HR),human resources (hr),entry-level / student,Thane,10000,12000,Any
2025WSHP7116,E-Commerce Operations,e-commerce operations,entry-level / student,Mumbai,8000,10000,Any
2025WSHP7117,Social Media Marketing,marketing,entry-level / student,Chennai,2000,2000,Any
2025WSHP7118,Full Stack Development,full stack development,entry-level / student,Chennai,20000,30000,Any
2025WSHP7119,Telecalling (Gujarati/Hindi/English),telecalling (gujarati/hindi/english),entry-level / student,Remote,8000,8000,Any
2025WSHP7120,Media & Public Relations (PR),media & public relations (pr),entry-level / student,Noida,20000,25000,Any
2025WSHP7121,Content Writing,content writing,entry-level / student,Delhi,8000,12000,Any
2025WSHP7122,Academics Intern,academics intern,entry-level / student,Mumbai,10000,15000,Any
2025WSHP7123,E-Commerce Operations (Shopify),e-commerce operations (shopify),entry-level / student,Mumbai,12000,16000,Any
2025WSHP7124,Full-Stack Development (AI Products),machine learning / ai,entry-level / student,Remote,1000,5000,Any
2025WSHP7125,Content and Social Media Marketing,marketing,entry-level / student,Remote,1000,1000,Any
2025WSHP7126,Doubt Solving Expert (Statistics),doubt solving expert (statistics),entry-level / student,Remote,5000,6000,Any
2025WSHP7127,Robotics,robotics,entry-level / student,Pune,2000,5000,Any
2025WSHP7128,Website Itinerary Management (Content Creation & Data Entry),website itinerary management (content creation & d,entry-level / student,Remote,8500,10000,Any
2025WSHP7129,Pet Nutritionist Intern,pet nutritionist intern,entry-level / student,Jaipur,15000,15000,Any
2025WSHP7130,Frontend Flutter,frontend development,entry-level / student,Mumbai,15000,25000,MBA
2025WSHP7131,Graphic Design,design,entry-level / student,Thane,6000,10000,Any
2025WSHP7132,Decor Design & Styling,design,entry-level / student,Gurgaon,15000,20000,Any
2025WSHP7133,Visual Merchandising,visual merchandising,entry-level / student,Mumbai,9000,10000,Any
2025WSHP7134,Content and Social Media Marketing,marketing,entry-level / student,Mumbai,5000,10000,Any
2025WSHP7135,Animation,animation,entry-level / student,Remote,12000,15000,Any
2025WSHP7136,Travel Consultant,travel consultant,entry-level / student,Mumbai,8000,8000,Any
2025WSHP7137,Digital Marketing,marketing,entry-level / student,Remote,3000,5000,Any
2025WSHP7138,Sales and Marketing,marketing,entry-level / student,Coimbatore,30000,70000,Any
2025WSHP7139,Climate Tech Marketing,marketing,entry-level / student,Chennai,15000,20000,MBA
2025WSHP7140,Business Development (Sales),business development (sales),entry-level / student,Mumbai,5500,20000,Any
2025WSHP7141,Graphic Design,design,entry-level / student,Remote,3000,5000,Any
2025WSHP7142,Corporate Sales,corporate sales,entry-level / student,Chandigarh,6000,16500,MBA
2025WSHP7143,Web Development,web development,entry-level / student,Remote,5000,6000,Any
2025WSHP7144,Business Development (Sales),business development (sales),entry-level / student,Remote,4000,15000,Any
2025WSHP7145,Logistics And Operations,logistics and operations,entry-level / student,Chennai,15000,15000,Any
2025WSHP7146,Statistics Research,statistics research,entry-level / student,Remote,0,0,Any
2025WSHP7147,Hardware & Firmware Engineer,hardware & firmware engineer,entry-level / student,Hyderabad,12000,12000,B.Tech
2025WSHP7148,Video Editing/Making,video editing/making,entry-level / student,Remote,3000,3500,Any
2025WSHP7149,Fundraising,machine learning / ai,entry-level / student,Remote,1500,8000,Any
2025WSHP7150,Blogging,blogging,entry-level / student,Chennai,30000,40000,Any
2025WSHP7151,Sales,sales,entry-level / student,Remote,1000,1000,Any
2025WSHP7152,Business Development (Sales),business development (sales),entry-level / student,Remote,40000,60000,Any
2025WSHP7153,Social Media Content & Human Research,marketing,entry-level / student,Chandigarh,21000,25000,Any
2025WSHP7154,Social Media,marketing,entry-level / student,Mumbai,10000,15000,Any
2025WSHP7155,Content Marketing,marketing,entry-level / student,Remote,2500,5000,Any
2025WSHP7156,Influencer Marketing,marketing,entry-level / student,Chennai,20000,30000,Any
2025WSHP7157,Marketing,marketing,entry-level / student,Bangalore,15000,22000,Any
2025WSHP7158,Social Media Marketing,marketing,entry-level / student,Noida,5000,5000,Any
2025WSHP7159,Business Development Management Trainee,machine learning / ai,entry-level / student,Remote,1001,26000,Any
2025WSHP7160,Backend Development,backend development,entry-level / student,Chennai,20000,30000,Any
2025WSHP7161,Field Sales,field sales,entry-level / student,Delhi,5000,15000,Any
2025WSHP7162,Network Marketing,marketing,entry-level / student,Remote,6000,14000,Any
2025WSHP7163,Inside Sales,inside sales,entry-level / student,Mumbai,10000,25000,Any
2025WSHP7164,College Representative (Marketing),marketing,entry-level / student,Remote,3000,15000,Any
2025WSHP7165,Teaching,teaching,entry-level / student,Mumbai,17500,17500,Any
2025WSHP7166,Talent Acquisition,frontend development,entry-level / student,Mumbai,8000,10000,Any
2025WSHP7167,LinkedIn Marketing,marketing,entry-level / student,Gurgaon,25000,25000,Any
2025WSHP7168,Remote  – SEO & Content Writing + Social Media (Canadian Based Marketing Agency),marketing,entry-level / student,Remote,3000,10000,Any
2025WSHP7169,Business Development,business development,entry-level / student,Noida,10000,15000,Any
2025WSHP7170,Sales and Marketing,marketing,entry-level / student,Faridabad,5000,10000,Any
2025WSHP7171,Graphic Design,design,entry-level / student,Delhi,5000,7000,Any
2025WSHP7172,Social Media Content Creator,marketing,entry-level / student,Remote,3500,4500,Any
2025WSHP7173,Human Resources (HR),human resources (hr),entry-level / student,Noida,10000,15000,Any
2025WSHP7174,HR Operations,hr operations,entry-level / student,Hyderabad,10000,12000,MBA
2025WSHP7175,Business Development (Sales),business development (sales),entry-level / student,Hyderabad,8000,12000,Any
2025WSHP7176,Social Media Marketing,marketing,entry-level / student,Remote,3000,5000,Any
2025WSHP7177,Graphic Design,design,entry-level / student,Noida,5000,8000,Any
2025WSHP7178,Business Development (Sales),business development (sales),entry-level / student,Faridabad,7000,14000,Any
2025WSHP7179,Full Stack Development (MERN),full stack development,entry-level / student,Pune,12500,12500,Any
2025WSHP7180,Performance Marketing,marketing,entry-level / student,Remote,5000,10000,Any
2025WSHP7181,Human Resources (HR),human resources (hr),entry-level / student,Kolkata,5000,7000,MBA
2025WSHP7182,Educational Consultant,educational consultant,entry-level / student,Hyderabad,12000,20000,Any
2025WSHP7183,Electronics Engineering,electronics engineering,entry-level / student,Hyderabad,8000,15000,Any
2025WSHP7184,GDS Consulting - D and A,gds consulting - d and a,entry-level / student,Hyderabad,0,0,B.Tech
2025WSHP7185,Video Editing/Making,video editing/making,entry-level / student,Remote,2500,5000,Any
2025WSHP7186,Content and Social Media Marketing,marketing,entry-level / student,Mumbai,5000,5000,Any
2025WSHP7187,Graphic Design,design,entry-level / student,Remote,4000,4000,Any
2025WSHP7188,Marketing,marketing,entry-level / student,Hyderabad,20000,30000,Any
2025WSHP7189,Nothing,nothing,entry-level / student,Not Available,0,0,Any
2025WSHP7190,Technical Project Management,technical project management,entry-level / student,Faridabad,9000,12000,Any
2025WSHP7191,Corporate Sales,corporate sales,entry-level / student,Remote,4000,7000,Any
2025WSHP7192,Video Editing & Desinger,video editing & desinger,entry-level / student,Koramangala,12000,16000,Any
2025WSHP7193,Mathematics,mathematics,entry-level / student,Remote,12000,15000,Any
2025WSHP7194,Law/Legal,law/legal,entry-level / student,Kolkata,0,0,Any
2025WSHP7195,Business Development (Sales),business development (sales),entry-level / student,Faridabad,7500,17000,Any
2025WSHP7196,Marketing,marketing,entry-level / student,Pune,10000,15000,Any
2025WSHP7197,Software Development,software development,entry-level / student,Remote,1000,1200,Diploma
2025WSHP7198,Graphic Design,design,entry-level / student,Mumbai,11500,23000,Any
2025WSHP7199,Data Analytics,data analytics,entry-level / student,Remote,1000,1200,Diploma
2025WSHP7200,College Community Lead,college community lead,senior / experienced,Remote,5000,20000,Any
2025WSHP7201,Business Development (Sales),business development (sales),entry-level / student,Delhi,20000,650000,Any
2025WSHP7202,Content Writing,content writing,entry-level / student,Bangalore,15000,20000,Any
2025WSHP7203,Content Creator,content creator,entry-level / student,Delhi,4000,5000,Any
2025WSHP7204,Digital Marketing,marketing,entry-level / student,Remote,2000,2000,Any
2025WSHP7205,Business Development (Sales),business development (sales),entry-level / student,Chennai,5000,10000,Any
2025WSHP7206,Web Development,web development,entry-level / student,Hyderabad,8000,8000,Any
2025WSHP7207,Subject Matter Expert - Civil/Architecture,subject matter expert - civil/architecture,senior / experienced,Remote,12000,25000,Any
2025WSHP7208,Video Editing/Making,video editing/making,entry-level / student,Gurgaon,15000,20000,Any
2025WSHP7209,Acting,acting,entry-level / student,Remote,1000,2000,Any
2025WSHP7210,Marketing,marketing,entry-level / student,Gurgaon,7000,13000,Any
2025WSHP7211,Architecture,architecture,senior / experienced,Bangalore,2000,5000,B.A
2025WSHP7212,Business Development (Sales),business development (sales),entry-level / student,Noida,8000,13000,Any
2025WSHP7213,Law/Legal,law/legal,entry-level / student,Bangalore,5000,10000,Any
2025WSHP7214,Pre Sales Intern,pre sales intern,entry-level / student,Bangalore,15000,18000,Any
2025WSHP7215,Graphic Design,design,entry-level / student,Remote,2000,3500,Any
2025WSHP7216,Founders Office,founders office,entry-level / student,Mumbai,10000,15000,Any
2025WSHP7217,Architecture,architecture,senior / experienced,Chennai,30000,40000,Any
2025WSHP7218,Python Development,python development,entry-level / student,Remote,15000,20000,Any
2025WSHP7219,Business Development (Sales),business development (sales),entry-level / student,Gurgaon,9000,14000,Any
2025WSHP7220,Video Editing/Making,video editing/making,entry-level / student,Remote,1500,2000,Any
2025WSHP7221,Interior Designer,design,entry-level / student,Ahmedabad,15000,25000,Any
2025WSHP7222,Human Resources (HR),human resources (hr),entry-level / student,Thane,9500,10000,MBA
2025WSHP7223,Podcast Video Editing - Intern,podcast video editing - intern,entry-level / student,Remote,12001,15000,Any
2025WSHP7224,Search Engine Optimization (SEO),marketing,entry-level / student,Gurgaon,5000,15000,Any
2025WSHP7225,Business Development (Sales),business development (sales),entry-level / student,Delhi,2000,3000,Any
2025WSHP7226,Apparel Merchandising,apparel merchandising,entry-level / student,Bangalore,8000,10000,Any
2025WSHP7227,Field Sales,field sales,entry-level / student,Delhi,20000,25000,Any
2025WSHP7228,Video Editing/Making,video editing/making,entry-level / student,Remote,4000,8001,Any
2025WSHP7229,Sales and Marketing,marketing,entry-level / student,Coimbatore,30000,70000,Any
2025WSHP7230,Content Writing,content writing,entry-level / student,Bangalore,10000,10000,Any
2025WSHP7231,Python Development,python development,entry-level / student,Mumbai,14999,20000,MBA
2025WSHP7232,Content and Social Media Marketing,marketing,entry-level / student,Kolkata,4000,5000,Any
2025WSHP7233,ReactJS Development,reactjs development,entry-level / student,Faridabad,5000,10000,Any
2025WSHP7234,Product Consultant (Sales),product consultant (sales),entry-level / student,Noida,23000,28000,Any
2025WSHP7235,Graphic Design,design,entry-level / student,Remote,0,0,Any
2025WSHP7236,Content Writing (Research Associate In Computer Sciecne),content writing (research associate in computer sc,entry-level / student,Remote,6000,15000,Any
2025WSHP7237,iOS App Development,mobile development,entry-level / student,Remote,5000,5000,Any
2025WSHP7238,Purchase & Admin,purchase & admin,entry-level / student,Secunderabad,5000,9000,Any
2025WSHP7239,Canva Designing,design,entry-level / student,Remote,0,0,Any
2025WSHP7240,Subject Matter Expert (Structural Engineering),subject matter expert (structural engineering),entry-level / student,Remote,9000,12000,Any
2025WSHP7241,Nothing,nothing,entry-level / student,Not Available,0,0,Any
2025WSHP7242,Search Engine Optimization (SEO),marketing,entry-level / student,Remote,5000,7000,Any
2025WSHP7243,Social Media Marketing,marketing,entry-level / student,Remote,1000,1000,Any
2025WSHP7244,Business Development (Sales),business development (sales),entry-level / student,Remote,12000,20000,Any
2025WSHP7245,Video Editing/Making,video editing/making,entry-level / student,Remote,2000,5000,Any
2025WSHP7246,Video Editing/Making,video editing/making,entry-level / student,Gurgaon,7000,13000,Any
2025WSHP7247,Business Development (Sales),business development (sales),entry-level / student,Remote,5001,15000,Any
2025WSHP7248,Nothing,nothing,entry-level / student,Not Available,0,0,Any
2025WSHP7249,Human Resources (HR),human resources (hr),entry-level / student,Delhi,5000,6000,Any
2025WSHP7250,Sales And Marketing Associate,marketing,entry-level / student,Delhi,3200,24000,Any
2025WSHP7251,Business Development (Sales),business development (sales),entry-level / student,Mumbai,20000,25000,Any
2025WSHP7252,Graphic Designer,design,entry-level / student,Noida,12300,15500,Any
2025WSHP7253,Front End Development,front end development,entry-level / student,Gurgaon,13000,18000,Any
2025WSHP7254,Human Resources (HR),human resources (hr),entry-level / student,Delhi,5000,10000,Any
2025WSHP7255,E-Commerce Sales,e-commerce sales,entry-level / student,Aurangabad,5000,12000,MBA
2025WSHP7256,Human Resources (HR),human resources (hr),entry-level / student,Gurgaon,10000,12000,Any
2025WSHP7257,Event Management,event management,entry-level / student,Chennai,5000,10000,Any
2025WSHP7258,Online Malyalam Faculty For School Kids.,online malyalam faculty for school kids.,entry-level / student,Remote,5000,8000,Any
2025WSHP7259,Digital Marketing,marketing,entry-level / student,Faridabad,3000,5000,Any
2025WSHP7260,Social Media Marketing,marketing,entry-level / student,Chennai,3000,3000,Any
2025WSHP7261,Human Resources (HR),human resources (hr),entry-level / student,Gurgaon,5000,10000,Any
2025WSHP7262,Marketing,marketing,entry-level / student,Delhi,10000,15000,Any
2025WSHP7263,Product Marketing,marketing,entry-level / student,Bangalore,13000,15000,Any
2025WSHP7264,CA Industrial Trainee,machine learning / ai,entry-level / student,Bangalore,0,0,Any
2025WSHP7265,Graphic Design,design,entry-level / student,Gurgaon,10000,12000,Any
2025WSHP7266,Biotechnology Engineering,biotechnology engineering,entry-level / student,Chennai,30000,40000,Any
2025WSHP7267,Graphic Design,design,entry-level / student,Gurgaon,5000,12000,Any
2025WSHP7268,Videography,videography,entry-level / student,Remote,6000,11000,Any
2025WSHP7269,Humanities,humanities,entry-level / student,Remote,1000,3700,Any
2025WSHP7270,Sales and Marketing,marketing,entry-level / student,Pune,12000,18000,Any
2025WSHP7271,Business Development (Sales),business development (sales),entry-level / student,Remote,1500,1500,Any
2025WSHP7272,Human Resources (HR),human resources (hr),entry-level / student,Pune,3000,9000,Any
2025WSHP7273,English Teaching,english teaching,entry-level / student,Remote,2500,3500,Any
2025WSHP7274,Social Media Marketing,marketing,entry-level / student,Delhi,5000,10000,Any
2025WSHP7275,Artificial Intelligence (AI),machine learning / ai,entry-level / student,Remote,15000,30000,Any
2025WSHP7276,Content Writing,content writing,entry-level / student,Delhi,8000,12000,Any
2025WSHP7277,Store Associate,store associate,entry-level / student,Faridabad,2000,2000,Any
2025WSHP7278,Online Tutor For Principals Of Accounting,online tutor for principals of accounting,senior / experienced,Remote,1000,8000,Any
2025WSHP7279,Content Writing,content writing,entry-level / student,Delhi,5000,6000,Any
2025WSHP7280,Content Writer – Travel & Tourism,content writer – travel & tourism,entry-level / student,Gurgaon,10000,15000,Any
2025WSHP7281,Finance & Accounting,finance & accounting,entry-level / student,Mumbai,10000,15000,Any
2025WSHP7282,Marketing,marketing,entry-level / student,Chennai,10000,20000,Any
2025WSHP7283,Fashion Design,design,entry-level / student,Jaipur,5000,7000,Any
2025WSHP7284,Graphic Design,design,entry-level / student,Mumbai,3000,3000,Any
2025WSHP7285,Marketing Analyst,marketing,entry-level / student,Delhi,14000,15000,Any
2025WSHP7286,Graphic Design,design,entry-level / student,Mumbai,5000,7000,Any
2025WSHP7287,Social Media Marketing,marketing,entry-level / student,Mumbai,10000,15000,Any
2025WSHP7288,Growth Hacker & AI Tool Whiz,machine learning / ai,entry-level / student,Noida,13000,15000,Any
2025WSHP7289,Marketing,marketing,entry-level / student,Delhi,18000,78000,Any
2025WSHP7290,Coordinator - HR And Ecom Operations,coordinator - hr and ecom operations,entry-level / student,Gurgaon,7000,7000,Any
2025WSHP7291,Astrology Expert,astrology expert,entry-level / student,Delhi,10000,10001,Any
2025WSHP7292,Human Resources (HR),human resources (hr),entry-level / student,Chennai,6000,13000,Any
2025WSHP7293,Briefing of DMIT to Prospective Clients and Closing the Deal,briefing of dmit to prospective clients and closin,entry-level / student,Noida,5500,15000,Any
2025WSHP7294,Influencer Marketing,marketing,entry-level / student,Thane,5000,5000,MBA
2025WSHP7295,Store Fashion Consultant,store fashion consultant,entry-level / student,Mumbai,15000,20000,Any
2025WSHP7296,Human Resources (HR),human resources (hr),entry-level / student,Remote,20000,20000,Any
2025WSHP7297,Graphic Design,design,entry-level / student,Remote,5000,7000,Any
2025WSHP7298,Nothing,nothing,entry-level / student,Not Available,0,0,Any
2025WSHP7299,Content and Social Media Marketing,marketing,entry-level / student,Remote,20000,30000,Any
2025WSHP7300,Full Stack Development,full stack development,entry-level / student,Jaipur,10000,12000,Any
2025WSHP7301,Employee Health Benefits Guide,frontend development,entry-level / student,Mumbai,15000,15000,Any
2025WSHP7302,Market Research ( females only),market research ( females only),entry-level / student,Noida,8000,10000,Any
2025WSHP7303,Client Relations,client relations,entry-level / student,Noida,20000,20000,Any
2025WSHP7304,Graphic Design,design,entry-level / student,Delhi,5000,13000,Any
2025WSHP7305,Human Resources (HR),human resources (hr),entry-level / student,Faridabad,10000,15000,Any
2025WSHP7306,E-Commerce Sales,e-commerce sales,entry-level / student,Delhi,2000,2000,Any
2025WSHP7307,Recruitment,frontend development,entry-level / student,Chennai,4000,5000,Any
2025WSHP7308,Java Development,java development,entry-level / student,Remote,10000,20000,Any
2025WSHP7309,Market Research,market research,entry-level / student,Bangalore,5000,5000,Any
2025WSHP7310,Nothing,nothing,entry-level / student,Not Available,0,0,Any
2025WSHP7311,Animation,animation,entry-level / student,Delhi,4500,11000,Any
2025WSHP7312,Founders Office,founders office,entry-level / student,Bangalore,10000,15000,Any
2025WSHP7313,Sales and Marketing,marketing,entry-level / student,Noida,16000,35000,Any
2025WSHP7314,UX/UI Design,frontend development,entry-level / student,Remote,12000,20000,Any
2025WSHP7315,Business Development (Sales),business development (sales),entry-level / student,Chennai,15000,15000,Any
2025WSHP7316,Bakery,bakery,entry-level / student,Gurgaon,6000,8000,Diploma
2025WSHP7317,Social Media Marketing,marketing,entry-level / student,Remote,1000,5000,Any
2025WSHP7318,Lead Generation,lead generation,senior / experienced,Remote,3000,4000,Any
2025WSHP7319,Content and Social Media Marketing,marketing,entry-level / student,Remote,1000,2000,Any
2025WSHP7320,Journalism (AI-Driven Content & Filmmaking),machine learning / ai,entry-level / student,Remote,8000,12000,Any
2025WSHP7321,Full Stack Development,full stack development,entry-level / student,Chennai,20000,30000,Any
2025WSHP7322,Social Media Marketing,marketing,entry-level / student,Kolkata,5000,10000,Any
2025WSHP7323,Interior Design,design,entry-level / student,Pune,8000,10000,Any
2025WSHP7324,Entrepreneurial Software Development (Backend),backend development,entry-level / student,Remote,2000,2000,Any
2025WSHP7325,Search Engine Optimization (SEO),marketing,entry-level / student,Jaipur,5000,6000,Any
2025WSHP7326,CA Articleship,ca articleship,entry-level / student,Delhi,6000,10000,Any
2025WSHP7327,Business Intelligence,business intelligence,entry-level / student,Hyderabad,5000,7000,Any
2025WSHP7328,Video Editing/Making,video editing/making,entry-level / student,Pune,10000,15000,Any
2025WSHP7329,Client Acquisition,frontend development,entry-level / student,Delhi,4000,8000,Any
2025WSHP7330,Journalism,journalism,entry-level / student,Delhi,12000,12000,Any
2025WSHP7331,Content Creator (Female),content creator (female),entry-level / student,Gurgaon,12000,15000,Any
2025WSHP7332,Android App Development,mobile development,entry-level / student,Chennai,20000,30000,Any
2025WSHP7333,Store Associate,store associate,entry-level / student,Faridabad,2000,2000,Any
2025WSHP7334,Brand Management,brand management,entry-level / student,Bangalore,5000,10000,Any
2025WSHP7335,Digital Marketing,marketing,entry-level / student,Gurgaon,10000,10000,Any
2025WSHP7336,Content Writer- SEO Blogs,marketing,entry-level / student,Mumbai,9999,10000,MBA
2025WSHP7337,Excel & LinkedIn Lead Generation,excel & linkedin lead generation,senior / experienced,Remote,6000,40000,Any
2025WSHP7338,Content and Social Media Marketing,marketing,entry-level / student,Remote,1000,1000,Any
2025WSHP7339,Script Writer,script writer,entry-level / student,Mumbai,10000,11000,Any
2025WSHP7340,HR Psychologist,hr psychologist,entry-level / student,Remote,0,0,Any
2025WSHP7341,Design Manager,design,entry-level / student,Faridabad,5000,10000,Any
2025WSHP7342,Web Development,web development,entry-level / student,Chennai,2000,3000,Any
2025WSHP7343,Nothing,nothing,entry-level / student,Not Available,0,0,Any
2025WSHP7344,Video Editing/Making,video editing/making,entry-level / student,Hyderabad,10000,20000,Any
2025WSHP7345,Real Estate Tech Investments,real estate tech investments,entry-level / student,Delhi,15000,25000,Any
2025WSHP7346,Graphic Design,design,entry-level / student,Remote,1500,3500,Any
2025WSHP7347,Business Development (Sales),business development (sales),entry-level / student,Delhi,15000,20000,Any
2025WSHP7348,Architecture,architecture,senior / experienced,Delhi,5000,7000,Any
2025WSHP7349,Digital Marketing,marketing,entry-level / student,Delhi,2000,5000,Any
2025WSHP7350,Business Analytics,business analytics,entry-level / student,Remote,10000,32000,MBA
2025WSHP7351,Accounting,accounting,entry-level / student,Noida,12000,20000,Any
2025WSHP7352,Personal Assistant,personal assistant,entry-level / student,Remote,1000,5000,Any
2025WSHP7353,Candidate Support & Query Resolution,candidate support & query resolution,entry-level / student,Faridabad,18000,18000,Any
2025WSHP7354,Frontend Developer,frontend development,entry-level / student,Chennai,20000,20000,Any
2025WSHP7355,Digital Marketing,marketing,entry-level / student,Delhi,4000,5000,Any
2025WSHP7356,Social Media Marketing,marketing,entry-level / student,Jaipur,5000,8000,MBA
2025WSHP7357,AI Sales Specialist,machine learning / ai,entry-level / student,Remote,7500,16000,Any
2025WSHP7358,Telecalling,telecalling,entry-level / student,Noida,2000,5000,Any
2025WSHP7359,Video Editing/Making,video editing/making,entry-level / student,Remote,15000,20000,Any
2025WSHP7360,Marketing,marketing,entry-level / student,Delhi,8000,14000,Any
2025WSHP7361,Human Resources (HR),human resources (hr),entry-level / student,Faridabad,5000,10000,Any
2025WSHP7362,Copywriting,copywriting,entry-level / student,Remote,2000,3000,Any
2025WSHP7363,Interior Design,design,entry-level / student,Bangalore,7000,7000,Any
2025WSHP7364,Logo Design,design,entry-level / student,Remote,2000,2000,Any
2025WSHP7365,Search Engine Optimization (SEO),marketing,entry-level / student,Noida,8000,10000,Any
2025WSHP7366,Founders Office,founders office,entry-level / student,Mumbai,20000,40000,Any
2025WSHP7367,Customer Acquisition,frontend development,entry-level / student,Bangalore,5000,6000,Any
2025WSHP7368,Digital Marketing Manager (Female),marketing,entry-level / student,Ahmedabad,21000,25000,Any
2025WSHP7369,Recruitment Consultant,frontend development,entry-level / student,Remote,2000,4000,Any
2025WSHP7370,Content and Social Media Marketing,marketing,entry-level / student,Delhi,5000,8000,Any
2025WSHP7371,Motion Graphics,design,entry-level / student,Remote,8000,8000,Any
2025WSHP7372,Operations And Communtications,operations and communtications,entry-level / student,Mumbai,10000,15000,Any
2025WSHP7373,Content and Social Media Marketing,marketing,entry-level / student,Gurgaon,3000,5000,Any
2025WSHP7374,Business Development (Sales),business development (sales),entry-level / student,Delhi,10000,15000,Any
2025WSHP7375,Project & HR Coordinator,project & hr coordinator,entry-level / student,Delhi,15000,15000,Any
2025WSHP7376,QA Testing,qa testing,entry-level / student,Mumbai,5000,8000,Any
2025WSHP7377,Influencer Marketing,marketing,entry-level / student,Mumbai,15000,15000,Any
2025WSHP7378,Product Management Associate,product management associate,entry-level / student,Remote,0,0,Any
2025WSHP7379,Software Testing,software testing,entry-level / student,Remote,11000,11000,Any
2025WSHP7380,Corporate Sales,corporate sales,entry-level / student,Chennai,30000,40000,Any
2025WSHP7381,Content and Social Media Marketing,marketing,entry-level / student,Remote,7500,12500,Any
2025WSHP7382,Business Development (Sales),business development (sales),entry-level / student,Mumbai,10000,20000,Any
2025WSHP7383,Cyber Security,cyber security,entry-level / student,Chennai,20000,30000,Any
2025WSHP7384,Human Resources (HR),human resources (hr),entry-level / student,Bangalore,5000,10000,Any
2025WSHP7385,Travel & Tourism,travel & tourism,entry-level / student,Bangalore,11000,11000,Any
2025WSHP7386,Graphic Design,design,entry-level / student,Remote,9000,12000,Any
2025WSHP7387,Web Development,web development,entry-level / student,Remote,15000,25000,Any
2025WSHP7388,Digital Marketing,marketing,entry-level / student,Chennai,6000,9000,Any
2025WSHP7389,Quality Control,quality control,entry-level / student,Vadgaon,15000,17000,Diploma
2025WSHP7390,Marketing And Content Specialist,marketing,entry-level / student,Remote,10000,12000,Any
2025WSHP7391,Graduate Engineer Trainee (GET Program 2025),machine learning / ai,entry-level / student,Maharashtra,0,0,Any
2025WSHP7392,Digital Marketing,marketing,entry-level / student,Remote,4000,6000,Any
2025WSHP7393,Full Stack Development,full stack development,entry-level / student,Aurangabad,15000,18000,MBA
2025WSHP7394,Online Marathi Faculty For School Kids.,online marathi faculty for school kids.,entry-level / student,Remote,5000,8000,Any
2025WSHP7395,Business Development (Sales),business development (sales),entry-level / student,Pune,7000,7000,Any
2025WSHP7396,Brand Management,brand management,entry-level / student,Noida,8000,15000,Any
2025WSHP7397,Business Development (Sales),business development (sales),entry-level / student,Bangalore,6000,8000,Any
2025WSHP7398,Content Creator,content creator,entry-level / student,Mumbai,12000,15000,Any
2025WSHP7399,Human Resources (HR),human resources (hr),entry-level / student,Pune,8000,10000,Any
2025WSHP7400,Graphic Design,design,entry-level / student,Remote,8500,11000,Any
2025WSHP7401,Marketing,marketing,entry-level / student,Mumbai,10000,15000,MBA
2025WSHP7402,Business Development (Sales),business development (sales),entry-level / student,Remote,7000,18000,Any
2025WSHP7403,Influencer Marketing,marketing,entry-level / student,Noida,3000,5000,Any
2025WSHP7404,Business Development (Sales),business development (sales),entry-level / student,Pune,10000,115000,Any
2025WSHP7405,Telecalling,telecalling,entry-level / student,Delhi,10000,15000,Any
2025WSHP7406,Digital Marketing,marketing,entry-level / student,Bangalore,8000,10000,Any
2025WSHP7407,Social Media Influencer,marketing,entry-level / student,Bangalore,5000,10000,Any
2025WSHP7408,E-Commerce Catalog Management,e-commerce catalog management,entry-level / student,Remote,3000,5000,Any
2025WSHP7409,Motion Graphics (AI Tools),machine learning / ai,entry-level / student,Bangalore,30000,35000,Any
2025WSHP7410,Client Servicing,client servicing,entry-level / student,Mumbai,5000,15000,Any
2025WSHP7411,Inside Sales,inside sales,entry-level / student,Remote,11000,18000,Any
2025WSHP7412,Product Design,design,entry-level / student,Chennai,30000,40000,Any
2025WSHP7413,Business Development (Sales),business development (sales),entry-level / student,Bangalore,14000,21000,Any
2025WSHP7414,Campus Ambassador,campus ambassador,entry-level / student,Ahmedabad,0,0,Any
2025WSHP7415,Business Analyst,business analyst,entry-level / student,Bangalore,0,0,Any
2025WSHP7416,International Outbound Marketing,marketing,entry-level / student,Delhi,8000,25000,Any
2025WSHP7417,Finance,finance,entry-level / student,Mumbai,15000,15000,Any
2025WSHP7418,Operations,operations,entry-level / student,Chennai,7000,8000,Any
2025WSHP7419,Content Writing,content writing,entry-level / student,Delhi,3000,9000,Any
2025WSHP7420,Digital Broadcasting Specialist,digital broadcasting specialist,entry-level / student,Bangalore,18000,32000,Any
2025WSHP7421,Communications & Operations,communications & operations,entry-level / student,Remote,25000,25000,Any
2025WSHP7422,Video Editing/Making,video editing/making,entry-level / student,Remote,5000,10000,Any
2025WSHP7423,Full Stack Development,full stack development,entry-level / student,Chennai,20000,30000,Any
2025WSHP7424,Field Sales,field sales,entry-level / student,Delhi,10200,11000,Any
2025WSHP7425,Graphic Design,design,entry-level / student,Jaipur,8000,10000,Any
2025WSHP7426,Swaraj Fellowship & Social Entrepreneurship,swaraj fellowship & social entrepreneurship,entry-level / student,Remote,0,0,Any
2025WSHP7427,Business Development (Sales),business development (sales),entry-level / student,Noida,8000,11000,Any
2025WSHP7428,Content and Social Media Marketing,marketing,entry-level / student,Chennai,20000,30000,Any
2025WSHP7429,WordPress Development,wordpress development,entry-level / student,Remote,8000,15000,Any
2025WSHP7430,General Management,general management,entry-level / student,Hyderabad,15000,16000,Any
2025WSHP7431,Business Development (Sales),business development (sales),entry-level / student,Noida,6000,8000,Any
2025WSHP7432,AI Art Generator/Prompt Crafter,machine learning / ai,entry-level / student,Remote,2000,5000,Any
2025WSHP7433,Digital Marketing,marketing,entry-level / student,Pune,7500,15000,Any
2025WSHP7434,Software Testing,software testing,entry-level / student,Noida,10000,16000,Any
2025WSHP7435,Marketing,marketing,entry-level / student,Noida,10000,15000,Any
2025WSHP7436,Business Development (Sales),business development (sales),entry-level / student,Noida,15000,30000,Any
2025WSHP7437,Inside Sales,inside sales,entry-level / student,Faridabad,5000,10000,Any
2025WSHP7438,Unity Game Developer,unity game developer,entry-level / student,Remote,8000,8000,Any
2025WSHP7439,Human Resources (HR),human resources (hr),entry-level / student,Noida,9000,9000,Any
2025WSHP7440,Android App Development,mobile development,entry-level / student,Hyderabad,10000,15000,Any
2025WSHP7441,Sales and Marketing,marketing,entry-level / student,Agra,15000,65000,MBA
2025WSHP7442,Startup operations,startup operations,entry-level / student,Remote,5000,6000,Any
2025WSHP7443,Content and Social Media Marketing,marketing,entry-level / student,Remote,4000,15000,Any
2025WSHP7444,Product Shoot Photographer,product shoot photographer,entry-level / student,Faridabad,8000,10000,Any
2025WSHP7445,Search Engine Optimization (SEO),marketing,entry-level / student,Noida,3000,3000,Any
2025WSHP7446,Event Management,event management,entry-level / student,Chennai,20000,30000,Any
2025WSHP7447,sales,sales,entry-level / student,Gurgaon,10000,15000,Any
2025WSHP7448,Operations,operations,entry-level / student,Pune,5000,10000,Any
2025WSHP7449,Graphic Design,design,entry-level / student,Noida,4000,8000,Any
2025WSHP7450,Content and Social Media Marketing,marketing,entry-level / student,Pune,10000,15000,Any
2025WSHP7451,Business Development (Sales),business development (sales),entry-level / student,Remote,2500,3500,MBA
2025WSHP7452,Cinematography,cinematography,entry-level / student,Delhi,8000,10000,MBA
2025WSHP7453,Communications & Partnerships,communications & partnerships,entry-level / student,Remote,5000,8000,Any
2025WSHP7454,Online Kannad Language Teacher For School Kids,online kannad language teacher for school kids,entry-level / student,Remote,5000,8000,Any
2025WSHP7455,Customer Champion,customer champion,entry-level / student,Mumbai,10000,10001,Any
2025WSHP7456,Front End Development,front end development,entry-level / student,Mumbai,4000,5000,Any
2025WSHP7457,Business Development (Sales),business development (sales),entry-level / student,Remote,3000,5000,Any
2025WSHP7458,Executive Asisstant,executive asisstant,entry-level / student,Gurgaon,10000,15000,Any
2025WSHP7459,Event Management,event management,entry-level / student,Mumbai,11000,17500,Any
2025WSHP7460,Program Manager,program manager,entry-level / student,Remote,5000,10000,MBA
2025WSHP7461,Social Media Marketing,marketing,entry-level / student,Delhi,15000,15000,Any
2025WSHP7462,Human Resources (HR),human resources (hr),entry-level / student,Chennai,15000,15000,Any
2025WSHP7463,Social Media Marketing,marketing,entry-level / student,Remote,1500,4000,Any
2025WSHP7464,Content and Social Media Marketing,marketing,entry-level / student,Bangalore,6000,6000,Any
2025WSHP7465,Business Development (Sales),business development (sales),entry-level / student,Bangalore,20000,35000,MBA
2025WSHP7466,Business Development (Sales),business development (sales),entry-level / student,Gurgaon,23000,38000,Any
2025WSHP7467,Content and Social Media Marketing,marketing,entry-level / student,Remote,20000,30000,Any
2025WSHP7468,Social Media Marketing,marketing,entry-level / student,Secunderabad,6000,12000,Any
2025WSHP7469,Event Management,event management,entry-level / student,Jaipur,8000,10000,Any
2025WSHP7470,Virtual Charity Drive,virtual charity drive,entry-level / student,Remote,1500,10000,Any
2025WSHP7471,Event Management,event management,entry-level / student,Mumbai,8002,10005,Any
2025WSHP7472,Subject Matter Expert (Physics),subject matter expert (physics),entry-level / student,Remote,11000,11000,Any
2025WSHP7473,Visual Merchandising,visual merchandising,entry-level / student,Bangalore,15000,15000,Any
2025WSHP7474,Video Editing/Making,video editing/making,entry-level / student,Remote,5000,10000,Any
2025WSHP7475,Customer Service/Customer Support,customer service/customer support,entry-level / student,Pune,4500,7500,Any
2025WSHP7476,Lead Generation,lead generation,senior / experienced,Delhi,15000,15000,Any
2025WSHP7477,E-Commerce Marketing,marketing,entry-level / student,Noida,5000,10000,Any
2025WSHP7478,Recruitment Consultant,frontend development,entry-level / student,Remote,15000,15000,Any
2025WSHP7479,Campus Ambassador,campus ambassador,entry-level / student,Remote,0,0,Any
2025WSHP7480,3D Designer,design,entry-level / student,Delhi,6000,12000,Diploma
2025WSHP7481,Human Resources (HR),human resources (hr),entry-level / student,Mumbai,5000,10000,Any
2025WSHP7482,Business Development (Sales),business development (sales),entry-level / student,Chennai,15000,25000,Any
2025WSHP7483,Content and Social Media Marketing,marketing,entry-level / student,Remote,17000,35000,Any
2025WSHP7484,Human Resources (HR),human resources (hr),entry-level / student,Gurgaon,12000,12000,Any
2025WSHP7485,Online IGCSE Math Tutoring,online igcse math tutoring,entry-level / student,Remote,1000,8000,Any
2025WSHP7486,Digital Marketing,marketing,entry-level / student,Remote,2000,5000,Any
2025WSHP7487,E-Commerce Business Management,e-commerce business management,entry-level / student,Remote,7500,10000,Any
2025WSHP7488,Educational Consultant,educational consultant,entry-level / student,Chennai,20000,35000,Any
2025WSHP7489,Research Intern – Grant Funding,research intern – grant funding,entry-level / student,Remote,0,0,Any
2025WSHP7490,Web Development,web development,entry-level / student,Remote,10000,20000,Any
2025WSHP7491,Service Of Air Compressor,machine learning / ai,entry-level / student,Remote,7000,9000,Any
2025WSHP7492,Video Editing/Making,video editing/making,entry-level / student,Noida,4000,5000,Any
2025WSHP7493,Category Management (Kids Wear),category management (kids wear),entry-level / student,Bangalore,0,0,Any
2025WSHP7494,Human Resources (HR),human resources (hr),entry-level / student,Delhi,8000,10000,MBA
2025WSHP7495,Interior Design,design,entry-level / student,Kalyan,5001,13000,Any
2025WSHP7496,Content and Social Media Marketing,marketing,entry-level / student,Mumbai,15000,20000,Any
2025WSHP7497,Social Media Marketing,marketing,entry-level / student,Mumbai,5000,15000,Any
2025WSHP7498,Business Development (Sales),business development (sales),entry-level / student,Pune,10000,15000,Any
2025WSHP7499,Software Development,software development,entry-level / student,Remote,10000,10000,Any
2025WSHP7500,Talent Acquisition,frontend development,entry-level / student,Mumbai,4000,7000,MBA
2025WSHP7501,Social Media Marketing,marketing,entry-level / student,Remote,5000,5000,Any
2025WSHP7502,Market Research,market research,entry-level / student,Bangalore,6000,7000,Any
2025WSHP7503,Marketing,marketing,entry-level / student,Secunderabad,9000,14000,Any
2025WSHP7504,Content and Social Media Marketing,marketing,entry-level / student,Delhi,12000,15000,Any
2025WSHP7505,Performance Marketing,marketing,entry-level / student,Mumbai,15000,20000,Any
2025WSHP7506,Human Resources (HR),human resources (hr),entry-level / student,Mumbai,3000,5000,Any
2025WSHP7507,E-Commerce Sales & Customer Support,e-commerce sales & customer support,entry-level / student,Bangalore,10000,13000,Any
2025WSHP7508,Zero-Waste Changemaker (Sustainability & Waste Management),machine learning / ai,entry-level / student,Thane,7500,10000,MBA
2025WSHP7509,Biomedical,biomedical,entry-level / student,Pune,5000,10000,Any
2025WSHP7510,Campus Ambassador,campus ambassador,entry-level / student,Ahmedabad,0,0,MBA
2025WSHP7511,Operation Executive,operation executive,entry-level / student,Hyderabad,14000,15000,Any
2025WSHP7512,Lead Generation,lead generation,senior / experienced,Noida,10000,15000,Any
2025WSHP7513,Tele Fundraising,machine learning / ai,entry-level / student,Remote,1500,10000,Any
2025WSHP7514,Finance & Accounting,finance & accounting,entry-level / student,Noida,10000,15000,Any
2025WSHP7515,Full Stack Developer,full stack development,entry-level / student,Remote,30000,35000,Any
2025WSHP7516,SEO Executive,marketing,entry-level / student,Mumbai,4000,5000,Any
2025WSHP7517,Content Writing,content writing,entry-level / student,Delhi,10000,10000,Any
2025WSHP7518,Agriculture & Food Engineering,agriculture & food engineering,entry-level / student,Pune,6000,10000,Any
2025WSHP7519,Content Writing (Gujrati),content writing (gujrati),entry-level / student,Remote,5000,6000,Any
2025WSHP7520,Human Resources (HR),human resources (hr),entry-level / student,Mumbai,8000,12000,MBA
2025WSHP7521,Nothing,nothing,entry-level / student,Not Available,0,0,Any
2025WSHP7522,Digital Marketing,marketing,entry-level / student,Jaipur,3000,10000,Any
2025WSHP7523,Founder’s Office,founder’s office,entry-level / student,Thane,25000,50000,B.Tech
2025WSHP7524,UI/UX Design,frontend development,entry-level / student,Gurgaon,25000,25000,Any
2025WSHP7525,Human Resources (HR),human resources (hr),entry-level / student,Mumbai,5000,8000,Any
2025WSHP7526,Public Relations,public relations,entry-level / student,Remote,1500,15000,Any
2025WSHP7527,Social Media Marketing,marketing,entry-level / student,Mumbai,10000,16000,Any
2025WSHP7528,Business Development (Sales),business development (sales),entry-level / student,Gurgaon,15000,25000,Any
2025WSHP7529,Copywriting,copywriting,entry-level / student,Delhi,10000,15000,Any
2025WSHP7530,Human Resources (HR),human resources (hr),entry-level / student,Mumbai,10000,20000,MBA
2025WSHP7531,Business Development & Marketing,marketing,entry-level / student,Remote,7000,7000,Any
2025WSHP7532,Presentation Designer,design,entry-level / student,Noida,12000,18000,Any
2025WSHP7533,Translation,translation,entry-level / student,Remote,5000,5000,Any
2025WSHP7534,Human Resources (HR),human resources (hr),entry-level / student,Remote,15000,15000,Any
2025WSHP7535,Flutter Development,mobile development,entry-level / student,Remote,15000,18000,Any
2025WSHP7536,Video Editing/Making,video editing/making,entry-level / student,Delhi,7000,15000,Any
2025WSHP7537,Growth And Partnership Generation,growth and partnership generation,entry-level / student,Mumbai,20000,20000,Any
2025WSHP7538,Operations,operations,entry-level / student,Noida,3000,5000,MBA
2025WSHP7539,Content and Social Media Marketing,marketing,entry-level / student,Remote,16000,40000,Any
2025WSHP7540,Nothing,nothing,entry-level / student,Not Available,0,0,Any
2025WSHP7541,Operations,operations,entry-level / student,Gurgaon,10000,15000,Any
2025WSHP7542,Business Development (Sales),business development (sales),entry-level / student,Bangalore,15000,15000,Any
2025WSHP7543,Marketing,marketing,entry-level / student,Remote,3000,8000,Any
2025WSHP7544,Video Editing/Making,video editing/making,entry-level / student,Remote,5000,10000,Any
2025WSHP7545,Fundraising,machine learning / ai,entry-level / student,Remote,1500,15000,Any
2025WSHP7546,Inside Sales,inside sales,entry-level / student,Pune,15000,15000,MBA
2025WSHP7547,Node.js Development,node.js development,entry-level / student,Remote,10000,15000,Any
2025WSHP7548,Social Media Marketing,marketing,entry-level / student,Kolkata,6000,8000,Any
2025WSHP7549,Pinterest Marketing,marketing,entry-level / student,Remote,15000,20000,Any
2025WSHP7550,Content and Social Media Marketing,marketing,entry-level / student,Mumbai,6000,15000,Any
2025WSHP7551,Business Development (Sales),business development (sales),entry-level / student,Pune,8000,12000,B.Tech
2025WSHP7552,Social Media Marketing,marketing,entry-level / student,Remote,5000,5000,Any
2025WSHP7553,Product Marketing,marketing,entry-level / student,Delhi,10000,20000,Any
2025WSHP7554,Founders’ Office - Marketing,marketing,entry-level / student,Remote,20000,35000,Any
2025WSHP7555,Digital Sales,digital sales,entry-level / student,Mumbai,9000,10000,Any
2025WSHP7556,Nothing,nothing,entry-level / student,Not Available,0,0,Any
2025WSHP7557,Business Development (Sales),business development (sales),entry-level / student,Bangalore,14000,33000,Any
2025WSHP7558,Real Estate Inside Sales,real estate inside sales,entry-level / student,Mumbai,15000,15000,MBA
2025WSHP7559,Service Engineer,service engineer,entry-level / student,Coimbatore,8000,12000,MBA
2025WSHP7560,Digital Marketing,marketing,entry-level / student,Remote,1000,1000,Any
2025WSHP7561,Nothing,nothing,entry-level / student,Not Available,0,0,Any
2025WSHP7562,Inside Sales,inside sales,entry-level / student,Pune,10000,17000,Any
2025WSHP7563,Human Resources (HR),human resources (hr),entry-level / student,Bangalore,6000,15000,MBA
2025WSHP7564,3D Artist,3d artist,entry-level / student,Gurgaon,10000,10000,Any
2025WSHP7565,Human Resources (HR),human resources (hr),entry-level / student,Gurgaon,10000,10000,Any
2025WSHP7566,Content Creator And Social Media Marketing,marketing,entry-level / student,Mumbai,4000,8000,Any
2025WSHP7567,Content And Performance Marketing,marketing,entry-level / student,Delhi,10000,12000,Any
2025WSHP7568,Nothing,nothing,entry-level / student,Not Available,0,0,Any
2025WSHP7569,Sales Consultant,sales consultant,entry-level / student,Hyderabad,10000,10000,Any
2025WSHP7570,Project Management,project management,entry-level / student,Remote,5000,10000,Any
2025WSHP7571,CA Articleship,ca articleship,entry-level / student,Remote,2000,5000,Any
2025WSHP7572,Content Developer,content developer,entry-level / student,Remote,10000,40000,Any
2025WSHP7573,Digital Marketing,marketing,entry-level / student,Remote,3000,3000,Any
2025WSHP7574,Import Export Executive,import export executive,entry-level / student,Bangalore,10000,12000,Any
2025WSHP7575,LLMOps Engineer,llmops engineer,entry-level / student,Remote,15000,20000,Any
2025WSHP7576,Business Development (Sales),business development (sales),entry-level / student,Chennai,27000,32000,Any
2025WSHP7577,Content and Social Media Marketing,marketing,entry-level / student,Mumbai,5000,8000,Any
2025WSHP7578,Video Editing/Making,video editing/making,entry-level / student,Kolkata,4200,85000,Any
2025WSHP7579,Customer Service/Customer Support,customer service/customer support,entry-level / student,Thane,8000,15000,MBA
2025WSHP7580,Marketing,marketing,entry-level / student,Kolkata,5000,10000,Any
2025WSHP7581,Web Development,web development,entry-level / student,Remote,6000,12000,Any
2025WSHP7582,Digital Marketing,marketing,entry-level / student,Mumbai,5000,5500,Diploma
2025WSHP7583,AI Product-Solutions,machine learning / ai,entry-level / student,Pune,10000,30000,MBA
2025WSHP7584,Generalist,generalist,entry-level / student,Remote,5000,5000,Any
2025WSHP7585,Business Development (Sales),business development (sales),entry-level / student,Delhi,15000,25000,Any
2025WSHP7586,Content Shooting Video Editing Social Media And PR,marketing,entry-level / student,Mumbai,10000,13000,Any
2025WSHP7587,Sales Executive (Interior Company),sales executive (interior company),entry-level / student,Noida,7200,8500,Any
2025WSHP7588,Operations,operations,entry-level / student,Remote,2000,2000,Any
2025WSHP7589,Design,design,entry-level / student,Delhi,7000,25000,Any
2025WSHP7590,Social Media Marketing,marketing,entry-level / student,Gurgaon,15000,15000,Any
2025WSHP7591,Android App Development,mobile development,entry-level / student,Pune,2000,2001,Any
2025WSHP7592,Data Entry,data entry,entry-level / student,Hyderabad,8000,8000,Any
2025WSHP7593,E-Commerce Business Management,e-commerce business management,entry-level / student,Remote,8000,11000,Any
2025WSHP7594,Presales Associate,presales associate,entry-level / student,Bangalore,10000,15000,Any
2025WSHP7595,Marketing & Content,marketing,entry-level / student,Remote,3000,3000,MBA
2025WSHP7596,Founders Associate,founders associate,entry-level / student,Thane,5000,5000,Any
2025WSHP7597,Digital Marketing,marketing,entry-level / student,Delhi,8000,10000,Any
2025WSHP7598,Law/Legal,law/legal,entry-level / student,Delhi,0,0,Any
2025WSHP7599,sales,sales,entry-level / student,Hyderabad,15000,16000,Any
2025WSHP7600,Project Coordination,project coordination,entry-level / student,Mumbai,5000,10000,Any
2025WSHP7601,Nothing,nothing,entry-level / student,Not Available,0,0,Any
2025WSHP7602,Digital Marketing,marketing,entry-level / student,Thane,3000,3000,MBA
2025WSHP7603,Law/Legal,law/legal,entry-level / student,Remote,0,0,Any
2025WSHP7604,Business Development (Sales),business development (sales),entry-level / student,Remote,3000,5000,Any
2025WSHP7605,Business Development (Sales),business development (sales),entry-level / student,Mumbai,3000,6000,Any
2025WSHP7606,Influencer Marketing,marketing,entry-level / student,Mumbai,10000,10000,Any
2025WSHP7607,Brand Management,brand management,entry-level / student,Delhi,15000,25000,Any
2025WSHP7608,Brand Marketing,marketing,entry-level / student,Delhi,10000,12000,Any
2025WSHP7609,Account Audit,account audit,entry-level / student,Mumbai,11000,15000,Any
2025WSHP7610,Video Editing/Making,video editing/making,entry-level / student,Noida,8000,10000,Any
2025WSHP7611,Human Resources (HR),human resources (hr),entry-level / student,Remote,6000,12000,Any
2025WSHP7612,CSR Research,csr research,entry-level / student,Delhi,3000,6000,Any
2025WSHP7613,PR & Branding,pr & branding,entry-level / student,Remote,2500,35000,Any
2025WSHP7614,Graphic Design,design,entry-level / student,Remote,10000,15000,Any
2025WSHP7615,Business Development (Sales),business development (sales),entry-level / student,Gurgaon,18000,18000,Any
2025WSHP7616,UI/UX Design,frontend development,entry-level / student,Remote,0,0,Any
2025WSHP7617,Creative Design,design,entry-level / student,Remote,7000,10000,Any
2025WSHP7618,Outreach And Collaboration,outreach and collaboration,entry-level / student,Remote,0,0,Any
2025WSHP7619,Nothing,nothing,entry-level / student,Not Available,0,0,Any
2025WSHP7620,Social Media,marketing,entry-level / student,Gurgaon,9000,10000,Any
2025WSHP7621,Social Media Marketing,marketing,entry-level / student,Mumbai,8000,8000,Any
2025WSHP7622,Copywriting,copywriting,entry-level / student,Gurgaon,5000,10000,Any
2025WSHP7623,Digital Marketing,marketing,entry-level / student,Thane,8000,8000,Any
2025WSHP7624,Nothing,nothing,entry-level / student,Not Available,0,0,Any
2025WSHP7625,Business Development (Sales),business development (sales),entry-level / student,Remote,5000,8000,Any
2025WSHP7626,Content Writing,content writing,entry-level / student,Noida,5000,10000,Any
2025WSHP7627,Video Editing/Making,video editing/making,entry-level / student,Hyderabad,10000,12000,Any
2025WSHP7628,Graphic Design,design,entry-level / student,Remote,5000,5000,Any
2025WSHP7629,Social Media Marketing,marketing,entry-level / student,Hyderabad,14000,16000,Any
2025WSHP7630,Tele Counsellor,tele counsellor,entry-level / student,Delhi,7000,20000,Any
2025WSHP7631,Nothing,nothing,entry-level / student,Not Available,0,0,Any
2025WSHP7632,ReactJS Development,reactjs development,entry-level / student,Remote,8000,12000,Any
2025WSHP7633,Content Writing,content writing,entry-level / student,Delhi,10000,10000,Any
2025WSHP7634,Executive Assistant,executive assistant,entry-level / student,Thane,9500,10000,MBA
2025WSHP7635,Business Development (Sales),business development (sales),entry-level / student,Gurgaon,7000,7000,Any
2025WSHP7636,Human Resources (HR),human resources (hr),entry-level / student,Bangalore,10000,12000,MBA
2025WSHP7637,Wealth Management,wealth management,entry-level / student,Delhi,5000,12500,Any
2025WSHP7638,Accounting & Taxation,accounting & taxation,entry-level / student,Chennai,30000,40000,Any
2025WSHP7639,Video Editing/Making,video editing/making,entry-level / student,Delhi,6000,8000,Any
2025WSHP7640,Campus Ambassador,campus ambassador,entry-level / student,Delhi,0,0,MBA
2025WSHP7641,Marketing & Public Relations,marketing,entry-level / student,Remote,5000,7000,Any
2025WSHP7642,Corporate Sales,corporate sales,entry-level / student,Mumbai,5000,7000,Any
2025WSHP7643,Talent Acquisition,frontend development,entry-level / student,Bangalore,20000,25000,Any
2025WSHP7644,Business Development (Sales),business development (sales),entry-level / student,Delhi,10000,18000,Any
2025WSHP7645,Interior Design,design,entry-level / student,Mumbai,9000,12000,Diploma
2025WSHP7646,Founders Office (Growth And Strategy),founders office (growth and strategy),entry-level / student,Bangalore,8000,10000,Any
2025WSHP7647,Finance,finance,entry-level / student,Bangalore,15000,15000,Any
2025WSHP7648,Creative Design,design,entry-level / student,Remote,2000,15000,Any
2025WSHP7649,Corporate Sales,corporate sales,entry-level / student,Delhi,20000,20000,Any
2025WSHP7650,Graphic Design,design,entry-level / student,Remote,8000,8000,Any
2025WSHP7651,Sales,sales,entry-level / student,Remote,12000,15000,Any
2025WSHP7652,Sales and Marketing,marketing,entry-level / student,Hyderabad,8000,10000,Any
2025WSHP7653,Client Servicing And Graphic Designing,design,entry-level / student,Delhi,5000,12000,Any
2025WSHP7654,Fashion Design,design,entry-level / student,Gurgaon,10000,15000,Any
2025WSHP7655,Social Media & Communications Manager,marketing,entry-level / student,Remote,5000,5000,Any
2025WSHP7656,Marketing,marketing,entry-level / student,Thane,2001,17000,Any
2025WSHP7657,Electronics Engineering,electronics engineering,entry-level / student,Mumbai,12000,25000,Any
2025WSHP7658,Field Sales,field sales,entry-level / student,Pune,5000,5000,Any
2025WSHP7659,Sales and Marketing,marketing,entry-level / student,Bangalore,7000,17000,Any
2025WSHP7660,Nothing,nothing,entry-level / student,Not Available,0,0,Any
2025WSHP7661,Nothing,nothing,entry-level / student,Not Available,0,0,Any
2025WSHP7662,Retail Activation Fellow,machine learning / ai,entry-level / student,Delhi,5000,10000,Any
2025WSHP7663,UI/UX Design,frontend development,entry-level / student,Remote,25000,25000,B.Tech
2025WSHP7664,JavaScript Development,javascript development,entry-level / student,Remote,10000,45000,Any
2025WSHP7665,Human Resources (HR),human resources (hr),entry-level / student,Remote,3500,4000,Any
2025WSHP7666,Growth Marketing,marketing,entry-level / student,Remote,5000,5000,Any
2025WSHP7667,Media & Public Relations (PR),media & public relations (pr),entry-level / student,Chennai,20000,30000,Any
2025WSHP7668,Fashion Consultant,fashion consultant,entry-level / student,Mumbai,5000,7500,Any
2025WSHP7669,Business Development (Sales),business development (sales),entry-level / student,Remote,1000,1500,Any
2025WSHP7670,Business Development (Sales),business development (sales),entry-level / student,Mumbai,5000,7000,Any
2025WSHP7671,Company Secretary (CS),company secretary (cs),entry-level / student,Delhi,8000,10000,Any
2025WSHP7672,Telecalling (Data Filtration & Lead Generation),telecalling (data filtration & lead generation),senior / experienced,Remote,8000,8000,Any
2025WSHP7673,JavaScript Development,javascript development,entry-level / student,Remote,1000,1200,Diploma
2025WSHP7674,Video Editing/Making,video editing/making,entry-level / student,Remote,20000,250000,MBA
2025WSHP7675,Inside Sales,inside sales,entry-level / student,Ghaziabad,12000,12000,Any
2025WSHP7676,Customer Acquisition,frontend development,entry-level / student,Remote,4500,5000,Any
2025WSHP7677,Sales,sales,entry-level / student,Remote,12000,15000,MBA
2025WSHP7678,Social Media,marketing,entry-level / student,Delhi,4000,5000,Any
2025WSHP7679,Creative Design,design,entry-level / student,Gurgaon,10000,10001,Any
2025WSHP7680,Finance,finance,entry-level / student,Gurgaon,7000,7000,Any
2025WSHP7681,Social Media Marketing,marketing,entry-level / student,Mumbai,3000,8000,MBA
2025WSHP7682,Full Stack Development,full stack development,entry-level / student,Aurangabad,15000,18000,MBA
2025WSHP7683,Legal Research,legal research,entry-level / student,Remote,0,0,Any
2025WSHP7684,Catalog Management (Pet Healthcare),catalog management (pet healthcare),entry-level / student,Bangalore,12000,15000,Any
2025WSHP7685,Human Resources (HR),human resources (hr),entry-level / student,Bangalore,7500,10000,MBA
2025WSHP7686,Stock Trading Research,stock trading research,entry-level / student,Remote,2000,2500,Any
2025WSHP7687,iOS App Development,mobile development,entry-level / student,Remote,20000,20000,Any
2025WSHP7688,Fashion Design,design,entry-level / student,Noida,10000,10000,Diploma
2025WSHP7689,Photography,photography,entry-level / student,Noida,5000,7000,Any
2025WSHP7690,Nothing,nothing,entry-level / student,Not Available,0,0,Any
2025WSHP7691,Recruitment,frontend development,entry-level / student,Pune,5000,10000,Any
2025WSHP7692,Social Media Marketing,marketing,entry-level / student,Mumbai,10000,12500,Any
2025WSHP7693,Digital Marketing (AI Centric | Remote),machine learning / ai,entry-level / student,Remote,10000,20000,Any
2025WSHP7694,Web Development,web development,entry-level / student,Remote,3000,11000,Any
2025WSHP7695,Mutual Fund Back Office,mutual fund back office,entry-level / student,Thane,5000,8000,MBA
2025WSHP7696,Apprentice Engineer,apprentice engineer,entry-level / student,Mumbai,0,0,Any
2025WSHP7697,Search Engine Optimization (SEO),marketing,entry-level / student,Mumbai,5000,6000,Any
2025WSHP7698,Marketing & Design (LinkedIn & Outreach),marketing,entry-level / student,Remote,2000,5000,Any
2025WSHP7699,Management Information System (MIS),management information system (mis),entry-level / student,Mumbai,13000,15000,Any
2025WSHP7700,Student Outreach,student outreach,entry-level / student,Remote,4000,15000,Any
2025WSHP7701,Quiz Maker,frontend development,entry-level / student,Remote,2000,2000,Any
2025WSHP7702,Spolto Community Champion,spolto community champion,entry-level / student,Pune,12000,12000,Any
2025WSHP7703,Social Media Marketing,marketing,entry-level / student,Bangalore,10000,15000,Any
2025WSHP7704,Human Resources (HR),human resources (hr),entry-level / student,Gurgaon,18000,25000,Any
2025WSHP7705,HR,hr,entry-level / student,Noida,2000,5000,Any
2025WSHP7706,Sales and Marketing,marketing,entry-level / student,Thane,20000,20002,MBA
2025WSHP7707,Content Creator – Salon & Makeup Industry,content creator – salon & makeup industry,entry-level / student,Faridabad,10000,15000,Any
2025WSHP7708,Business Development (Sales),business development (sales),entry-level / student,Remote,1500,5000,Any
2025WSHP7709,React Native Development,mobile development,entry-level / student,Remote,12000,14000,Any
2025WSHP7710,Law/Legal,law/legal,entry-level / student,Mumbai,6000,12000,Any
2025WSHP7711,Content and Social Media Marketing,marketing,entry-level / student,Mumbai,3000,6000,Any
2025WSHP7712,Content Writing (European Football),content writing (european football),entry-level / student,Remote,4000,4000,Any
2025WSHP7713,International Business Development,international business development,entry-level / student,Remote,7000,7000,Any
2025WSHP7714,International Business Development,international business development,entry-level / student,Bangalore,38000,45000,Any
2025WSHP7715,Nothing,nothing,entry-level / student,Not Available,0,0,Any
2025WSHP7716,Recruitment Consultant,frontend development,entry-level / student,Bangalore,5200,10500,Any
2025WSHP7717,Customer Service/Customer Support,customer service/customer support,entry-level / student,Remote,10001,35000,Any
2025WSHP7718,Operations,operations,entry-level / student,Delhi,5000,10000,MBA
2025WSHP7719,Marketing & Sales,marketing,entry-level / student,Ghaziabad,6000,8000,Diploma
2025WSHP7720,"Venue, Event & Artist Management","venue, event & artist management",entry-level / student,Mumbai,10000,10000,Any
2025WSHP7721,Inside Sales,inside sales,entry-level / student,Bangalore,15000,25000,Any
2025WSHP7722,Law/Legal,law/legal,entry-level / student,Remote,0,0,Any
2025WSHP7723,Creative Product Owner,creative product owner,entry-level / student,Pune,4000,6000,MBA
2025WSHP7724,"Content Creator (reels, shooting & editing)","content creator (reels, shooting & editing)",entry-level / student,Mumbai,100000,120000,Any
2025WSHP7725,Business Development (Sales),business development (sales),entry-level / student,Remote,4000,53000,Any
2025WSHP7726,English Audio Recording Expert (Male),english audio recording expert (male),entry-level / student,Remote,1000,1500,Any
2025WSHP7727,Business Development (Sales),business development (sales),entry-level / student,Delhi,2000,3000,Any
2025WSHP7728,Product Operations,product operations,entry-level / student,Gurgaon,14000,15000,Any
2025WSHP7729,Graphic Designer Intern,design,entry-level / student,Bangalore,0,0,Any
2025WSHP7730,Podcast Host,podcast host,entry-level / student,Remote,10000,10000,Any
2025WSHP7731,Program Associate,program associate,entry-level / student,Remote,1500,15000,Any
2025WSHP7732,Customer Service/Customer Support,customer service/customer support,entry-level / student,Delhi,10000,15000,Any
2025WSHP7733,Business Development (Sales),business development (sales),entry-level / student,Remote,5000,35000,Any
2025WSHP7734,Business Development (Sales),business development (sales),entry-level / student,Mumbai,2000,3000,Any
2025WSHP7735,Nesternship – Nestlé Internship Program 2024,nesternship – nestlé internship program 2024,entry-level / student,Chennai,10000,10000,Any
2025WSHP7736,Lead Generation,lead generation,senior / experienced,Remote,5000,6000,Any
2025WSHP7737,Digital Marketing,marketing,entry-level / student,Remote,2000,3000,Any
2025WSHP7738,Node.js Development,node.js development,entry-level / student,Remote,2500,2500,Any
2025WSHP7739,Data Entry,data entry,entry-level / student,Remote,5000,12000,Any
2025WSHP7740,Business Development (Sales),business development (sales),entry-level / student,Kolkata,5000,7000,Any
2025WSHP7741,sales,sales,entry-level / student,Mumbai,5000,10000,MBA
2025WSHP7742,Store Management(F&B),store management(f&b),entry-level / student,Mumbai,9000,10000,Any
2025WSHP7743,Junior Outreach,junior outreach,entry-level / student,Mumbai,5000,5000,Any
2025WSHP7744,Graphic Design,design,entry-level / student,Delhi,4000,11000,Any
2025WSHP7745,Animation,animation,entry-level / student,Chennai,30000,40000,Any
2025WSHP7746,Operations,operations,entry-level / student,Remote,3000,3000,Any
2025WSHP7747,Content and Social Media Marketing,marketing,entry-level / student,Remote,3000,3000,Any
2025WSHP7748,Equity And Derivative Analyst,frontend development,entry-level / student,Delhi,2000,10000,Any
2025WSHP7749,UX/UI Design,frontend development,entry-level / student,Remote,15000,30000,Any
2025WSHP7750,Project Management - Health Tech,project management - health tech,entry-level / student,Remote,0,0,Any
2025WSHP7751,Marketing,marketing,entry-level / student,Remote,1000,1000,Any
2025WSHP7752,Sales and Marketing,marketing,entry-level / student,Pune,8000,10000,Any
2025WSHP7753,Junior US IT Recruiter,frontend development,entry-level / student,Chennai,10000,12000,Any
2025WSHP7754,Media & Public Relations (PR),media & public relations (pr),entry-level / student,Mumbai,5000,10000,Any
2025WSHP7755,Business Research,business research,entry-level / student,Mumbai,0,0,Any
2025WSHP7756,Human Resources (HR),human resources (hr),entry-level / student,Mumbai,10000,15000,MBA
2025WSHP7757,UI/UX Design,frontend development,entry-level / student,Remote,10000,10000,Any
2025WSHP7758,Company Secretary (CS),company secretary (cs),entry-level / student,Delhi,3000,5000,Any
2025WSHP7759,Nothing,nothing,entry-level / student,Not Available,0,0,Any
2025WSHP7760,Social Media Marketing,marketing,entry-level / student,Mumbai,8000,12000,Any
2025WSHP7761,Growth & Collaborations,growth & collaborations,entry-level / student,Gurgaon,5000,5000,Any
2025WSHP7762,Business Development (Sales),business development (sales),entry-level / student,Delhi,12000,18000,Any
2025WSHP7763,Social Media Marketing,marketing,entry-level / student,Noida,10000,15000,Any
2025WSHP7764,Digital Marketing,marketing,entry-level / student,Thane,5000,15000,MBA
2025WSHP7765,Business Research,business research,entry-level / student,Remote,3000,5000,Any
2025WSHP7766,SAP Finance,sap finance,entry-level / student,Chennai,30000,40000,Any
2025WSHP7767,Instrumentation and Control Engineering,instrumentation and control engineering,entry-level / student,Delhi,5000,10000,Any
2025WSHP7768,Accounting & Taxation,accounting & taxation,entry-level / student,Hyderabad,6500,9000,Any
2025WSHP7769,Content Writing,content writing,entry-level / student,Jaipur,5000,6000,Any
2025WSHP7770,Content Development (English),content development (english),entry-level / student,Delhi,8500,12000,Any
2025WSHP7771,Graphic Design,design,entry-level / student,Jaipur,10000,15000,Any
2025WSHP7772,Sales,sales,entry-level / student,Remote,1000,1000,Any
2025WSHP7773,Full Stack Development,full stack development,entry-level / student,Chennai,20000,30000,Any
2025WSHP7774,Nothing,nothing,entry-level / student,Not Available,0,0,Any
2025WSHP7775,Inside Sales,inside sales,entry-level / student,Hyderabad,6000,12000,Any
2025WSHP7776,Junior Digital Operations Specialist,junior digital operations specialist,entry-level / student,Delhi,15000,15000,Any
2025WSHP7777,Software Testing,software testing,entry-level / student,Remote,5000,7000,Any
2025WSHP7778,Web Development,web development,entry-level / student,Remote,0,0,Any
2025WSHP7779,Full Stack Development,full stack development,entry-level / student,Chennai,20000,30000,Any
2025WSHP7780,Accounting,accounting,entry-level / student,Pune,10000,10001,MBA
2025WSHP7781,Teaching,teaching,entry-level / student,Remote,0,0,Any
2025WSHP7782,Fundraising Associate,machine learning / ai,entry-level / student,Delhi,5500,20000,Any
2025WSHP7783,Business Development (Sales),business development (sales),entry-level / student,Remote,0,0,Any
2025WSHP7784,Nothing,nothing,entry-level / student,Not Available,0,0,Any
2025WSHP7785,Video Editing/Making,video editing/making,entry-level / student,Remote,10000,10000,Any
2025WSHP7786,Human Resources (HR),human resources (hr),entry-level / student,Mumbai,10000,10001,Any
2025WSHP7787,Research & Insights,research & insights,entry-level / student,Chennai,7000,15000,Any
2025WSHP7788,Full Stack Development,full stack development,entry-level / student,Faridabad,10000,12000,Any
2025WSHP7789,Business Consultant,business consultant,entry-level / student,Thane,9500,10000,Any
2025WSHP7790,Study Abroad Internship For Mumbai Students,machine learning / ai,entry-level / student,Mumbai,8000,17000,MBA
2025WSHP7791,Business Development (Sales),business development (sales),entry-level / student,Mumbai,10001,15001,Any
2025WSHP7792,Customer Service/Customer Support,customer service/customer support,entry-level / student,Gurgaon,9000,20000,Any
2025WSHP7793,Video Editing/Making,video editing/making,entry-level / student,Remote,3500,6000,Any
2025WSHP7794,iOS App Research & Content Creation,mobile development,entry-level / student,Remote,12500,12501,Any
2025WSHP7795,Content and Social Media Marketing,marketing,entry-level / student,Remote,3000,5000,Any
2025WSHP7796,News Writer,news writer,entry-level / student,Remote,3000,5000,Any
2025WSHP7797,Content and Social Media Marketing,marketing,entry-level / student,Gurgaon,10000,15000,Any
2025WSHP7798,Business Development (Sales),business development (sales),entry-level / student,Bangalore,15000,35000,Any
2025WSHP7799,Influencer Marketing,marketing,entry-level / student,Mumbai,5000,10000,Any
2025WSHP7800,Talent Acquisition,frontend development,entry-level / student,Mumbai,5000,20000,Any
2025WSHP7801,Business Research,business research,entry-level / student,Chennai,10000,10000,Any
2025WSHP7802,Photography & Videography,photography & videography,entry-level / student,Bangalore,15000,20000,Any
2025WSHP7803,Business Development (Sales),business development (sales),entry-level / student,Remote,4000,8000,Any
2025WSHP7804,AI Engineer,machine learning / ai,entry-level / student,Remote,12000,18000,Any
2025WSHP7805,Finance,finance,entry-level / student,Delhi,6000,10000,MBA
2025WSHP7806,Marketing & Sales,marketing,entry-level / student,Ghaziabad,6000,8000,Diploma
2025WSHP7807,Accounts Receivable -Intern,accounts receivable -intern,entry-level / student,Bangalore,9000,10000,Any
2025WSHP7808,Gift Packaging,gift packaging,entry-level / student,Mumbai,14000,16000,Any
2025WSHP7809,Youth Facilitator,youth facilitator,entry-level / student,Remote,1500,15000,MBA
2025WSHP7810,Human Resources (HR),human resources (hr),entry-level / student,Gurgaon,6000,6000,Any
2025WSHP7811,Video Editing/Making,video editing/making,entry-level / student,Remote,5000,10000,Any
2025WSHP7812,Media & Public Relations (PR),media & public relations (pr),entry-level / student,Delhi,10000,12000,Any
2025WSHP7813,Human Resources (HR),human resources (hr),entry-level / student,Delhi,5000,8000,Any
2025WSHP7814,Customer Service/Customer Support,customer service/customer support,entry-level / student,Delhi,8000,10000,Any
2025WSHP7815,Platform Engineer,platform engineer,entry-level / student,Bangalore,25000,30000,Any
2025WSHP7816,Nothing,nothing,entry-level / student,Not Available,0,0,Any
2025WSHP7817,Business Development (Sales),business development (sales),entry-level / student,Anantapur,9500,15000,Any
2025WSHP7818,Telecalling,telecalling,entry-level / student,Remote,8000,12000,Any
2025WSHP7819,Architecture,architecture,senior / experienced,Remote,2000,5000,Any
2025WSHP7820,US Staffing,us staffing,entry-level / student,Remote,15000,25000,Any
2025WSHP7821,Database Building/Management,frontend development,entry-level / student,Jaipur,5000,8000,Any
2025WSHP7822,Video Editor,video editor,entry-level / student,Remote,3000,3000,Any
2025WSHP7823,Social Media Marketing,marketing,entry-level / student,Mumbai,5000,7000,Any
2025WSHP7824,Marketing,marketing,entry-level / student,Mumbai,10000,13000,Any
2025WSHP7825,Nothing,nothing,entry-level / student,Not Available,0,0,Any
2025WSHP7826,Search Engine Optimization (SEO),marketing,entry-level / student,Hyderabad,8000,10000,Any
2025WSHP7827,Video Editing/Making,video editing/making,entry-level / student,Remote,20000,20000,Any
2025WSHP7828,Data Entry Operations,data entry operations,entry-level / student,Thane,9500,10000,MBA
2025WSHP7829,Content and Social Media Marketing,marketing,entry-level / student,Jaipur,4000,12000,Any
2025WSHP7830,Campus Ambassador,campus ambassador,entry-level / student,Remote,0,0,Any
2025WSHP7831,Content Creator,content creator,entry-level / student,Bangalore,20000,25000,Any
2025WSHP7832,Nothing,nothing,entry-level / student,Not Available,0,0,Any
2025WSHP7833,Project Management,project management,entry-level / student,Chennai,30000,40000,Any
2025WSHP7834,Equity Analyst,frontend development,entry-level / student,Mumbai,5000,8000,Any
2025WSHP7835,Content and Social Media Marketing,marketing,entry-level / student,Delhi,5000,10000,Any
2025WSHP7836,Business Development (Sales),business development (sales),entry-level / student,Remote,6000,6001,Any
2025WSHP7837,Sales Executive – Offline Field Work,sales executive – offline field work,entry-level / student,Delhi,15000,40000,Any
2025WSHP7838,AWS Developer,aws developer,entry-level / student,Hyderabad,5000,10000,Any
2025WSHP7839,WordPress Development,wordpress development,entry-level / student,Remote,5000,5000,Any
2025WSHP7840,Business Development (Sales),business development (sales),entry-level / student,Faridabad,6000,10000,Any
2025WSHP7841,Human Resources (HR),human resources (hr),entry-level / student,Gurgaon,10000,10000,Any
2025WSHP7842,Influencer Marketing,marketing,entry-level / student,Chennai,20000,30000,Any
2025WSHP7843,Merchandising,merchandising,entry-level / student,Gurgaon,20000,25000,Any
2025WSHP7844,MIS Executive,mis executive,entry-level / student,Mumbai,5000,12000,Any
2025WSHP7845,Digital Marketing,marketing,entry-level / student,Remote,5000,6000,Any
2025WSHP7846,Project Manager,project manager,entry-level / student,Mangalore,25000,45000,Any
2025WSHP7847,Business Development (Not A Sales Role),business development (not a sales role),entry-level / student,Delhi,8000,10000,Any
2025WSHP7848,Architecture,architecture,senior / experienced,Bangalore,8000,10000,B.A
2025WSHP7849,Lead Generation,lead generation,senior / experienced,Remote,1000,1500,Any
2025WSHP7850,WordPress Development,wordpress development,entry-level / student,Gurgaon,8000,10000,Any
2025WSHP7851,Content and Social Media Marketing,marketing,entry-level / student,Delhi,10000,15000,Any
2025WSHP7852,Graphic Design,design,entry-level / student,Pune,13000,20000,Diploma
2025WSHP7853,HR Consultant,hr consultant,entry-level / student,Jaipur,6000,13000,Any
2025WSHP7854,Digital Marketing,marketing,entry-level / student,Gurgaon,8000,15000,Any
2025WSHP7855,Business Research,business research,entry-level / student,Pune,5200,7000,Any
2025WSHP7856,Graphic Design,design,entry-level / student,Hyderabad,11000,18000,Any
2025WSHP7857,Digital Marketing,marketing,entry-level / student,Remote,5000,5000,Any
2025WSHP7858,Sales and Marketing,marketing,entry-level / student,South,5000,8000,Any
2025WSHP7859,Sales and Marketing,marketing,entry-level / student,Gurgaon,4999,5000,Any
2025WSHP7860,Human Resources (HR),human resources (hr),entry-level / student,Delhi,5000,8000,Any
2025WSHP7861,Voice of Customer - Service/Support/Feedback,voice of customer - service/support/feedback,entry-level / student,Remote,10000,10000,Any
2025WSHP7862,Human Resources (HR),human resources (hr),entry-level / student,Gurgaon,5000,5000,Any
2025WSHP7863,Human Resources (HR),human resources (hr),entry-level / student,Pune,10000,12000,Any
2025WSHP7864,Campus Ambassador,campus ambassador,entry-level / student,Remote,0,0,Any
2025WSHP7865,Market Research Analyst,market research analyst,entry-level / student,Chennai,5000,15000,Any
2025WSHP7866,UX/UI Design,frontend development,entry-level / student,Remote,12000,20000,Any
2025WSHP7867,Nothing,nothing,entry-level / student,Not Available,0,0,Any
2025WSHP7868,Data Analytics- Internship,data analytics- internship,entry-level / student,Noida,10000,15000,Any
2025WSHP7869,Fashion Design And Merchandising,design,entry-level / student,Hyderabad,4100,5200,Any
2025WSHP7870,Digital Marketing,marketing,entry-level / student,Hyderabad,5000,10000,Any
2025WSHP7871,Nothing,nothing,entry-level / student,Not Available,0,0,Any
2025WSHP7872,Finance,finance,entry-level / student,Delhi,7000,8000,Any
2025WSHP7873,Business Development (Sales),business development (sales),entry-level / student,Chennai,2000,3000,Any
2025WSHP7874,Teaching,teaching,entry-level / student,Remote,0,0,Any
2025WSHP7875,Telemarketing (Kashmiri),marketing,entry-level / student,Remote,8000,8000,Any
2025WSHP7876,On Page SEO (Search Engine Optimization),marketing,entry-level / student,Remote,1500,1500,Any
2025WSHP7877,Telecalling,telecalling,entry-level / student,Mumbai,25000,35000,MBA
2025WSHP7878,.NET Development,.net development,entry-level / student,Remote,10000,10000,Any
2025WSHP7879,Content and Social Media Marketing,marketing,entry-level / student,Thane,5000,10000,Any
2025WSHP7880,Finance & Accounting,finance & accounting,entry-level / student,Bangalore,8000,8000,Any
2025WSHP7881,Nothing,nothing,entry-level / student,Not Available,0,0,Any
2025WSHP7882,Web Development,web development,entry-level / student,Remote,10000,15000,Any
2025WSHP7883,Social Media Marketing,marketing,entry-level / student,Chennai,20000,30000,Any
2025WSHP7884,Content Writing,content writing,entry-level / student,Remote,6000,8000,Any
2025WSHP7885,Human Resources (HR),human resources (hr),entry-level / student,Hyderabad,7000,9000,Any
2025WSHP7886,Financial Advisor,financial advisor,entry-level / student,Remote,1000,1000,Any
2025WSHP7887,Business Development (Sales),business development (sales),entry-level / student,Faridabad,8400,14400,Any
2025WSHP7888,Video Editing/Making,video editing/making,entry-level / student,Mumbai,10000,15000,Any
2025WSHP7889,Human Resources (HR),human resources (hr),entry-level / student,Mumbai,10000,10000,Any
2025WSHP7890,Social Media Marketing (Twitter),marketing,entry-level / student,Remote,13000,13000,Any
2025WSHP7891,Creative Design,design,entry-level / student,Delhi,10000,15000,Any
2025WSHP7892,Sales and Marketing,marketing,entry-level / student,Chennai,5000,8000,Any
2025WSHP7893,Google Ads Manager,google ads manager,entry-level / student,Delhi,2000,2000,Any
2025WSHP7894,Product Marketing,marketing,entry-level / student,Chennai,20000,30000,Any
2025WSHP7895,Talent Acquisition,frontend development,entry-level / student,Hyderabad,5000,8000,MBA
2025WSHP7896,Nothing,nothing,entry-level / student,Not Available,0,0,Any
2025WSHP7897,Sales and Marketing,marketing,entry-level / student,Remote,5000,6000,Any
2025WSHP7898,Sales and Marketing,marketing,entry-level / student,Pune,8000,10000,Any
2025WSHP7899,Creative Design,design,entry-level / student,Delhi,2000,5000,Any
2025WSHP7900,Flutter Development,mobile development,entry-level / student,Remote,10000,15000,Any
2025WSHP7901,Game Development,game development,entry-level / student,Remote,15000,20000,Any
2025WSHP7902,Brand Management,brand management,entry-level / student,Mumbai,15000,20000,Any
2025WSHP7903,Motion Graphics,design,entry-level / student,Remote,8001,10001,Any
2025WSHP7904,International Business Development,international business development,entry-level / student,Delhi,15000,20000,Any
2025WSHP7905,Copywriting,copywriting,entry-level / student,Mumbai,20000,30000,Any
2025WSHP7906,Business Development (Sales),business development (sales),entry-level / student,Bangalore,10000,12000,Any
2025WSHP7907,UI/UX Design,frontend development,entry-level / student,Remote,5000,5000,Any
2025WSHP7908,Fashion Styling,fashion styling,entry-level / student,Amritsar,3000,11000,MBA
2025WSHP7909,Marketing,marketing,entry-level / student,Mumbai,4000,10000,Any
2025WSHP7910,Copywriting,copywriting,entry-level / student,Remote,4000,4000,Any
2025WSHP7911,Customer Acquisition,frontend development,entry-level / student,Remote,2500,3000,Any
2025WSHP7912,Human Resources (HR),human resources (hr),entry-level / student,Delhi,10000,15000,Any
2025WSHP7913,Search Engine Optimization (SEO),marketing,entry-level / student,Bangalore,7000,8000,Any
2025WSHP7914,Content and Social Media Marketing,marketing,entry-level / student,Delhi,11000,12500,Any
2025WSHP7915,Nothing,nothing,entry-level / student,Not Available,0,0,Any
2025WSHP7916,Fashion Design,design,entry-level / student,Mumbai,2000,5000,Any
2025WSHP7917,Customer Research,customer research,entry-level / student,Mumbai,10000,10001,Any
2025WSHP7918,Facebook Marketing,marketing,entry-level / student,Remote,3000,5000,Any
2025WSHP7919,Facebook Marketing,marketing,entry-level / student,Remote,0,0,Any
2025WSHP7920,HR – Technical Recruitment,frontend development,entry-level / student,Bangalore,15000,20000,Any
2025WSHP7921,Business Development (Sales),business development (sales),entry-level / student,Dhule,5000,58000,MBA
2025WSHP7922,Mechanical Engineering,mechanical engineering,entry-level / student,Remote,20000,20000,Any
2025WSHP7923,Business Development (Sales),business development (sales),entry-level / student,Remote,4000,5000,Any
2025WSHP7924,Marketing,marketing,entry-level / student,Remote,10000,10000,Any
2025WSHP7925,Content Creation,content creation,entry-level / student,Mumbai,15000,20000,Any
2025WSHP7926,Student Coordinator,student coordinator,entry-level / student,Delhi,8000,10000,Any
2025WSHP7927,Business Development (Sales),business development (sales),entry-level / student,Remote,11000,60000,Any
2025WSHP7928,Operations,operations,entry-level / student,Remote,4000,6000,Any
2025WSHP7929,Recruitment,frontend development,entry-level / student,Bangalore,8000,10000,Any
2025WSHP7930,Business Development (Sales),business development (sales),entry-level / student,Remote,1500,6000,Any
2025WSHP7931,Business Development,business development,entry-level / student,Mumbai,10000,15000,Any
2025WSHP7932,Corporate Sales,corporate sales,entry-level / student,Pune,7500,15000,Any
2025WSHP7933,Shopify Developer,shopify developer,entry-level / student,Remote,1000,5000,Any
2025WSHP7934,Sales and Marketing,marketing,entry-level / student,Mumbai,5000,7000,Any
2025WSHP7935,Baker,baker,entry-level / student,Gurgaon,10000,15000,Any
2025WSHP7936,Fundraising,machine learning / ai,entry-level / student,Remote,11000,25000,Any
2025WSHP7937,Accounts,accounts,entry-level / student,Gurgaon,12000,14000,Any
2025WSHP7938,Sales and Marketing,marketing,entry-level / student,Pune,10000,19000,Any
2025WSHP7939,Field Sales,field sales,entry-level / student,Kolkata,7500,15000,Any
2025WSHP7940,Industrial And Production Engineering,industrial and production engineering,entry-level / student,Hyderabad,0,0,Any
2025WSHP7941,Campus Ambassador,campus ambassador,entry-level / student,Ahmedabad,0,0,MBA
2025WSHP7942,Photography,photography,entry-level / student,Mumbai,11000,15000,Diploma
2025WSHP7943,Social Media Marketing,marketing,entry-level / student,Remote,11000,26500,Any
2025WSHP7944,Business Development (Sales),business development (sales),entry-level / student,Remote,4003,5004,Any
2025WSHP7945,Graphic Designer,design,entry-level / student,Remote,12000,40000,Any
2025WSHP7946,Business Development (Sales),business development (sales),entry-level / student,Remote,5000,5000,Any
2025WSHP7947,PHP Development,php development,entry-level / student,Chennai,20000,45000,Any
2025WSHP7948,Campus Ambassador,campus ambassador,entry-level / student,Remote,0,0,Any
2025WSHP7949,Business Development (Sales),business development (sales),entry-level / student,Mumbai,10000,12000,Any
2025WSHP7950,Social Media Marketing,marketing,entry-level / student,Faridabad,5000,7000,Any
2025WSHP7951,Fashion Design And Merchandising,design,entry-level / student,Mumbai,8000,10000,Any
2025WSHP7952,Marketing,marketing,entry-level / student,Chennai,7500,10000,Any
2025WSHP7953,Client Success & Job Application Coordinator,client success & job application coordinator,entry-level / student,Remote,2000,2000,Any
2025WSHP7954,Travel Consultant,travel consultant,entry-level / student,Noida,5000,8000,Any
2025WSHP7955,Content and Social Media Marketing,marketing,entry-level / student,Remote,2000,2000,Any
2025WSHP7956,Website & Operations,website & operations,entry-level / student,Delhi,8000,10000,Any
2025WSHP7957,Law/Legal,law/legal,entry-level / student,Noida,0,0,Any
2025WSHP7958,Business Development (Sales),business development (sales),entry-level / student,Remote,5000,10000,Any
2025WSHP7959,Graphic Design,design,entry-level / student,Hyderabad,2000,2000,Any
2025WSHP7960,Marketing,marketing,entry-level / student,Bangalore,12000,15000,MBA
2025WSHP7961,Site Supervisor,site supervisor,entry-level / student,Gurgaon,12000,12000,Any
2025WSHP7962,Social Media Marketing & Influencer Management (With PPO),marketing,entry-level / student,Remote,5000,5000,Any
2025WSHP7963,Mobile App Testing,mobile development,entry-level / student,Chennai,20000,35000,Any
2025WSHP7964,Sales and Marketing,marketing,entry-level / student,Bangalore,15000,25000,Any
2025WSHP7965,Talent Research,talent research,entry-level / student,Remote,10000,15000,Any
2025WSHP7966,Media & Public Relations (PR),media & public relations (pr),entry-level / student,Remote,5000,5000,Any
2025WSHP7967,Content Writing,content writing,entry-level / student,Bangalore,10000,20000,Any
2025WSHP7968,Accounting & Taxation,accounting & taxation,entry-level / student,Delhi,7500,8000,Any
2025WSHP7969,Travel Consultant - Full Day/Half Day,travel consultant - full day/half day,entry-level / student,Delhi,3000,6000,Any
2025WSHP7970,Psychology,psychology,entry-level / student,Pune,5000,15000,Any
2025WSHP7971,Marketing,marketing,entry-level / student,Remote,3000,3000,Any
2025WSHP7972,Client Engagement Manager,client engagement manager,entry-level / student,Bangalore,25000,30000,Any
2025WSHP7973,Data Entry,data entry,entry-level / student,Secunderabad,30000,30000,Any
2025WSHP7974,UI/UX Design,frontend development,entry-level / student,Mumbai,12000,15000,Any
2025WSHP7975,Robotics,robotics,entry-level / student,Chennai,18000,25000,Any
2025WSHP7976,Product Media Specialist,product media specialist,entry-level / student,Anekal,10000,15000,Any
2025WSHP7977,Category,category,entry-level / student,Bangalore,13000,15000,Any
2025WSHP7978,Marketing,marketing,entry-level / student,Delhi,5000,6000,Any
2025WSHP7979,Content Writing,content writing,entry-level / student,Delhi,6000,15000,Any
2025WSHP7980,Framer Web Design Developer,design,entry-level / student,Remote,8000,10000,Any
2025WSHP7981,National Social Impact & Corporate Management,national social impact & corporate management,entry-level / student,Remote,2000,15000,Any
2025WSHP7982,Full Stack Development,full stack development,entry-level / student,Remote,10000,15000,Any
2025WSHP7983,Operations Trainee,machine learning / ai,entry-level / student,Thane,9500,10000,Any
2025WSHP7984,Social Work,social work,entry-level / student,Faridabad,0,0,Any
2025WSHP7985,Financial Data Entry,financial data entry,entry-level / student,Remote,7000,10000,Any
2025WSHP7986,Digital Marketing,marketing,entry-level / student,Delhi,4500,5000,Any
2025WSHP7987,Data Collection Agent,data collection agent,entry-level / student,Bangalore,20000,20000,Any
2025WSHP7988,Search Engine Optimization (SEO),marketing,entry-level / student,Delhi,5000,8000,Any
2025WSHP7989,Video Editing/Making,video editing/making,entry-level / student,Remote,1000,1000,Any
2025WSHP7990,Business Development (Sales),business development (sales),entry-level / student,Mumbai,5000,5000,MBA
2025WSHP7991,Data Entry,data entry,entry-level / student,Hyderabad,55000,55000,Any
2025WSHP7992,Video Editing/Making,video editing/making,entry-level / student,Pune,8000,8000,Any
2025WSHP7993,Event Management,event management,entry-level / student,Mumbai,7000,9500,Any
2025WSHP7994,Business Development (Sales),business development (sales),entry-level / student,Chennai,15000,15000,Any
2025WSHP7995,Research & Insights,research & insights,entry-level / student,Chennai,7000,15000,Any
2025WSHP7996,News Writer,news writer,entry-level / student,Remote,6000,6000,Any
2025WSHP7997,Market Research,market research,entry-level / student,Chennai,3000,5000,Any
2025WSHP7998,Marketing,marketing,entry-level / student,Mumbai,7000,10000,Any
2025WSHP7999,Manual Testing,manual testing,entry-level / student,Mumbai,10000,15000,Any
2025WSHP8000,Human Resources (HR),human resources (hr),entry-level / student,Pune,3000,5000,Any
2025WSHP8001,Media & Public Relations (PR),media & public relations (pr),entry-level / student,Remote,1500,15000,Any
2025WSHP8002,Corporate Sales,corporate sales,entry-level / student,Pune,7500,15000,Any
2025WSHP8003,Field Sales,field sales,entry-level / student,Pune,2100,2300,MBA
2025WSHP8004,Real Estate Sales,real estate sales,entry-level / student,Hyderabad,2500,20000,Any
2025WSHP8005,Equity Research & Financial Content Creation,frontend development,entry-level / student,Gurgaon,10000,10000,Any
2025WSHP8006,Social Media Marketing,marketing,entry-level / student,Mumbai,10000,15000,Any
2025WSHP8007,Operations,operations,entry-level / student,Thane,10000,12000,MBA
2025WSHP8008,Human Resources (HR),human resources (hr),entry-level / student,Gurgaon,10000,12000,Any
2025WSHP8009,Human Resources (HR),human resources (hr),entry-level / student,Delhi,8000,10000,Any
2025WSHP8010,Digital Marketing,marketing,entry-level / student,Jaipur,6000,10000,Any
2025WSHP8011,Mergers & Acquisitions (M&A) Execution Support (Internship With Potential For Full-time Offer),frontend development,entry-level / student,Remote,7000,7000,Any
2025WSHP8012,Marketing,marketing,entry-level / student,Remote,5001,15000,Any
2025WSHP8013,Brand & Marketing,marketing,entry-level / student,Gurgaon,11000,11000,Any
2025WSHP8014,Business Development (Sales),business development (sales),entry-level / student,Bangalore,2000,8000,Any
2025WSHP8015,Graphic Designer,design,entry-level / student,Jaipur,13000,15000,Any
2025WSHP8016,Search Engine Optimization (SEO),marketing,entry-level / student,Remote,10000,10000,Any
2025WSHP8017,Inside Sales,inside sales,entry-level / student,Bangalore,13000,18000,Any
2025WSHP8018,Human Resources (HR),human resources (hr),entry-level / student,Mumbai,8000,10000,Any
2025WSHP8019,Social Media Marketing,marketing,entry-level / student,Remote,10000,24500,Any
2025WSHP8020,Full Stack Development,full stack development,entry-level / student,Remote,5000,5000,Any
2025WSHP8021,Founders Office,founders office,entry-level / student,Bangalore,10000,25000,Any
2025WSHP8022,Business Operations,business operations,entry-level / student,Gurgaon,15000,18000,Any
2025WSHP8023,Production Coordinator,production coordinator,entry-level / student,Ghaziabad,7000,8000,Any
2025WSHP8024,Teaching,teaching,entry-level / student,Chennai,15000,25000,Any
2025WSHP8025,Photography,photography,entry-level / student,Delhi,8000,12000,Any
2025WSHP8026,Human Resources (HR),human resources (hr),entry-level / student,Chennai,2000,2000,Any
2025WSHP8027,Accounting,accounting,entry-level / student,Delhi,4000,5000,Any
2025WSHP8028,Digital Marketing,marketing,entry-level / student,Delhi,5000,6000,Any
2025WSHP8029,Social Media Marketing,marketing,entry-level / student,Delhi,10000,15000,Any
2025WSHP8030,Google Ads(Adword),google ads(adword),entry-level / student,Jaipur,7000,23000,Any
2025WSHP8031,Google Ads,google ads,entry-level / student,Remote,5000,6000,Any
2025WSHP8032,Online SSAT Verbal Tutoring,online ssat verbal tutoring,entry-level / student,Remote,1000,8000,Any
2025WSHP8033,Marketing Operations (3 Months),marketing,entry-level / student,Hyderabad,15000,25000,Any
2025WSHP8034,Virtual Psychology - Assistant For Founder (Psychology/Mental Health Background),virtual psychology - assistant for founder (psycho,entry-level / student,Remote,16000,30000,Any
2025WSHP8035,Digital Marketing,marketing,entry-level / student,Remote,3000,3000,Any
2025WSHP8036,Full Stack Development,full stack development,entry-level / student,Remote,8000,10000,Any
2025WSHP8037,WordPress Development,wordpress development,entry-level / student,Remote,5000,5000,Any
2025WSHP8038,Sales Executive,sales executive,entry-level / student,Remote,2000,7000,Any
2025WSHP8039,Business Development (Sales),business development (sales),entry-level / student,Remote,2500,4000,Any
2025WSHP8040,Corporate & International Relations,corporate & international relations,entry-level / student,Delhi,11000,15000,Any
2025WSHP8041,Business Development (Sales),business development (sales),entry-level / student,Chennai,27000,32000,Any
2025WSHP8042,Nothing,nothing,entry-level / student,Not Available,0,0,Any
2025WSHP8043,Youth Officer,youth officer,entry-level / student,Remote,1500,15000,Any
2025WSHP8044,Field Sales,field sales,entry-level / student,Pune,12000,15000,Any
2025WSHP8045,Marketing And Sales,marketing,entry-level / student,Faridabad,3000,5000,Any
2025WSHP8046,HR,hr,entry-level / student,Mumbai,5000,8000,Any
2025WSHP8047,Accounting & Bookkeeping,accounting & bookkeeping,entry-level / student,Remote,5000,6000,Any
2025WSHP8048,Business Development,business development,entry-level / student,Noida,5000,5000,Any
2025WSHP8049,Social Media Marketing,marketing,entry-level / student,Remote,6000,8000,Any
2025WSHP8050,Digital Marketing,marketing,entry-level / student,Noida,8000,10000,Any
2025WSHP8051,Video Editing/Making,video editing/making,entry-level / student,Gurgaon,8000,12000,B.Com
2025WSHP8052,"Summer Analyst – FICC and Equities, Sales and Trading (2026 APEJ Program)",frontend development,entry-level / student,Mumbai,0,0,Any
2025WSHP8053,Web Developer & Designer (AI Tools Expertise),machine learning / ai,entry-level / student,Remote,8000,10000,Any
2025WSHP8054,Designer,design,entry-level / student,Delhi,12000,15000,Any
2025WSHP8055,Technical Support/Custommer Support,technical support/custommer support,entry-level / student,Mumbai,10000,15000,Any
2025WSHP8056,Machine Learning,machine learning / ai,entry-level / student,Remote,10000,20000,Any
2025WSHP8057,Restaurant Supervisor,restaurant supervisor,entry-level / student,Ghaziabad,5000,8000,Diploma
2025WSHP8058,HR Consultant,hr consultant,entry-level / student,Palghar,6000,17000,Any
2025WSHP8059,ReactJS Development,reactjs development,entry-level / student,Chennai,20000,30000,Any
2025WSHP8060,Social Media Marketing,marketing,entry-level / student,Mumbai,10000,12000,Any
2025WSHP8061,Videography,videography,entry-level / student,Faridabad,15000,18000,Any
2025WSHP8062,E-Commerce Sales,e-commerce sales,entry-level / student,Aurangabad,5000,12000,MBA
2025WSHP8063,Biotechnology Engineering,biotechnology engineering,entry-level / student,Chennai,30000,40000,Any
2025WSHP8064,Database Building/Management,frontend development,entry-level / student,South,8000,10000,Any
2025WSHP8065,Marketing,marketing,entry-level / student,Remote,5500,6500,Any
2025WSHP8066,Operations (Female Candidates),operations (female candidates),entry-level / student,Thane,20000,25001,Any
2025WSHP8067,Android App Development,mobile development,entry-level / student,Chennai,20000,30000,Any
2025WSHP8068,Business Development (Sales),business development (sales),entry-level / student,Ghaziabad,16000,30000,Any
2025WSHP8069,Web Development,web development,entry-level / student,Mumbai,5000,8000,Any
2025WSHP8070,Social Media Marketing,marketing,entry-level / student,Noida,8000,12000,Any
2025WSHP8071,Graphic Design,design,entry-level / student,Noida,12000,18000,Any
2025WSHP8072,Social Media Marketing,marketing,entry-level / student,Remote,1000,1000,Any
2025WSHP8073,Nothing,nothing,entry-level / student,Not Available,0,0,Any
2025WSHP8074,Programming,programming,entry-level / student,Chennai,30000,40000,Any
2025WSHP8075,Graphic Designing And Video Editing,design,entry-level / student,Delhi,10000,15000,Any
2025WSHP8076,Human Resources (HR),human resources (hr),entry-level / student,Mumbai,10000,10000,Any
2025WSHP8077,Customer Service/Customer Support,customer service/customer support,entry-level / student,Mumbai,8000,10000,Any
2025WSHP8078,Accounting & Taxation,accounting & taxation,entry-level / student,Mumbai,8000,12000,Any
2025WSHP8079,Community Management,community management,entry-level / student,Chennai,20000,35000,Any
2025WSHP8080,Social Media Marketing,marketing,entry-level / student,Mumbai,10000,15000,Any
2025WSHP8081,Inside Sales,inside sales,entry-level / student,Remote,3000,3000,Any
2025WSHP8082,"Content Writing (Pop Culture - TV, Movies, Anime)","content writing (pop culture - tv, movies, anime)",entry-level / student,Remote,5000,10000,Any
2025WSHP8083,Python Development,python development,entry-level / student,Mumbai,8000,12000,Any
2025WSHP8084,Content and Social Media Marketing,marketing,entry-level / student,Jaipur,5000,6000,Any
2025WSHP8085,Inside Sales,inside sales,entry-level / student,Chennai,6000,9000,Any
2025WSHP8086,Admin and Research,admin and research,entry-level / student,Thane,5500,17000,Any
2025WSHP8087,Content Writing,content writing,entry-level / student,Remote,2500,3750,Any
2025WSHP8088,Field Sales,field sales,entry-level / student,Pune,8000,16000,Any
2025WSHP8089,Social Media Marketing,marketing,entry-level / student,Noida,5000,6000,Any
2025WSHP8090,Sales and Marketing,marketing,entry-level / student,Remote,1500,1500,Any
2025WSHP8091,Car Technician,car technician,entry-level / student,Bangalore,7000,9500,Any
2025WSHP8092,Pharmaceutical,pharmaceutical,entry-level / student,Pune,7000,12500,MBA
2025WSHP8093,Digital Marketing,marketing,entry-level / student,Chennai,2000,6000,Any
2025WSHP8094,Teaching,teaching,entry-level / student,Delhi,8000,12000,Any
2025WSHP8095,Company Secretary (CS),company secretary (cs),entry-level / student,Chennai,8000,9000,Any
2025WSHP8096,Product & Operations,product & operations,entry-level / student,Delhi,5000,7000,Any
2025WSHP8097,Subject Matter Expert (SME),subject matter expert (sme),entry-level / student,Remote,1000,1200,Any
2025WSHP8098,Front End Development,front end development,entry-level / student,Chennai,20000,30000,Any
2025WSHP8099,Event Management,event management,entry-level / student,Noida,14000,15000,Any
2025WSHP8100,Nothing,nothing,entry-level / student,Not Available,0,0,Any
2025WSHP8101,Digital Marketing,marketing,entry-level / student,Bangalore,10000,10000,Any
2025WSHP8102,QA Testing,qa testing,entry-level / student,Remote,5000,10000,Any
2025WSHP8103,Social Media Content Creator,marketing,entry-level / student,Bangalore,12000,12000,Any
2025WSHP8104,Social Media Marketing,marketing,entry-level / student,Delhi,8000,10000,Any
2025WSHP8105,"Video Data Collection (Telangana, Andhra Pradesh, Bihar, Uttar Pradesh, West Bengal)","video data collection (telangana, andhra pradesh, ",entry-level / student,Remote,7000,12000,Any
2025WSHP8106,Supply Chain & Logistics Operations,machine learning / ai,entry-level / student,Mumbai,10000,18000,Any
2025WSHP8107,Market Research,market research,entry-level / student,Ujjain,6000,12000,Any
2025WSHP8108,Digital Marketing,marketing,entry-level / student,Remote,5000,10000,Any
2025WSHP8109,Law/Legal,law/legal,entry-level / student,Bangalore,0,0,Any
2025WSHP8110,Graphic Design,design,entry-level / student,Bangalore,10000,10000,Any
2025WSHP8111,QA Engineer (Manual Testing),qa engineer (manual testing),entry-level / student,Mumbai,15000,15000,Any
2025WSHP8112,Nothing,nothing,entry-level / student,Not Available,0,0,Any
2025WSHP8113,Mobile App Development,mobile development,entry-level / student,Remote,20000,30000,Any
2025WSHP8114,Real Estate Pre Sales,real estate pre sales,entry-level / student,Chandigarh,15000,15000,MBA
2025WSHP8115,AWS DevOps Engineer,devops / infrastructure,entry-level / student,Bangalore,0,0,Any
2025WSHP8116,Corporate Sales,corporate sales,entry-level / student,Pune,15000,15000,MBA
2025WSHP8117,Social Media & Fashion Content Creation,marketing,entry-level / student,Mumbai,10000,12000,Any
2025WSHP8118,UX/UI Design,frontend development,entry-level / student,Remote,10000,10000,Any
2025WSHP8119,Content Writer ( Full Time ),content writer ( full time ),entry-level / student,Remote,14000,16000,Any
2025WSHP8120,Sales and Marketing,marketing,entry-level / student,Remote,5000,10000,Any
2025WSHP8121,Marketing,marketing,entry-level / student,Remote,10000,25000,MBA
2025WSHP8122,Digital Marketing,marketing,entry-level / student,Remote,3000,3000,Any
2025WSHP8123,Management Trainee,machine learning / ai,entry-level / student,Ulhasnagar,12000,15000,Any
2025WSHP8124,Search Engine Optimization (SEO),marketing,entry-level / student,Remote,1000,1000,Any
2025WSHP8125,Business Development (Sales),business development (sales),entry-level / student,Remote,10000,10000,Any
2025WSHP8126,FinTech & Data Analytics,fintech & data analytics,entry-level / student,Chennai,10000,15000,Any
2025WSHP8127,Graphic Design,design,entry-level / student,Bangalore,10000,10000,Any
2025WSHP8128,Client Servicing,client servicing,entry-level / student,Thane,15500,16500,Any
2025WSHP8129,Business Development (Sales),business development (sales),entry-level / student,Mumbai,10500,24000,Any
2025WSHP8130,Recruitment,frontend development,entry-level / student,Mumbai,8000,10000,Any
2025WSHP8131,Video Editing/Making,video editing/making,entry-level / student,Bangalore,10000,10000,Any
2025WSHP8132,Teaching,teaching,entry-level / student,Remote,6000,6000,Any
2025WSHP8133,Human Resources (HR),human resources (hr),entry-level / student,Gurgaon,8000,10000,Any
2025WSHP8134,sales,sales,entry-level / student,Pune,15000,15000,MBA
2025WSHP8135,Content and Social Media Marketing,marketing,entry-level / student,Chennai,20000,30000,Any
2025WSHP8136,Market Research & Business Development,market research & business development,entry-level / student,Remote,2500,2500,Any
2025WSHP8137,Data Science,data science / analytics,entry-level / student,Remote,1000,1200,Diploma
2025WSHP8138,CA Articleship,ca articleship,entry-level / student,Delhi,6000,10000,Any
2025WSHP8139,Video Editing/Making,video editing/making,entry-level / student,Delhi,8000,8000,Any
2025WSHP8140,Node.js Development,node.js development,entry-level / student,Remote,1000,1200,Diploma
2025WSHP8141,Business Development (Sales),business development (sales),entry-level / student,Dhule,5000,58000,MBA
2025WSHP8142,Nothing,nothing,entry-level / student,Not Available,0,0,Any
2025WSHP8143,Graphic Design,design,entry-level / student,Mumbai,8000,8000,Any
2025WSHP8144,Operations,operations,entry-level / student,Mumbai,5000,10000,Any
2025WSHP8145,Lead Generation,lead generation,senior / experienced,Delhi,8000,8000,Any
2025WSHP8146,Full Stack Development,full stack development,entry-level / student,Remote,15000,20000,Any
2025WSHP8147,Instagram Marketing,marketing,entry-level / student,Remote,0,0,Any
2025WSHP8148,Customer Service/Customer Support,customer service/customer support,entry-level / student,Remote,7500,8000,Any
2025WSHP8149,Sales & Outreach,sales & outreach,entry-level / student,Remote,7000,7000,Any
2025WSHP8150,Social Sector Operations,social sector operations,entry-level / student,Remote,1500,10000,Any
2025WSHP8151,Machine Learning,machine learning / ai,entry-level / student,Chennai,20000,30000,Any
2025WSHP8152,Sales and Marketing,marketing,entry-level / student,Hyderabad,15000,20000,Any
2025WSHP8153,Founders Office,founders office,entry-level / student,Bangalore,10000,15000,Any
2025WSHP8154,Equity Analyst,frontend development,entry-level / student,Kolkata,10000,15000,Any
2025WSHP8155,Recruitment,frontend development,entry-level / student,Jaipur,8000,18000,Any
2025WSHP8156,HR Consultant,hr consultant,entry-level / student,Mumbai,6000,15000,Any
2025WSHP8157,Business Development (Sales),business development (sales),entry-level / student,Bangalore,6000,8000,Any
2025WSHP8158,Content and Social Media Marketing,marketing,entry-level / student,Delhi,7000,15000,Any
2025WSHP8159,Business Development (Sales),business development (sales),entry-level / student,Gurgaon,6000,12000,MBA
2025WSHP8160,Search Engine Optimization (SEO),marketing,entry-level / student,Remote,3000,3000,Any
2025WSHP8161,Graphic Design,design,entry-level / student,Mumbai,5000,6000,Any
2025WSHP8162,Graphic Design,design,entry-level / student,Remote,4000,5000,Any
2025WSHP8163,Nothing,nothing,entry-level / student,Not Available,0,0,Any
2025WSHP8164,Marketing,marketing,entry-level / student,Chennai,20000,30000,Any
2025WSHP8165,International Business Development,international business development,entry-level / student,Remote,3000,5000,Any
2025WSHP8166,Business Development (Sales),business development (sales),entry-level / student,Remote,17000,17000,Any
2025WSHP8167,Project Management,project management,entry-level / student,Chennai,5000,10000,Any
2025WSHP8168,Service Engineer,service engineer,entry-level / student,Coimbatore,8000,12000,MBA
2025WSHP8169,Creative Design,design,entry-level / student,Mumbai,3000,5000,Any
2025WSHP8170,Business Development (Sales),business development (sales),entry-level / student,Remote,4000,4000,Any
2025WSHP8171,Content Writing,content writing,entry-level / student,Kolkata,3000,7000,Any
2025WSHP8172,Lead Generation,lead generation,senior / experienced,Noida,5000,12000,Any
2025WSHP8173,Google Ad Specialist,google ad specialist,entry-level / student,Mumbai,8000,10000,Any
2025WSHP8174,Business Development (Sales),business development (sales),entry-level / student,Mumbai,25000,35000,Any
2025WSHP8175,Fashion Designer (Handmade Bags & Lifestyle Products),design,entry-level / student,Mumbai,11000,18000,Any
2025WSHP8176,Accounting & Bookkeeping,accounting & bookkeeping,entry-level / student,Remote,0,0,Any
2025WSHP8177,Law/Legal,law/legal,entry-level / student,Delhi,7500,10000,Any
2025WSHP8178,Full Stack Development,full stack development,entry-level / student,Pune,7500,15000,Any
2025WSHP8179,AI/ML Developer,machine learning / ai,entry-level / student,Remote,15000,25000,Any
2025WSHP8180,Corporate Sales,corporate sales,entry-level / student,Bangalore,15000,15000,Any
2025WSHP8181,Video Editing/Making,video editing/making,entry-level / student,Gurgaon,10000,13000,Any
2025WSHP8182,Social Media & Operations,marketing,entry-level / student,Mumbai,10000,12000,Any
2025WSHP8183,Graphic Design,design,entry-level / student,Delhi,10000,15000,Any
2025WSHP8184,Video Editing/Making,video editing/making,entry-level / student,Remote,4500,5000,Any
2025WSHP8185,Search Engine Optimization (SEO),marketing,entry-level / student,Chennai,30000,40000,Any
2025WSHP8186,Recruitment,frontend development,entry-level / student,Noida,5000,5000,Any
2025WSHP8187,Telugu Audio Recording-Native Speakers (Female),telugu audio recording-native speakers (female),entry-level / student,Remote,1000,1500,Any
2025WSHP8188,Business Development Associate,business development associate,entry-level / student,Pune,25000,28000,Any
2025WSHP8189,Sales and Marketing,marketing,entry-level / student,Remote,20000,100000,B.Tech
2025WSHP8190,Nothing,nothing,entry-level / student,Not Available,0,0,Any
2025WSHP8191,Content and Social Media Marketing,marketing,entry-level / student,Mumbai,10001,15002,Any
2025WSHP8192,International Business Development,international business development,entry-level / student,Remote,2000,5000,B.Com
2025WSHP8193,Meme Marketer,meme marketer,entry-level / student,Remote,7000,7000,Any
2025WSHP8194,Social Media Marketing,marketing,entry-level / student,Remote,3000,5000,Any
2025WSHP8195,Event Management,event management,entry-level / student,Bangalore,10000,12000,Any
2025WSHP8196,Social Media,marketing,entry-level / student,Gurgaon,12000,15000,Any
2025WSHP8197,Interior Design,design,entry-level / student,Bangalore,16000,25000,Any
2025WSHP8198,Database Building/Management,frontend development,entry-level / student,Remote,2000,2001,Any
2025WSHP8199,Content and Social Media Marketing,marketing,entry-level / student,Delhi,10000,12000,Any
2025WSHP8200,Talent Acquisition,frontend development,entry-level / student,Delhi,5500,13000,Any
2025WSHP8201,Recruitment,frontend development,entry-level / student,Mumbai,7500,10000,Any
2025WSHP8202,Video Editing/Making,video editing/making,entry-level / student,Remote,0,0,Any
2025WSHP8203,sales,sales,entry-level / student,Kolkata,6000,15000,Any
2025WSHP8204,Event Management,event management,entry-level / student,Noida,15000,20000,Any
2025WSHP8205,Business Development (Sales),business development (sales),entry-level / student,Noida,10000,15000,Any
2025WSHP8206,Full Stack Development,full stack development,entry-level / student,Pune,15000,25000,Any
2025WSHP8207,Resource Mobilization,resource mobilization,entry-level / student,Bangalore,0,0,Any
2025WSHP8208,Social Media Manager,marketing,entry-level / student,Remote,0,0,Any
2025WSHP8209,English Telecallers,english telecallers,entry-level / student,Remote,5500,6000,Any
2025WSHP8210,Human Resources (HR),human resources (hr),entry-level / student,Delhi,10000,18000,Any
2025WSHP8211,Wordpress Instructor,wordpress instructor,entry-level / student,Hyderabad,2000,2500,Any
2025WSHP8212,Operations,operations,entry-level / student,Hyderabad,8000,12000,Any
2025WSHP8213,Social Media Marketing,marketing,entry-level / student,Remote,8000,8000,Any
2025WSHP8214,Video Editing/Making,video editing/making,entry-level / student,Remote,9000,9000,Any
2025WSHP8215,AWS Developer,aws developer,entry-level / student,Hyderabad,5000,10000,Any
2025WSHP8216,Project Management,project management,entry-level / student,Chennai,5000,10000,Any
2025WSHP8217,Marketing,marketing,entry-level / student,Bangalore,12000,15000,Any
2025WSHP8218,Nothing,nothing,entry-level / student,Not Available,0,0,Any
2025WSHP8219,General Management,general management,entry-level / student,Bangalore,15000,45000,Any
2025WSHP8220,Content Writing,content writing,entry-level / student,Remote,3000,5000,Any
2025WSHP8221,Content and Social Media Marketing,marketing,entry-level / student,Bangalore,15000,15000,Any
2025WSHP8222,Research & Insights,research & insights,entry-level / student,Chennai,7000,15000,Any
2025WSHP8223,Business Development (Sales),business development (sales),entry-level / student,Hyderabad,20000,40000,MBA
2025WSHP8224,Graphic Design And Video Editing,design,entry-level / student,Remote,8500,9000,MBA
2025WSHP8225,Share Trading,share trading,entry-level / student,Chennai,10000,20000,Any
2025WSHP8226,Event Management,event management,entry-level / student,Hyderabad,15000,18000,Any
2025WSHP8227,Animation,animation,entry-level / student,Chennai,30000,40000,Any
2025WSHP8228,Travel Consultant,travel consultant,entry-level / student,Gurgaon,8000,10000,Any
2025WSHP8229,Social Sector Marketing (SS),marketing,entry-level / student,Remote,1500,15000,Any
2025WSHP8230,Recruitment,frontend development,entry-level / student,Remote,0,0,Any
2025WSHP8231,Business Development-EdTech/AI Services,machine learning / ai,entry-level / student,Remote,8000,15000,Any
2025WSHP8232,Sports Coach,sports coach,entry-level / student,Mumbai,5500,10000,Any
2025WSHP8233,Digital Marketing,marketing,entry-level / student,Remote,45000,105000,MBA
2025WSHP8234,Kannada Audio Transcriptionist,kannada audio transcriptionist,entry-level / student,Remote,16000,27000,Any
2025WSHP8235,Talent Acquisition,frontend development,entry-level / student,Pune,13000,15000,Any
2025WSHP8236,𝗦𝗼𝗳𝘁𝘄𝗮𝗿𝗲 𝗗𝗲𝘃𝗲𝗹𝗼𝗽𝗲𝗿𝘀 & 𝗙𝘂𝗻𝗰𝘁𝗶𝗼𝗻𝗮𝗹 𝗧𝗲𝘀𝘁𝗲𝗿𝘀,𝗦𝗼𝗳𝘁𝘄𝗮𝗿𝗲 𝗗𝗲𝘃𝗲𝗹𝗼𝗽𝗲𝗿𝘀 & 𝗙𝘂𝗻𝗰𝘁𝗶𝗼𝗻𝗮𝗹 𝗧𝗲𝘀𝘁𝗲𝗿𝘀,entry-level / student,Remote,16000,17001,Any
2025WSHP8237,CA Articleship,ca articleship,entry-level / student,Mumbai,10000,15000,Any
2025WSHP8238,Full Stack Development,full stack development,entry-level / student,Bangalore,20000,30000,Any
2025WSHP8239,Construction Site Engineering,construction site engineering,entry-level / student,Chennai,30000,40000,Any
2025WSHP8240,Content and Social Media Marketing,marketing,entry-level / student,Remote,5000,10000,Any
2025WSHP8241,Field Sales,field sales,entry-level / student,Hyderabad,15000,30000,MBA
2025WSHP8242,Associate Consultant,associate consultant,entry-level / student,Gurgaon,20000,30000,Any
2025WSHP8243,"Online Faculty (Teaching) Piano, Keyboard And Guitar",frontend development,entry-level / student,Remote,6000,9000,Any
2025WSHP8244,Project Coordinator (Cloud Migration),project coordinator (cloud migration),entry-level / student,Chennai,20000,30000,Any
2025WSHP8245,Full Stack Developer (Male),full stack development,entry-level / student,Hyderabad,6000,6000,Any
2025WSHP8246,Marketing,marketing,entry-level / student,Remote,3000,3000,Any
2025WSHP8247,Business Development (Sales),business development (sales),entry-level / student,Remote,3000,5000,Any
2025WSHP8248,Marketing,marketing,entry-level / student,Mumbai,8999,9000,Any
2025WSHP8249,Business Development (Sales),business development (sales),entry-level / student,Mumbai,5000,10000,Any
2025WSHP8250,Graphic Designing And Video Editing,design,entry-level / student,Delhi,10000,15000,Any
2025WSHP8251,Community Influencing,community influencing,entry-level / student,Remote,1500,10000,Any
2025WSHP8252,Trainee - Client Experience,machine learning / ai,entry-level / student,Mumbai,11249,11250,Any
2025WSHP8253,PHP Development,php development,entry-level / student,Thane,12000,18000,MBA
2025WSHP8254,Digital Marketing,marketing,entry-level / student,Mumbai,10000,14000,Any
2025WSHP8255,Sales and Marketing,marketing,entry-level / student,Remote,10000,20000,Any
2025WSHP8256,Business Development (Sales),business development (sales),entry-level / student,Kolhapur,5000,6500,Any
2025WSHP8257,Digital Marketing,marketing,entry-level / student,Chennai,6000,8000,Any
2025WSHP8258,Visual Designer,design,entry-level / student,Delhi,9000,13000,Any
2025WSHP8259,Sales and Marketing,marketing,entry-level / student,Mumbai,7000,10000,Any
2025WSHP8260,Search Engine Optimization (SEO),marketing,entry-level / student,Thane,4000,5000,MBA
2025WSHP8261,Travel & Tourism,travel & tourism,entry-level / student,Gurgaon,16000,16000,Any
2025WSHP8262,Generative AI Video Editor,machine learning / ai,entry-level / student,Noida,10000,10000,Any
2025WSHP8263,Business Development (Sales),business development (sales),entry-level / student,Bangalore,15000,30000,Any
2025WSHP8264,Content and Social Media Marketing,marketing,entry-level / student,Remote,5000,5000,Any
2025WSHP8265,Content Writing,content writing,entry-level / student,Delhi,15000,20000,Any
2025WSHP8266,Learning and Development,learning and development,entry-level / student,Mumbai,5000,5000,Any
2025WSHP8267,Content Writing,content writing,entry-level / student,Pune,7000,8000,Any
2025WSHP8268,Sales and Marketing,marketing,entry-level / student,Delhi,6000,11500,Any
2025WSHP8269,Virtual Assitant,virtual assitant,entry-level / student,Remote,2000,2000,Any
2025WSHP8270,Data Entry - Fresher,data entry - fresher,entry-level / student,Remote,5000,15000,Any
2025WSHP8271,Influencer Marketing,marketing,entry-level / student,Mumbai,15000,20000,Any
2025WSHP8272,Android App Development,mobile development,entry-level / student,Chennai,20000,30000,Any
2025WSHP8273,Human Resources (HR),human resources (hr),entry-level / student,Gurgaon,10000,10000,Any
2025WSHP8274,Store Associate,store associate,entry-level / student,Faridabad,2000,2000,Any
2025WSHP8275,Business Development (Sales),business development (sales),entry-level / student,Remote,4000,6000,Any
2025WSHP8276,Python Development,python development,entry-level / student,Remote,1000,2000,Diploma
2025WSHP8277,Content and Social Media Marketing,marketing,entry-level / student,Delhi,9000,15000,Any
2025WSHP8278,Social Media Marketing,marketing,entry-level / student,Mumbai,8000,10000,Any
2025WSHP8279,Personal Assistant Manager,personal assistant manager,entry-level / student,Pune,10000,25000,Any
2025WSHP8280,Kotlin Developer,kotlin developer,entry-level / student,Gurgaon,15000,15000,B.Tech
2025WSHP8281,Online Tutor For Principals And Practice Of Management,online tutor for principals and practice of manage,senior / experienced,Remote,1000,8000,Any
2025WSHP8282,Human Resources (HR),human resources (hr),entry-level / student,Bangalore,14000,15000,Any
2025WSHP8283,Digital Marketing,marketing,entry-level / student,Mumbai,5000,7000,Any
2025WSHP8284,Lead Generation,lead generation,senior / experienced,Pune,8000,10000,MBA
2025WSHP8285,Facebook Ads,facebook ads,entry-level / student,Remote,8000,10000,Any
2025WSHP8286,UI/UX Design,frontend development,entry-level / student,Remote,3000,6000,Any
2025WSHP8287,Recruitment Consultant,frontend development,entry-level / student,Remote,8000,20000,Any
2025WSHP8288,Social Media Marketing,marketing,entry-level / student,Delhi,7000,10000,Any
2025WSHP8289,Chemistry,chemistry,entry-level / student,Thane,12000,15000,Any
2025WSHP8290,Python Development,python development,entry-level / student,Gurgaon,18000,25000,Any
2025WSHP8291,Full-Stack AI Compliance Engineer,machine learning / ai,entry-level / student,Remote,0,0,Any
2025WSHP8292,Artificial Intelligence (AI),machine learning / ai,entry-level / student,Pune,8000,15000,B.Tech
2025WSHP8293,Founders Office Intern - Content & Design,design,entry-level / student,Delhi,10000,10001,Any
2025WSHP8294,CAD Design,design,entry-level / student,Delhi,5000,8000,Any
2025WSHP8295,React Native Development,mobile development,entry-level / student,Faridabad,10000,12000,Any
2025WSHP8296,Human Resources (HR),human resources (hr),entry-level / student,Delhi,4000,20000,Any
2025WSHP8297,Business Development (Sales),business development (sales),entry-level / student,Delhi,15000,35000,Any
2025WSHP8298,Social Media Marketing,marketing,entry-level / student,Delhi,7000,7000,Any
2025WSHP8299,Business Development (Sales),business development (sales),entry-level / student,Remote,1000,3000,Any
2025WSHP8300,Video Editing/Making,video editing/making,entry-level / student,Remote,5000,5000,Any
2025WSHP8301,Video Editing/Making,video editing/making,entry-level / student,Delhi,3000,5000,Any
2025WSHP8302,Sales Trainee,machine learning / ai,entry-level / student,Bangalore,14000,57000,Diploma
2025WSHP8303,Full Stack Development,full stack development,entry-level / student,Delhi,10000,15000,Any
2025WSHP8304,Sales and Marketing,marketing,entry-level / student,Mumbai,4000,8000,Any
2025WSHP8305,Social Sector (Operations - Summer Internship),social sector (operations - summer internship),entry-level / student,Remote,1500,10000,Any
2025WSHP8306,Human Resources (HR),human resources (hr),entry-level / student,Noida,15000,15000,MBA
2025WSHP8307,Telecalling - Female,telecalling - female,entry-level / student,Remote,8000,8000,Any
2025WSHP8308,Digital Marketing,marketing,entry-level / student,Bangalore,15000,25000,Any
2025WSHP8309,UX/UI Design,frontend development,entry-level / student,Remote,7000,14000,Any
2025WSHP8310,Marketing,marketing,entry-level / student,Gurgaon,10000,10000,Any
2025WSHP8311,Architecture,architecture,senior / experienced,Remote,5000,5000,Any
2025WSHP8312,Content and Social Media Marketing,marketing,entry-level / student,Gurgaon,15000,15000,Any
2025WSHP8313,Finance,finance,entry-level / student,Mumbai,6000,10000,Any
2025WSHP8314,Ticket Inventory Management,ticket inventory management,entry-level / student,Mumbai,10000,15000,Any
2025WSHP8315,Product Marketing,marketing,entry-level / student,Chennai,3000,10000,Any
2025WSHP8316,Node.js Development,node.js development,entry-level / student,Chennai,20000,30000,Any
2025WSHP8317,3D Designer (Blender),design,entry-level / student,Delhi,10000,10000,MBA
2025WSHP8318,Sales and Marketing,marketing,entry-level / student,Pune,11000,20000,MBA
2025WSHP8319,Marathi Audio Recording-Native Speakers (Only Male),marathi audio recording-native speakers (only male,entry-level / student,Remote,1000,1500,Any
2025WSHP8320,Digital Marketing,marketing,entry-level / student,Coimbatore,8000,10000,Any
2025WSHP8321,Psychology Facilitator,psychology facilitator,entry-level / student,Mumbai,5000,15000,Any
2025WSHP8322,Social Media,marketing,entry-level / student,Mumbai,5000,7000,Any
2025WSHP8323,Marketing Management Internship,marketing,entry-level / student,Remote,2500,10000,Any
2025WSHP8324,International Business Development,international business development,entry-level / student,Remote,5000,8000,Any
2025WSHP8325,Social Media Manager,marketing,entry-level / student,Remote,5000,25000,Any
2025WSHP8326,Flutter Development,mobile development,entry-level / student,Remote,7000,13000,Any
2025WSHP8327,Artificial Intelligence (AI)  & Data Operations,machine learning / ai,entry-level / student,Bangalore,12000,18000,Any
2025WSHP8328,Operations,operations,entry-level / student,Mumbai,9000,10000,Any
2025WSHP8329,Cinematography,cinematography,entry-level / student,Bangalore,10000,10000,Any
2025WSHP8330,Law/Legal,law/legal,entry-level / student,Jaipur,5000,5000,Any
2025WSHP8331,Market Research,market research,entry-level / student,Noida,15000,25000,Any
2025WSHP8332,Full Stack Developer For Trading Platform Development,full stack development,entry-level / student,Remote,6000,10000,Any
2025WSHP8333,Customer Service/Customer Support,customer service/customer support,entry-level / student,Remote,12000,15000,Any
2025WSHP8334,Social Media Outreach,marketing,entry-level / student,Jaipur,8000,20000,Any
2025WSHP8335,Lead Generation,lead generation,senior / experienced,Delhi,10000,15000,Any
2025WSHP8336,Influencer Marketing,marketing,entry-level / student,Remote,4000,6000,Any
2025WSHP8337,Data Entry,data entry,entry-level / student,Gurgaon,10000,10000,Any
2025WSHP8338,Digital Marketing,marketing,entry-level / student,Mumbai,10000,12000,Any
2025WSHP8339,Law/Legal,law/legal,entry-level / student,Kolkata,3000,5000,Any
2025WSHP8340,Human Resources (HR),human resources (hr),entry-level / student,Hyderabad,5000,7000,Any
2025WSHP8341,Business Development (Sales),business development (sales),entry-level / student,Delhi,7000,22000,Any
2025WSHP8342,Human Resources (HR),human resources (hr),entry-level / student,Remote,2000,2000,Any
2025WSHP8343,Founder Office,founder office,entry-level / student,Delhi,4000,5000,Any
2025WSHP8344,Fashion Design,design,entry-level / student,Bangalore,8000,10000,Any
2025WSHP8345,Social Media Marketing,marketing,entry-level / student,Jaipur,2000,5000,Any
2025WSHP8346,Administration,administration,entry-level / student,Mumbai,7000,7500,Any
2025WSHP8347,Search Engine Optimization (SEO),marketing,entry-level / student,Indore,15000,18000,Any
2025WSHP8348,Embedded Systems,embedded systems,entry-level / student,Pune,5000,8000,Any
2025WSHP8349,Backend Development,backend development,entry-level / student,Remote,4000,6500,Any
2025WSHP8350,Crowdfunding,crowdfunding,entry-level / student,Remote,1500,10000,Any
2025WSHP8351,Video Editing/Making,video editing/making,entry-level / student,Remote,10000,10000,Any
2025WSHP8352,sales,sales,entry-level / student,Noida,15000,20000,Any
2025WSHP8353,Customer Service/Customer Support,customer service/customer support,entry-level / student,Remote,300000,500000,Any
2025WSHP8354,Mechanical & Civil Engineering,mechanical & civil engineering,entry-level / student,Pune,2000,2500,MBA
2025WSHP8355,Business Development (Sales),business development (sales),entry-level / student,Gurgaon,15000,20000,Any
2025WSHP8356,Content and Social Media Marketing,marketing,entry-level / student,Pune,7000,12000,Any
2025WSHP8357,Content Writing,content writing,entry-level / student,Jaipur,5000,6000,Any
2025WSHP8358,Executive Assistant – Lab & Documentation,executive assistant – lab & documentation,entry-level / student,Gurgaon,5000,12000,B.Sc
2025WSHP8359,Agentic AI,machine learning / ai,entry-level / student,Remote,0,0,Any
2025WSHP8360,Content Writing,content writing,entry-level / student,Noida,7000,10000,Any
2025WSHP8361,Business Development (Sales),business development (sales),entry-level / student,Remote,20000,200000,Any
2025WSHP8362,Mechanical Engineering,mechanical engineering,entry-level / student,Chennai,12500,15000,B.Tech
2025WSHP8363,Digital Marketing,marketing,entry-level / student,Mumbai,5000,15000,Any
2025WSHP8364,Digital Marketing,marketing,entry-level / student,Hyderabad,2000,2000,Any
2025WSHP8365,Social Media Marketing,marketing,entry-level / student,Delhi,5000,10000,Any
2025WSHP8366,Nothing,nothing,entry-level / student,Not Available,0,0,Any
2025WSHP8367,WordPress Development,wordpress development,entry-level / student,Remote,6500,6500,Any
2025WSHP8368,Content and Social Media Marketing,marketing,entry-level / student,Remote,3000,5000,Any
2025WSHP8369,Digital Marketing,marketing,entry-level / student,Noida,6000,10000,Any
2025WSHP8370,Sound Artist,sound artist,entry-level / student,Remote,15000,25000,Any
2025WSHP8371,CRM,crm,entry-level / student,Mumbai,10000,15000,Any
2025WSHP8372,UI/UX Design,frontend development,entry-level / student,Remote,7500,16000,Any
2025WSHP8373,Social Media & Content Research Executive,marketing,entry-level / student,Delhi,12000,14000,Any
2025WSHP8374,Front End Development,front end development,entry-level / student,Chennai,20000,30000,Any
2025WSHP8375,Machine Learning,machine learning / ai,entry-level / student,Remote,40000,60000,Any
2025WSHP8376,sales,sales,entry-level / student,Delhi,8000,15000,Any
2025WSHP8377,Design and Frontend Development (Graphic/UI-UX/Frontend Web),frontend development,entry-level / student,Remote,10000,12000,Any
2025WSHP8378,Design And Social Media,marketing,entry-level / student,Remote,1000,1000,Any
2025WSHP8379,Content and Social Media Marketing,marketing,entry-level / student,Remote,5000,12000,Any
2025WSHP8380,Business Development (Sales),business development (sales),entry-level / student,Mumbai,8000,10000,Any
2025WSHP8381,Full Stack Developer,full stack development,entry-level / student,Bangalore,25000,40000,Any
2025WSHP8382,Full Stack Developer (Ruby On Rails + AI Integration),full stack development,entry-level / student,Mumbai,10000,10000,Any
2025WSHP8383,Business Development (Sales),business development (sales),entry-level / student,Remote,10000,15000,Any
2025WSHP8384,Creative Design,design,entry-level / student,Remote,1000,1000,Any
2025WSHP8385,Logistics And Fulfilment Executive,logistics and fulfilment executive,entry-level / student,Bangalore,2500,4000,Any
2025WSHP8386,Sales and Marketing,marketing,entry-level / student,Remote,2000,13000,Any
2025WSHP8387,Software Development,software development,entry-level / student,Chennai,12500,15000,Any
2025WSHP8388,Sales and Marketing,marketing,entry-level / student,Kolkata,2000,5000,Any
2025WSHP8389,Graphic Design,design,entry-level / student,Remote,12000,18000,Any
2025WSHP8390,Content Writing,content writing,entry-level / student,Mumbai,3500,6500,Any
2025WSHP8391,Digital Marketing,marketing,entry-level / student,Remote,2000,21000,Any
2025WSHP8392,Business Research,business research,entry-level / student,Noida,10000,12000,Any
2025WSHP8393,Graphic Design,design,entry-level / student,Delhi,15000,18000,Any
2025WSHP8394,Recruitment Consultant,frontend development,entry-level / student,Remote,10000,10000,Any
2025WSHP8395,Content and Social Media Marketing,marketing,entry-level / student,Delhi,2000,5000,Any
2025WSHP8396,Telecalling,telecalling,entry-level / student,Remote,6000,13000,Any
2025WSHP8397,Social Media Marketing,marketing,entry-level / student,Remote,3000,4500,Any
2025WSHP8398,Social Media Marketing,marketing,entry-level / student,Delhi,5000,10000,Any
2025WSHP8399,Python Development,python development,entry-level / student,Remote,10000,150000,Any
2025WSHP8400,Human Resources (HR),human resources (hr),entry-level / student,Jaipur,5000,10000,Any
2025WSHP8401,Backend Development,backend development,entry-level / student,Remote,1000,1000,Any
2025WSHP8402,Quality Analyst,quality analyst,entry-level / student,Bangalore,5000,10000,Any
2025WSHP8403,Video Editing/Making,video editing/making,entry-level / student,Remote,7000,12000,Any
2025WSHP8404,Human Resources (HR),human resources (hr),entry-level / student,Pune,10000,13000,Any
2025WSHP8405,Social Media Marketing,marketing,entry-level / student,Chennai,20000,30000,Any
2025WSHP8406,Graphic Design,design,entry-level / student,Ghaziabad,7000,10000,Any
2025WSHP8407,Photography,photography,entry-level / student,Gurgaon,5000,10000,Any
2025WSHP8408,UI/UX Design,frontend development,entry-level / student,Pune,5000,10000,Any
2025WSHP8409,Social Media Marketing,marketing,entry-level / student,Gurgaon,10000,15000,Any
2025WSHP8410,Business Development (Sales),business development (sales),entry-level / student,Remote,8000,37000,Any
2025WSHP8411,Motion Graphics,design,entry-level / student,Bangalore,12000,12000,Any
2025WSHP8412,Law/Legal,law/legal,entry-level / student,Gurgaon,5000,5000,Any
2025WSHP8413,Digital Marketing,marketing,entry-level / student,Chennai,18000,30000,Any
2025WSHP8414,Financial Technical Analysis (Intraday Trading),financial technical analysis (intraday trading),entry-level / student,Remote,22000,22000,Any
2025WSHP8415,Influencer Marketing,marketing,entry-level / student,Remote,4000,6000,Any
2025WSHP8416,Law/Legal,law/legal,entry-level / student,Mumbai,8000,8000,Any
2025WSHP8417,Human Resources (HR),human resources (hr),entry-level / student,Mumbai,10000,15000,Any
2025WSHP8418,Event Management,event management,entry-level / student,Chennai,20000,30000,Any
2025WSHP8419,Subject Matter Expert (Finance),subject matter expert (finance),entry-level / student,Remote,9000,12000,Any
2025WSHP8420,Founders Office,founders office,entry-level / student,Remote,8000,20000,Any
2025WSHP8421,Growth Partnerships,growth partnerships,entry-level / student,Remote,6000,15000,Any
2025WSHP8422,E-Commerce Admin,e-commerce admin,entry-level / student,Remote,1000,3000,Any
2025WSHP8423,Human Resources (HR),human resources (hr),entry-level / student,Remote,4000,8000,Any
2025WSHP8424,sales,sales,entry-level / student,Chennai,10000,10000,Any
2025WSHP8425,Business Development (Sales),business development (sales),entry-level / student,Remote,10000,32000,MBA
2025WSHP8426,Digital Marketing,marketing,entry-level / student,Chennai,10000,10000,MBA
2025WSHP8427,Marketing,marketing,entry-level / student,Mumbai,8000,10000,Any
2025WSHP8428,Video Editor,video editor,entry-level / student,Bangalore,10000,15000,Any
2025WSHP8429,Human Resources (HR),human resources (hr),entry-level / student,Pune,6000,8000,Any
2025WSHP8430,Community Development,community development,entry-level / student,Remote,5000,5000,Any
2025WSHP8431,"Social Media, Content/ Graphic Design And Research",marketing,entry-level / student,Remote,1000,1500,Any
2025WSHP8432,Video Editing/Making,video editing/making,entry-level / student,Kolkata,8000,10000,Any
2025WSHP8433,Experience Partners (Sales),experience partners (sales),entry-level / student,Pune,10000,20000,MBA
2025WSHP8434,Graphic/Video Editor,design,entry-level / student,Noida,3000,15000,Any
2025WSHP8435,Content and Social Media Marketing,marketing,entry-level / student,Remote,5000,5000,Any
2025WSHP8436,Video Editing/Making,video editing/making,entry-level / student,Mumbai,5000,10000,Any
2025WSHP8437,Digital Marketing,marketing,entry-level / student,Gurgaon,8000,10000,Any
2025WSHP8438,Accounting & Bookkeeping,accounting & bookkeeping,entry-level / student,Faridabad,12000,13000,Any
2025WSHP8439,Web Development,web development,entry-level / student,Remote,2000,5000,Any
2025WSHP8440,Collection Associates,collection associates,entry-level / student,Bangalore,11500,11500,Any
2025WSHP8441,Sales,sales,entry-level / student,Remote,5000,15000,Any
2025WSHP8442,Marketing,marketing,entry-level / student,Pune,10000,15000,Any
2025WSHP8443,Sales Counselors,sales counselors,entry-level / student,Remote,2500,20500,Any
2025WSHP8444,Graphic Design & Social Media Marketing,marketing,entry-level / student,Remote,6000,7000,Diploma
2025WSHP8445,Business Development (Sales),business development (sales),entry-level / student,Delhi,27000,35000,Any
2025WSHP8446,Video Editing/Making,video editing/making,entry-level / student,Remote,20000,40000,Any
2025WSHP8447,Search Engine Optimization (SEO),marketing,entry-level / student,Remote,2000,3000,Any
2025WSHP8448,Business Development (Sales),business development (sales),entry-level / student,Pune,11500,17500,MBA
2025WSHP8449,Search Engine Optimization (SEO),marketing,entry-level / student,Kolkata,6000,8500,Any
2025WSHP8450,Business Development,business development,entry-level / student,Jaipur,8000,12000,Any
2025WSHP8451,Human Resources (HR),human resources (hr),entry-level / student,Gurgaon,10000,15000,Any
2025WSHP8452,Marketing,marketing,entry-level / student,Gurgaon,10000,18000,Any
2025WSHP8453,Video Editing/Making,video editing/making,entry-level / student,Remote,4000,4000,Any
2025WSHP8454,Video Editing/Making,video editing/making,entry-level / student,Delhi,10000,15000,Any
2025WSHP8455,Civil Engineering,civil engineering,entry-level / student,Chennai,20000,35000,Any
2025WSHP8456,Social Media Marketing,marketing,entry-level / student,Delhi,15000,15000,Any
2025WSHP8457,AI Graphic Designer,machine learning / ai,entry-level / student,Faridabad,312000,365000,Any
2025WSHP8458,Technical Writer,technical writer,entry-level / student,Bangalore,20000,20000,Any
2025WSHP8459,Interior Design,design,entry-level / student,West,6000,10000,Any
2025WSHP8460,Talent Acquisition,frontend development,entry-level / student,Gurgaon,10000,15000,Any
2025WSHP8461,Full Stack Development,full stack development,entry-level / student,Remote,5000,10000,Any
2025WSHP8462,Anchor/Model/Presenter (Social Media Marketing Videos),marketing,entry-level / student,Noida,8000,12000,Any
2025WSHP8463,Sales,sales,entry-level / student,Remote,10000,10000,Any
2025WSHP8464,Manufacturing Engineering,manufacturing engineering,entry-level / student,Chennai,30000,40000,Any
2025WSHP8465,Nothing,nothing,entry-level / student,Not Available,0,0,Any
2025WSHP8466,AWS DevOps Engineer,devops / infrastructure,entry-level / student,Chennai,20000,25000,Any
2025WSHP8467,Sales and Marketing,marketing,entry-level / student,Remote,30000,50000,Any
2025WSHP8468,Accounts,accounts,entry-level / student,Mumbai,7000,8000,Any
2025WSHP8469,Search Engine Optimization (SEO),marketing,entry-level / student,Thane,3000,3000,MBA
2025WSHP8470,Full Stack Development,full stack development,entry-level / student,Noida,9999,10000,Any
2025WSHP8471,Video Editing/Making,video editing/making,entry-level / student,Remote,6000,12000,Any
2025WSHP8472,Content and Social Media Marketing,marketing,entry-level / student,Bangalore,9000,15000,Any
2025WSHP8473,Journalism (Hindi),journalism (hindi),entry-level / student,Delhi,10000,10000,Any
2025WSHP8474,Video Editing/Making,video editing/making,entry-level / student,Remote,6000,30000,Any
2025WSHP8475,Human Resources (HR),human resources (hr),entry-level / student,Pune,10000,10001,Any
2025WSHP8476,Client Acquisition,frontend development,entry-level / student,Thane,10000,12000,MBA
2025WSHP8477,Human Resources (HR),human resources (hr),entry-level / student,Bangalore,8000,10000,Any
2025WSHP8478,Technical Content Writing,technical content writing,entry-level / student,Remote,3000,7000,Any
2025WSHP8479,Telecalling,telecalling,entry-level / student,Pune,9000,14000,Any
2025WSHP8480,Video Editing/Making,video editing/making,entry-level / student,Mumbai,10000,12000,Any
2025WSHP8481,Telecalling,telecalling,entry-level / student,Pune,8000,12000,Any
2025WSHP8482,Machine Learning,machine learning / ai,entry-level / student,Chennai,20000,30000,Any
2025WSHP8483,Sales Consultant,sales consultant,entry-level / student,Remote,8000,10000,Any
